Origin,Dest,flight_count,cancelled_count,cancellation_rate,avg_distance,avg_air_time,avg_dep_delay,avg_arr_delay
ABE,ATL,62,0,0.0,1113.6633,99.0645,2.2581,7.6935
ABE,CLT,31,0,0.0,774.0925,72.4839,-0.0323,4.3871
ABE,DTW,50,1,0.02,682.3602,70.2449,-3.0612,-5.7755
ABE,MCO,62,0,0.0,1458.062,124.5968,2.1613,-1.7097
ABE,MDT,31,0,0.0,123.9192,20.0645,-1.5806,-6.3548
ABE,ORD,124,9,0.0726,1052.5084,99.7652,18.3217,16.3043
ABE,PIT,124,3,0.0242,407.163,48.3554,5.0826,5.2231
ABI,DFW,209,2,0.0096,254.2757,41.8937,0.6135,0.3043
ABQ,AMA,62,0,0.0,445.7872,43.4839,8.7419,5.3871
ABQ,ATL,92,1,0.0109,2042.2525,158.978,7.1978,7.9011
ABQ,BWI,31,0,0.0,2687.5978,204.9677,5.4839,-10.5161
ABQ,CVG,61,1,0.0164,1995.5816,152.3833,13.75,13.35
ABQ,DAL,213,0,0.0,933.4172,82.1509,11.5962,9.2311
ABQ,DEN,217,5,0.023,561.6597,54.7204,9.5613,8.3128
ABQ,DFW,217,4,0.0184,915.7145,79.1651,5.1033,5.4057
ABQ,ELP,116,0,0.0,358.8828,37.431,6.931,4.0
ABQ,EWR,4,0,0.0,2904.8587,225.25,16.0,22.75
ABQ,HOU,62,0,0.0,1221.4891,104.0806,13.9839,9.1129
ABQ,IAH,155,0,0.0,1197.349,105.0581,2.5806,-0.0323
ABQ,LAS,186,1,0.0054,783.7486,69.8054,7.8054,5.8595
ABQ,LAX,213,1,0.0047,1089.5232,93.6651,9.1745,1.9811
ABQ,LBB,62,0,0.0,465.0993,43.1774,8.8387,4.5484
ABQ,MAF,31,0,0.0,534.3009,47.8065,13.129,11.3871
ABQ,MCI,93,0,0.0,1155.5061,95.8478,11.9892,9.4457
ABQ,MCO,62,0,0.0,2497.6957,193.5645,2.9839,-11.7258
ABQ,MDW,27,0,0.0,1804.0701,139.0741,-0.2222,-13.7407
ABQ,MSP,62,0,0.0,1578.7625,132.2419,2.2258,-0.5968
ABQ,OAK,62,0,0.0,1430.7033,122.3387,17.5,12.6452
ABQ,ORD,62,1,0.0161,1799.2421,143.8689,3.8033,7.1148
ABQ,PDX,31,0,0.0,1787.9767,146.0968,0.4516,-18.2581
ABQ,PHX,596,6,0.0101,527.8635,57.0847,7.5525,4.7407
ABQ,SAN,124,0,0.0,1010.6655,86.5081,10.0403,2.7823
ABQ,SEA,31,0,0.0,1899.0212,163.5333,17.7097,15.2
ABQ,SFO,4,0,0.0,1441.9686,122.75,15.25,-0.5
ABQ,SLC,62,0,0.0,793.4046,72.6774,7.8871,2.0968
ABQ,STL,217,2,0.0092,1503.1236,122.493,3.1814,2.5814
ABQ,TPA,31,0,0.0,2409.182,187.3226,12.6129,2.3548
ABQ,TUS,89,0,0.0,516.5981,49.5568,9.0337,6.0795
ACT,DFW,240,5,0.0208,143.2313,30.9149,3.9234,3.2681
ADQ,ANC,62,4,0.0645,405.5537,42.2414,11.5517,14.4138
AKN,ANC,45,3,0.0667,465.0993,44.6429,7.6667,8.7381
ALB,ATL,92,0,0.0,1371.1577,122.2418,7.3804,4.3077
ALB,BDL,1,0,0.0,128.7472,23.0,20.0,28.0
ALB,BOS,89,10,0.1124,233.3543,37.8987,12.2532,7.5696
ALB,BWI,209,0,0.0,463.4899,55.2596,16.7033,14.2837
ALB,CLT,62,0,0.0,1039.6336,103.3548,11.2258,17.1935
ALB,CVG,60,0,0.0,1002.6188,95.5167,10.1667,11.2167
ALB,DCA,93,4,0.043,511.7701,60.9773,4.0,6.9545
ALB,DTW,151,0,0.0,785.3579,77.56,4.7616,1.3467
ALB,JFK,123,1,0.0081,233.3543,43.0082,13.041,10.8033
ALB,LAS,31,0,0.0,3600.0936,286.7419,11.9032,-1.7419
ALB,MCO,93,0,0.0,1726.8218,148.9247,5.4624,-4.2043
ALB,ORD,217,6,0.0276,1163.5528,109.976,8.0427,6.2885
ALB,PHL,155,2,0.0129,341.1801,52.6733,9.915,12.8
ALB,PIT,124,1,0.0081,590.6278,61.6504,10.4553,11.5285
AMA,ABQ,62,0,0.0,445.7872,42.9194,8.7581,6.3387
AMA,DAL,232,5,0.0216,521.4262,51.022,5.9031,4.4097
AMA,DFW,186,4,0.0215,503.7234,60.3462,1.7967,0.967
AMA,LAS,31,0,0.0,1219.8797,101.0645,0.0,-3.3871
ANC,ADQ,62,2,0.0323,405.5537,42.1,8.9667,10.6
ANC,AKN,45,3,0.0667,465.0993,46.3171,9.4524,8.5122
ANC,ATL,31,0,0.0,5499.1148,387.5161,0.7097,-3.0323
ANC,BET,93,5,0.0538,642.1267,60.6591,9.0227,9.0114
ANC,CDV,31,0,0.0,257.4944,32.1935,19.4839,19.8387
ANC,DEN,31,0,0.0,3872.072,281.6452,0.4194,4.6129
ANC,DLG,44,6,0.1364,529.4729,50.4865,15.1053,13.7297
ANC,DTW,35,0,0.0,4805.4892,343.5588,0.9143,-2.1765
ANC,DUT,62,2,0.0323,1274.5973,107.75,13.2833,7.1333
ANC,EWR,31,0,0.0,5423.4758,377.5161,12.7742,11.4194
ANC,FAI,368,1,0.0027,420.0377,41.4823,5.5749,6.2425
ANC,IAH,31,0,0.0,5256.1044,377.2581,57.4516,65.2903
ANC,JNU,124,1,0.0081,918.9331,82.1707,10.4959,13.8293
ANC,LAX,62,1,0.0161,3773.9023,293.2459,7.918,8.3115
ANC,MSP,155,0,0.0,4052.3181,292.6405,15.8452,11.6536
ANC,OME,31,5,0.1613,867.4343,78.6154,14.1154,15.4231
ANC,ORD,93,0,0.0,4580.1816,331.4409,7.3226,8.4194
ANC,OTZ,93,7,0.0753,883.5277,78.6235,11.0116,12.3765
ANC,PDX,93,1,0.0108,2481.6023,199.2391,10.5,17.2609
ANC,PHX,31,1,0.0323,4105.4263,305.0333,4.0,5.3667
ANC,SCC,31,1,0.0323,1007.4468,87.8,2.1333,4.3
ANC,SEA,744,30,0.0403,2331.9337,187.2261,7.5308,16.1025
ANC,SFO,62,0,0.0,3247.6481,264.871,5.6613,11.6613
ANC,SLC,93,0,0.0,3419.8475,251.5806,1.1935,2.2366
ANC,STL,36,0,0.0,4725.0222,340.8889,-1.0556,-0.6111
ATL,ABE,62,0,0.0,1113.6633,95.6774,8.1935,8.6613
ATL,ABQ,92,0,0.0,2042.2525,159.0761,18.0761,20.0435
ATL,ALB,93,0,0.0,1371.1577,109.2366,15.1935,13.4516
ATL,ANC,31,0,0.0,5499.1148,414.129,23.129,9.8387
ATL,AUS,182,6,0.033,1308.3934,106.5,8.1534,4.1705
ATL,BDL,186,2,0.0108,1382.4231,116.3333,9.1033,7.4262
ATL,BHM,275,1,0.0036,215.6516,27.854,7.5328,8.6058
ATL,BNA,279,12,0.043,344.3988,37.9326,9.1648,8.2022
ATL,BOS,461,23,0.0499,1522.4356,128.1172,13.8333,16.2368
ATL,BTR,93,0,0.0,722.5937,62.2935,12.7097,11.6957
ATL,BUF,123,0,0.0,1145.8501,92.5041,16.9431,19.2358
ATL,BWI,432,6,0.0139,926.9798,83.2033,10.5563,10.2175
ATL,CAE,217,14,0.0645,307.3839,33.202,6.4581,4.9261
ATL,CHS,277,19,0.0686,416.8191,40.345,7.6357,4.9264
ATL,CLE,178,2,0.0112,891.5744,78.9716,7.2273,8.8068
ATL,CLT,488,21,0.043,365.3202,42.6081,6.1349,5.5482
ATL,CMH,247,10,0.0405,717.7656,65.6878,7.3671,7.0253
ATL,COS,62,1,0.0161,1907.0679,148.7213,11.3279,9.9344
ATL,CVG,340,12,0.0353,600.2838,60.3865,9.5701,8.2699
ATL,DAB,124,0,0.0,589.0184,53.4435,12.0081,13.1855
ATL,DAY,155,0,0.0,695.2349,63.2323,10.7161,10.8839
ATL,DCA,541,64,0.1183,880.309,80.0485,6.3166,8.1709
ATL,DEN,403,10,0.0248,1929.5987,155.2199,6.7659,1.2737
ATL,DFW,793,34,0.0429,1178.0369,102.0489,10.2464,7.4861
ATL,DTW,515,13,0.0252,955.948,87.9402,7.4143,6.259
ATL,ELP,31,0,0.0,2063.1739,158.2258,6.1613,5.5806
ATL,EWR,736,40,0.0543,1198.9583,110.6729,14.8879,14.314
ATL,FLL,310,0,0.0,935.0265,80.3065,9.9677,4.6419
ATL,GSO,279,8,0.0287,492.458,50.6015,8.2804,7.6347
ATL,GSP,178,12,0.0674,246.229,29.8494,7.5843,6.7108
ATL,HOU,155,2,0.0129,1120.1006,96.9803,7.3464,9.2632
ATL,HSV,248,10,0.0403,243.0103,29.0672,9.8235,9.6765
ATL,IAD,434,16,0.0369,857.7782,79.0432,10.4019,8.5588
ATL,IAH,453,7,0.0155,1108.8353,94.8315,10.2063,6.9393
ATL,IND,186,4,0.0215,695.2349,63.3132,6.533,6.4615
ATL,JAN,154,0,0.0,548.7849,50.2792,15.6104,16.8506
ATL,JAX,341,5,0.0147,434.5218,43.2649,11.9315,12.2827
ATL,JFK,93,1,0.0108,1223.0984,105.163,25.9457,38.7283
ATL,LAS,186,0,0.0,2811.517,214.172,11.9892,9.2688
ATL,LAX,341,3,0.0088,3131.7756,233.0059,14.5355,6.7515
ATL,LEX,93,3,0.0323,487.63,46.9333,7.9556,7.3333
ATL,LGA,668,42,0.0629,1224.7077,108.2694,15.3419,22.2194
ATL,LIT,155,1,0.0065,729.031,63.9412,8.7273,8.4248
ATL,MCI,279,10,0.0358,1113.6633,96.1199,9.2602,3.9101
ATL,MCO,419,2,0.0048,648.564,58.0671,12.0767,8.2878
ATL,MDT,62,1,0.0161,996.1815,85.4098,8.5082,7.6066
ATL,MEM,465,8,0.0172,534.3009,52.8053,7.6652,7.7221
ATL,MHT,62,0,0.0,1532.0917,122.0968,15.7903,6.9032
ATL,MIA,531,11,0.0207,957.5573,82.5942,10.1519,4.9423
ATL,MKE,93,0,0.0,1076.6485,92.8172,10.1613,7.6237
ATL,MLB,124,0,0.0,712.9376,63.0726,12.8226,12.5806
ATL,MLU,31,1,0.0323,720.9843,62.4,5.2,5.0333
ATL,MOB,216,16,0.0741,486.0207,47.06,7.75,9.02
ATL,MSP,398,3,0.0075,1458.062,128.8776,7.2506,3.3163
ATL,MSY,310,8,0.0258,683.9695,63.598,9.5265,8.2159
ATL,OAK,62,2,0.0323,3427.8942,262.45,10.2,11.9167
ATL,OKC,93,0,0.0,1224.7077,98.043,9.4194,8.7849
ATL,OMA,62,0,0.0,1321.2681,109.7258,9.4032,-0.6452
ATL,ONT,62,1,0.0161,3057.746,228.8197,17.459,9.5574
ATL,ORD,851,52,0.0611,975.26,92.6327,12.6258,13.1874
ATL,ORF,276,1,0.0036,830.4194,72.2344,9.6836,8.2564
ATL,PBI,248,1,0.004,877.0903,74.9636,9.0364,5.0769
ATL,PDX,62,0,0.0,3495.4865,272.8226,8.4677,0.7581
ATL,PHL,608,35,0.0576,1070.2111,98.9581,13.7504,16.5428
ATL,PHX,341,17,0.0499,2554.0226,201.6687,15.1821,11.2508
ATL,PIT,336,1,0.003,846.5128,76.8234,9.3821,9.7246
ATL,PNS,217,6,0.0276,437.7405,44.0142,10.2559,8.4455
ATL,PVD,124,0,0.0,1453.234,117.621,11.3871,12.0403
ATL,PWM,62,0,0.0,1652.7922,130.1613,7.6129,5.7742
ATL,RDU,308,5,0.0162,572.925,56.8416,9.5479,8.2508
ATL,RIC,279,9,0.0323,774.0925,68.75,5.9333,6.3619
ATL,ROC,93,1,0.0108,1205.3957,97.6484,14.413,11.1429
ATL,RSW,248,1,0.004,828.8101,71.0,12.8866,9.3846
ATL,SAN,124,1,0.0081,3043.2619,231.082,13.1707,8.6639
ATL,SAT,216,2,0.0093,1406.5632,113.0327,7.8178,4.4907
ATL,SAV,310,13,0.0419,346.0081,36.3098,7.7205,6.6195
ATL,SDF,217,5,0.023,516.5981,51.6745,11.8208,10.3679
ATL,SEA,155,0,0.0,3511.5799,280.4581,12.3742,9.9677
ATL,SFO,246,16,0.065,3442.3783,264.7642,10.3957,7.3537
ATL,SHV,93,5,0.0538,888.3557,76.6705,15.125,17.1591
ATL,SJC,123,5,0.0407,3405.3634,264.5508,11.3136,6.7458
ATL,SJU,136,7,0.0515,2489.649,189.2812,10.3488,7.1875
ATL,SLC,279,5,0.0179,2557.2413,199.3919,9.3102,3.9304
ATL,SMF,93,0,0.0,3366.7393,257.914,5.5806,-3.8495
ATL,SNA,93,8,0.086,3088.3235,236.8353,6.7412,5.6824
ATL,SRQ,186,0,0.0,716.1563,62.4216,5.0699,3.9297
ATL,STL,425,14,0.0329,777.3112,76.1046,3.4988,1.9586
ATL,STT,31,0,0.0,2573.3347,194.9,2.7419,0.6
ATL,SYR,62,0,0.0,1276.2066,101.5323,14.3226,11.7581
ATL,TLH,124,3,0.0242,358.8828,36.5702,11.5207,12.4215
ATL,TPA,378,2,0.0053,653.392,58.4043,11.758,7.7394
ATL,TUL,124,0,0.0,1084.6952,89.8293,10.4032,9.439
ATL,TYS,217,2,0.0092,244.6197,28.6233,13.5023,11.1302
AUS,ATL,186,8,0.043,1308.3934,110.6011,4.1966,-1.6348
AUS,BNA,62,0,0.0,1216.661,103.8065,2.8387,-1.371
AUS,BOS,27,0,0.0,2732.6593,215.3333,14.0,8.8519
AUS,BWI,31,0,0.0,2159.7343,177.8966,7.0,1.6207
AUS,CVG,62,2,0.0323,1541.7477,131.1356,8.65,-2.0678
AUS,DAL,394,7,0.0178,304.1653,39.0233,7.5556,4.8682
AUS,DEN,93,1,0.0108,1247.2385,106.1429,6.7065,7.6593
AUS,DFW,495,9,0.0182,305.7746,39.3724,5.4177,4.037
AUS,ELP,124,1,0.0081,849.7315,71.0732,5.8537,2.6992
AUS,EWR,81,4,0.0494,2420.4474,206.8961,12.9221,14.0909
AUS,HOU,402,7,0.0174,238.1823,31.0789,4.4861,2.2621
AUS,HRL,31,0,0.0,439.3498,44.871,7.1613,6.7097
AUS,IAD,31,0,0.0,2087.314,175.5484,13.8387,11.5806
AUS,IAH,321,4,0.0125,225.3076,34.836,7.3502,4.8517
AUS,LAS,89,0,0.0,1754.1806,144.5506,4.4157,1.1011
AUS,LAX,116,0,0.0,1998.8003,156.5948,6.5259,4.5517
AUS,LBB,62,0,0.0,548.7849,50.5968,6.7258,5.7419
AUS,MAF,58,0,0.0,473.146,43.9138,8.5517,5.4483
AUS,MCO,31,0,0.0,1598.0746,134.5484,18.1613,13.5484
AUS,MEM,93,0,0.0,899.6211,84.4731,-0.8065,0.6989
AUS,MSP,93,2,0.0215,1676.9323,143.6667,-3.1429,-3.0889
AUS,ORD,248,6,0.0242,1573.9345,133.6234,8.9959,6.5397
AUS,PHX,275,3,0.0109,1403.3445,118.4926,6.4632,6.4669
AUS,RDU,62,0,0.0,1870.0531,151.4839,10.6129,3.0
AUS,SAN,62,0,0.0,1873.2718,147.629,6.2742,0.0968
AUS,SFO,31,0,0.0,2420.4474,199.2903,24.0323,14.1613
AUS,SJC,116,3,0.0259,2375.3858,187.0265,3.708,7.9912
AUS,SLC,31,4,0.129,1746.1339,146.0,2.7407,2.1481
AUS,STL,124,0,0.0,1161.9435,105.4597,-0.8306,-4.6613
AUS,TPA,31,0,0.0,1493.4675,124.5484,6.3226,-2.3548
AVL,CLT,155,2,0.0129,148.0593,23.9739,0.7843,4.0784
AVP,PHL,31,0,0.0,168.9807,27.0645,0.129,-4.7742
AVP,PIT,93,1,0.0108,391.0696,46.8804,12.4457,14.7826
AZO,DTW,27,1,0.037,181.8554,31.8462,-1.8077,1.6923
AZO,MSP,31,0,0.0,685.5788,69.8387,-1.6452,-0.9032
AZO,ORD,151,12,0.0795,196.3395,29.8633,10.2302,5.5683
BDL,ATL,186,2,0.0108,1382.4231,119.7432,9.2989,9.9399
BDL,BNA,62,0,0.0,1371.1577,117.7581,10.9032,0.8548
BDL,BOS,1,0,0.0,146.4499,28.0,-20.0,-4.0
BDL,BWI,365,4,0.011,455.4432,50.883,14.7729,12.9833
BDL,CLE,49,0,0.0,764.4365,77.8163,2.6939,-4.8776
BDL,CLT,124,1,0.0081,1036.415,95.7642,10.5528,15.4146
BDL,CVG,124,0,0.0,1063.7737,97.371,9.6694,7.0484
BDL,DCA,120,6,0.05,503.7234,63.1858,2.807,5.0
BDL,DEN,31,0,0.0,2689.2071,220.4516,13.7097,5.2581
BDL,DFW,124,1,0.0081,2367.3391,193.9675,12.0732,9.1057
BDL,DTW,147,0,0.0,881.9183,86.9864,-0.7823,-3.7075
BDL,EWR,5,0,0.0,186.6834,32.8,51.2,55.2
BDL,FLL,111,0,0.0,1887.7558,164.1802,15.4505,11.1441
BDL,IAD,124,3,0.0242,524.6448,55.3884,22.6942,17.8017
BDL,IAH,31,0,0.0,2425.2754,194.7742,-2.129,-8.4194
BDL,JFK,124,14,0.1129,170.59,36.1455,14.2909,12.6273
BDL,LAS,35,0,0.0,3698.2633,293.0,12.8571,-1.1143
BDL,LAX,31,0,0.0,4066.8022,317.5484,4.9355,-3.7742
BDL,LGA,1,0,0.0,162.5433,28.0,29.0,55.0
BDL,MCO,223,1,0.0045,1689.807,144.2752,6.3964,1.7936
BDL,MDW,62,0,0.0,1250.4572,116.3065,9.8226,1.6935
BDL,MIA,31,0,0.0,1921.552,155.6774,0.8065,-1.0645
BDL,MSP,120,3,0.025,1689.807,148.3017,16.5983,10.1379
BDL,ORD,337,3,0.0089,1260.1132,118.6355,17.994,15.9548
BDL,PBI,108,1,0.0093,1823.3822,156.2056,19.1869,15.2991
BDL,PHL,182,3,0.0165,315.4306,52.4689,15.0838,17.4746
BDL,PHX,31,0,0.0,3561.4694,281.8065,6.2903,0.0
BDL,PIT,155,1,0.0065,653.392,65.8506,9.5,8.4286
BDL,SFO,31,1,0.0323,4224.5175,334.2667,6.1667,-11.4667
BDL,SJU,62,0,0.0,2681.1604,207.8226,-0.6774,-18.1129
BDL,STL,124,1,0.0081,1540.1384,139.0082,0.5772,-0.5574
BDL,TPA,62,1,0.0161,1787.9767,156.3333,9.3279,16.6833
BET,ANC,93,5,0.0538,642.1267,57.1364,8.8409,9.7727
BFL,LAX,155,3,0.0194,175.4181,34.7303,5.6908,3.8618
BGR,BOS,396,22,0.0556,323.4773,52.0429,21.0027,14.6863
BGR,LGA,31,3,0.0968,608.3305,66.0714,21.5357,-8.4643
BHM,ATL,277,3,0.0108,215.6516,33.9231,4.8796,2.0256
BHM,BNA,89,0,0.0,284.8532,34.2921,9.8315,5.5393
BHM,BWI,93,0,0.0,1097.5699,99.7634,12.0753,9.4946
BHM,CLT,153,2,0.0131,564.8783,58.1457,4.1258,4.4702
BHM,CVG,62,0,0.0,637.2986,67.4516,5.371,1.4516
BHM,DFW,93,1,0.0108,960.776,91.3696,0.7391,1.8913
BHM,DTW,62,0,0.0,1005.8375,96.4839,4.129,0.9677
BHM,HOU,93,1,0.0108,917.3238,83.9457,9.9565,5.413
BHM,IAH,58,0,0.0,904.4491,81.3966,12.7414,15.0
BHM,JAN,62,2,0.0323,339.5707,38.0339,7.65,7.0508
BHM,JAX,31,0,0.0,587.4091,53.7742,8.5806,3.9355
BHM,LAS,31,0,0.0,2603.9121,206.1667,9.1613,-2.8333
BHM,MCO,31,0,0.0,769.2645,70.5806,4.129,-9.9677
BHM,MDW,62,0,0.0,917.3238,86.4355,14.1129,15.4677
BHM,MEM,89,0,0.0,339.5707,41.7978,5.5281,8.6854
BHM,MOB,31,0,0.0,347.6174,36.8276,10.6774,9.7586
BHM,MSY,209,2,0.0096,516.5981,49.9758,11.715,9.7536
BHM,PHX,31,0,0.0,2341.5897,190.9032,0.3226,-10.6774
BHM,SDF,62,0,0.0,519.8168,50.8387,16.0161,12.8226
BHM,STL,31,0,0.0,659.8294,62.0323,1.3226,-1.7742
BHM,TPA,62,0,0.0,740.2964,65.4839,15.7097,12.7258
BIL,DEN,62,0,0.0,732.2497,66.5082,14.1452,14.5082
BIL,MSP,124,1,0.0081,1203.7863,101.7317,1.3008,-0.7398
BIL,SLC,93,0,0.0,622.8146,59.2043,-1.2581,-2.9785
BIS,MSP,124,0,0.0,621.2052,60.5323,-2.0806,-2.2097
BMI,ORD,120,6,0.05,186.6834,27.4649,5.4386,4.4386
BNA,ATL,278,14,0.0504,344.3988,41.9508,2.1477,2.9735
BNA,AUS,62,0,0.0,1216.661,103.5484,24.5323,20.7097
BNA,BDL,62,0,0.0,1371.1577,116.8871,2.2581,-5.6129
BNA,BHM,89,0,0.0,284.8532,32.9101,11.5618,9.9663
BNA,BOS,93,5,0.0538,1517.6076,130.092,18.3523,19.5172
BNA,BWI,279,0,0.0,946.2919,83.56,9.3333,5.3636
BNA,CLE,120,0,0.0,720.9843,68.6333,9.1833,5.7417
BNA,CLT,151,0,0.0,529.4729,53.3775,-0.6887,2.2185
BNA,CMH,54,0,0.0,543.9569,59.1111,4.8148,5.9444
BNA,CVG,31,0,0.0,370.1482,44.2903,11.2258,8.5806
BNA,DCA,58,1,0.0172,904.4491,83.3214,-0.6316,3.8036
BNA,DFW,308,8,0.026,1015.4935,88.3733,3.8567,3.02
BNA,DTW,299,1,0.0033,735.4684,73.9832,3.1074,3.5302
BNA,EWR,54,0,0.0,1203.7863,120.7222,19.6481,21.463
BNA,FLL,31,0,0.0,1276.2066,108.9355,21.129,17.2581
BNA,HOU,209,2,0.0096,1078.2578,94.9369,13.2319,10.1602
BNA,IAH,81,0,0.0,1057.3364,96.8395,6.6049,8.358
BNA,ISP,93,0,0.0,1292.3,115.8172,4.914,3.3978
BNA,JAX,93,0,0.0,778.9206,69.7204,8.1828,4.7097
BNA,LAS,93,0,0.0,2555.6319,203.828,5.2151,-1.2903
BNA,LAX,124,0,0.0,2891.984,225.8226,4.8871,-3.7097
BNA,LGA,89,2,0.0225,1229.5358,110.1628,8.6437,12.2907
BNA,MCI,124,0,0.0,790.1859,75.4797,9.8871,5.9431
BNA,MCO,186,2,0.0108,991.3534,85.1694,11.2772,7.3661
BNA,MDW,267,1,0.0037,635.6893,63.1925,8.5865,6.3019
BNA,MEM,93,0,0.0,321.868,38.4409,-1.5054,-2.4946
BNA,MHT,62,0,0.0,1509.5609,122.5,6.8065,1.0484
BNA,MIA,31,0,0.0,1297.128,105.871,6.2258,4.0645
BNA,MSP,120,0,0.0,1118.4913,106.0,0.6583,-2.0583
BNA,MSY,89,0,0.0,757.9991,67.1932,14.8539,13.1818
BNA,OAK,31,0,0.0,3152.6971,246.8065,9.5484,-0.4839
BNA,ONT,31,0,0.0,2817.9543,217.3226,6.6129,-3.3226
BNA,ORD,124,3,0.0242,658.2201,73.0248,6.8926,5.5289
BNA,PBI,62,2,0.0323,1219.8797,103.65,4.95,0.7667
BNA,PHL,93,3,0.0323,1086.3045,108.2022,8.0111,16.191
BNA,PHX,93,0,0.0,2330.3243,189.0978,8.957,1.0435
BNA,PIT,124,3,0.0242,743.5151,74.8926,-0.5207,3.3802
BNA,PVD,62,0,0.0,1459.6714,120.5806,5.6129,5.3226
BNA,RDU,155,0,0.0,712.9376,69.8645,6.6581,3.4903
BNA,SAN,62,0,0.0,2817.9543,219.7258,9.9677,1.1452
BNA,SAT,31,0,0.0,1322.8775,109.4516,30.871,25.0645
BNA,SEA,31,0,0.0,3181.6652,269.6452,6.4516,-8.2581
BNA,STL,182,3,0.0165,436.1311,49.0281,0.9162,-2.0618
BNA,TPA,124,0,0.0,984.9161,83.2097,6.1613,1.6935
BOI,DEN,124,1,0.0081,1044.4617,87.0,6.3171,4.5772
BOI,GEG,89,0,0.0,461.8806,44.0562,6.5506,5.9551
BOI,LAS,62,0,0.0,836.8568,84.3871,8.8387,5.1935
BOI,MSP,93,0,0.0,1837.8663,144.3441,0.8602,-0.2258
BOI,OAK,31,0,0.0,822.3727,78.0968,14.5161,9.9032
BOI,ORD,62,2,0.0323,2312.6216,175.25,8.3833,7.9
BOI,PDX,93,0,0.0,553.613,52.9032,10.2581,9.086
BOI,PHX,62,0,0.0,1182.8649,106.2742,5.8387,6.0
BOI,RNO,89,0,0.0,539.1289,50.7079,5.573,3.1685
BOI,SEA,93,0,0.0,642.1267,67.1075,11.7849,14.4516
BOI,SFO,124,2,0.0161,840.0755,83.2951,17.5738,13.6803
BOI,SLC,155,0,0.0,468.3179,44.7548,5.2452,4.3097
BOS,ALB,89,8,0.0899,233.3543,39.7407,33.1481,33.2963
BOS,ATL,435,33,0.0759,1522.4356,130.92,17.8756,17.2575
BOS,AUS,27,0,0.0,2732.6593,226.9259,4.4815,-1.3704
BOS,BGR,396,28,0.0707,323.4773,47.0951,26.7663,23.6902
BOS,BNA,93,5,0.0538,1517.6076,135.5227,28.8977,21.9205
BOS,BTV,174,14,0.0805,291.2905,45.125,23.0875,19.6438
BOS,BWI,345,24,0.0696,595.4558,62.9373,20.3084,18.4263
BOS,CLE,135,2,0.0148,906.0584,90.3308,13.7669,11.8722
BOS,CLT,242,15,0.062,1171.5995,105.9383,14.2731,18.0176
BOS,CMH,115,7,0.0609,1029.9776,99.5,26.3148,22.4074
BOS,CVG,186,5,0.0269,1210.2237,109.1768,14.2155,12.895
BOS,DCA,890,42,0.0472,642.1267,70.83,1.6132,0.229
BOS,DEN,186,1,0.0054,2822.7824,229.4432,17.2703,6.2108
BOS,DFW,429,42,0.0979,2513.7891,203.7922,14.5633,11.6104
BOS,DTW,275,20,0.0727,1017.1029,95.6745,7.1569,1.6784
BOS,EWR,698,84,0.1203,321.868,50.6971,15.2915,15.4853
BOS,FLL,248,11,0.0444,1990.7536,174.8686,12.2068,8.5508
BOS,HPN,242,34,0.1405,267.1504,44.5865,15.8798,12.0625
BOS,IAD,333,26,0.0781,664.6574,68.1173,18.1368,14.3909
BOS,IAH,205,1,0.0049,2570.116,211.7635,9.4902,12.5419
BOS,ISP,271,27,0.0996,246.229,41.9549,22.2131,18.8484
BOS,JFK,423,28,0.0662,300.9466,46.5924,27.9089,30.5975
BOS,LAS,66,4,0.0606,3831.8385,303.4355,16.871,0.2258
BOS,LAX,336,13,0.0387,4201.9867,327.1651,9.969,3.8069
BOS,LGA,1006,70,0.0696,297.7279,42.4915,2.4177,-0.6015
BOS,MCO,372,28,0.0753,1804.0701,153.1853,20.2297,16.4794
BOS,MEM,93,5,0.0538,1833.0383,155.9655,5.125,1.023
BOS,MIA,163,3,0.0184,2024.5497,167.2264,15.2375,3.8616
BOS,MSP,279,9,0.0323,1808.8982,158.963,14.5556,8.2333
BOS,ORD,866,85,0.0982,1395.2978,127.3235,23.37,20.3144
BOS,ORF,93,5,0.0538,753.1711,72.0568,22.5568,15.6705
BOS,PBI,151,6,0.0397,1926.38,167.0207,9.1793,6.4897
BOS,PHL,737,75,0.1018,450.6152,65.0756,15.7991,16.4402
BOS,PHX,89,5,0.0562,3701.482,295.1084,19.7143,7.3976
BOS,PIT,286,24,0.0839,798.2326,78.645,12.8893,14.5649
BOS,PWM,209,19,0.0909,152.8873,25.6316,23.6053,22.3789
BOS,RDU,35,3,0.0857,984.9161,90.6875,22.2812,4.5
BOS,RIC,120,4,0.0333,762.8272,77.8362,23.2241,17.6638
BOS,ROC,112,13,0.1161,552.0036,86.202,32.8182,26.6566
BOS,RSW,93,5,0.0538,2010.0657,177.2989,2.875,-5.5057
BOS,SAN,62,3,0.0484,4164.9719,324.931,14.0169,7.0517
BOS,SEA,62,0,0.0,4016.9126,332.129,7.5645,-0.371
BOS,SFO,302,12,0.0397,4351.6554,344.1069,18.8931,7.2966
BOS,SJC,89,2,0.0225,4327.5153,343.931,10.4828,-1.1149
BOS,SJU,124,3,0.0242,2694.0352,211.7851,11.6694,0.9587
BOS,SLC,93,1,0.0108,3387.6607,274.033,17.0652,7.5385
BOS,STL,213,10,0.0469,1683.3696,149.9064,10.803,9.6552
BOS,TPA,186,13,0.0699,1907.0679,166.3041,20.7861,18.2807
BPT,DFW,151,1,0.0066,434.5218,65.7,1.82,-1.0867
BQN,EWR,31,0,0.0,2550.8039,213.9355,-0.6452,-6.0323
BRO,IAH,27,0,0.0,495.6767,55.1111,17.7037,17.7407
BRW,ANC,18,1,0.0556,1166.7715,94.4375,0.9412,2.0625
BRW,FAI,62,1,0.0161,809.498,68.9344,8.0656,6.1803
BTR,ATL,93,0,0.0,722.5937,72.2043,7.2366,7.2151
BTR,DFW,186,0,0.0,616.3772,80.8315,7.1613,2.0272
BTR,IAH,27,1,0.037,407.163,48.5385,5.6538,9.9231
BTR,ORD,58,1,0.0172,1303.5654,116.8571,9.2982,5.75
BTV,BOS,174,11,0.0632,291.2905,45.546,12.8834,7.9202
BTV,ORD,93,1,0.0108,1227.9264,112.8804,18.0326,16.337
BTV,PHL,93,0,0.0,540.7382,66.6667,9.7204,13.1613
BTV,PIT,62,1,0.0161,730.6404,79.1148,7.918,13.7541
BUF,ATL,123,0,0.0,1145.8501,101.4065,11.1382,7.6667
BUF,BWI,217,1,0.0046,452.2245,50.0926,8.5,0.1157
BUF,CLT,93,0,0.0,878.6996,85.7527,2.6774,4.3226
BUF,CVG,29,0,0.0,659.8294,65.6552,3.6207,1.0345
BUF,DCA,93,6,0.0645,476.3646,52.3448,4.5977,6.5632
BUF,DFW,31,1,0.0323,1950.5201,158.0333,-1.6667,-5.9667
BUF,DTW,153,2,0.0131,386.2416,45.1325,-1.3974,-4.5894
BUF,EWR,116,2,0.0172,453.8339,52.5175,9.5526,5.5439
BUF,JFK,184,12,0.0652,484.4113,82.5205,23.1802,24.4854
BUF,LAS,31,0,0.0,3197.7586,254.0645,-1.0,-16.4194
BUF,LGA,174,6,0.0345,469.9273,55.1818,14.3274,13.3455
BUF,MCO,35,0,0.0,1627.0427,129.7429,-0.1714,-22.4571
BUF,MSP,88,0,0.0,1181.2556,113.9545,-1.875,-2.9205
BUF,ORD,248,3,0.0121,761.2178,75.209,16.2939,11.2008
BUF,PHL,155,6,0.0387,449.0059,58.8993,17.2617,19.2215
BUF,PHX,31,0,0.0,3077.0581,245.6129,1.2581,-11.871
BUF,PIT,124,0,0.0,299.3372,42.3226,10.121,14.4597
BUF,ROC,31,0,0.0,88.5137,16.2258,15.4516,14.4839
BUR,DEN,62,1,0.0161,1367.939,110.3443,6.3443,6.1803
BUR,DFW,93,1,0.0108,1981.0975,159.5556,5.3913,7.7556
BUR,LAS,368,1,0.0027,358.8828,40.7166,4.9537,3.4659
BUR,OAK,453,6,0.0132,523.0355,49.9418,4.8837,5.0358
BUR,PDX,93,0,0.0,1314.8308,107.6344,10.2473,9.5914
BUR,PHX,364,4,0.011,593.8465,63.6472,5.025,3.5694
BUR,SEA,108,2,0.0185,1507.9516,126.1415,17.8962,21.8868
BUR,SFO,360,21,0.0583,524.6448,53.3746,13.6519,11.2153
BUR,SJC,244,2,0.0082,476.3646,46.7386,4.2769,3.1369
BUR,SMF,298,0,0.0,576.1437,55.0805,5.3792,3.7148
BWI,ABQ,31,0,0.0,2687.5978,214.5484,5.9677,-10.9032
BWI,ALB,209,0,0.0,463.4899,51.488,19.7799,20.0191
BWI,ATL,400,7,0.0175,926.9798,86.7455,12.3562,14.9059
BWI,AUS,31,0,0.0,2159.7343,172.9677,4.5806,-0.3226
BWI,BDL,363,3,0.0083,455.4432,48.8444,16.3389,18.8778
BWI,BHM,93,0,0.0,1097.5699,96.4731,17.7957,14.1935
BWI,BNA,279,0,0.0,946.2919,85.7993,16.233,11.5161
BWI,BOS,347,25,0.072,595.4558,60.8844,16.9161,11.0344
BWI,BUF,217,1,0.0046,452.2245,46.787,12.1481,1.9907
BWI,CLE,321,1,0.0031,505.3328,54.3688,12.1375,11.875
BWI,CLT,265,2,0.0075,580.9717,57.1483,8.6312,9.9544
BWI,CMH,62,0,0.0,540.7382,56.2903,12.0161,3.9032
BWI,CVG,124,2,0.0161,692.0162,70.562,11.3197,8.7438
BWI,DEN,155,4,0.0258,2399.5259,195.543,15.9338,9.5364
BWI,DFW,186,3,0.0161,1958.5668,158.7709,13.0601,9.6089
BWI,DTW,244,7,0.0287,656.6107,67.9198,8.27,8.3038
BWI,FLL,190,2,0.0105,1488.6395,134.016,11.7021,7.3351
BWI,HOU,62,0,0.0,2005.2376,165.2623,14.0,10.1967
BWI,IAH,178,0,0.0,1987.5349,159.7841,1.7528,1.0795
BWI,IND,93,0,0.0,828.8101,78.4239,15.172,9.9674
BWI,ISP,248,1,0.004,354.0548,43.7611,10.4696,9.5182
BWI,JAN,62,0,0.0,1429.0939,120.6774,8.129,4.3871
BWI,JAX,155,2,0.0129,1066.9924,93.3464,13.6471,10.366
BWI,JFK,186,17,0.0914,296.1186,52.2544,21.1183,19.9231
BWI,LAS,124,0,0.0,3389.27,265.9512,21.2661,12.3577
BWI,LAX,124,0,0.0,3748.1529,290.4274,18.1694,14.7419
BWI,LIT,31,0,0.0,1467.7181,120.0645,0.0,-25.5806
BWI,MCI,93,0,0.0,1556.2318,132.4301,14.5484,4.8495
BWI,MCO,341,2,0.0059,1266.5506,108.9763,15.3953,11.4497
BWI,MDW,339,1,0.0029,983.3067,94.6071,15.0828,12.2292
BWI,MHT,371,2,0.0054,606.7212,60.3144,17.2466,17.2168
BWI,MIA,93,0,0.0,1522.4356,132.6882,2.2366,-2.6344
BWI,MSP,151,4,0.0265,1506.3422,132.9728,21.7143,18.6803
BWI,MSY,93,0,0.0,1606.1213,136.3587,8.7742,5.4239
BWI,ORD,341,6,0.0176,1001.0095,96.9431,16.5254,14.5359
BWI,PBI,93,0,0.0,1421.0472,126.6022,16.5806,8.5806
BWI,PHL,164,7,0.0427,144.8406,29.1401,13.8153,15.0446
BWI,PHX,248,3,0.0121,3217.0707,254.9714,9.3551,-2.4449
BWI,PIT,186,2,0.0108,337.9614,38.4022,12.8207,15.2065
BWI,PVD,504,4,0.0079,527.8635,52.89,16.392,16.758
BWI,RDU,155,0,0.0,410.3817,44.9097,19.0774,14.8323
BWI,RSW,31,0,0.0,1478.9835,132.0645,1.2258,-3.8387
BWI,SAT,31,0,0.0,2264.3414,181.5,0.9355,-3.0333
BWI,SDF,151,1,0.0066,796.6233,77.32,11.5933,5.1333
BWI,SEA,31,0,0.0,3757.8089,301.6129,1.2903,-20.4839
BWI,SFO,93,1,0.0108,3954.1484,311.9457,11.1304,6.9565
BWI,SJU,49,0,0.0,2518.6171,202.6735,7.6122,5.0
BWI,SLC,31,0,0.0,2999.8098,248.4194,0.4194,-15.3871
BWI,STL,278,1,0.0036,1186.0836,110.2836,8.4838,4.7927
BWI,TPA,278,3,0.0108,1355.0643,116.8321,18.4655,14.6934
BZN,DTW,4,0,0.0,2254.6853,167.25,-0.75,1.25
BZN,MSP,93,0,0.0,1406.5632,116.5376,-0.6452,0.0753
BZN,SLC,62,0,0.0,558.441,51.3871,-0.2097,-1.1613
CAE,ATL,217,14,0.0645,307.3839,38.2808,4.798,3.1675
CAE,CLT,120,5,0.0417,141.6219,29.0435,-1.8435,1.4696
CAK,PIT,89,1,0.0112,112.6538,24.2273,1.7955,4.5341
CDV,ANC,31,3,0.0968,257.4944,32.3571,18.8571,20.2857
CDV,YAK,31,0,0.0,342.7894,36.0323,16.2581,20.3226
CHA,CLT,93,1,0.0108,389.4603,47.5109,-0.6957,1.9239
CHA,ORD,89,3,0.0337,806.2793,80.686,4.4186,-1.2326
CHS,ATL,277,21,0.0758,416.8191,46.1406,3.8711,2.207
CHS,CLT,216,0,0.0,270.3691,35.463,1.338,0.1296
CHS,DCA,31,1,0.0323,714.547,67.5,-3.6,-5.0
CHS,EWR,8,0,0.0,1010.6655,102.0,14.125,27.0
CID,DEN,62,1,0.0161,1113.6633,98.2131,11.2295,6.623
CID,DFW,93,3,0.0323,1102.3979,99.5,1.5222,-8.8
CID,MSP,31,1,0.0323,355.6641,39.9333,-4.4333,-22.7
CID,ORD,279,22,0.0789,315.4306,37.9494,8.9339,3.856
CID,STL,208,8,0.0385,366.9295,40.745,1.53,0.08
CLE,ATL,209,4,0.0191,891.5744,83.3073,3.1415,4.0293
CLE,BDL,54,0,0.0,764.4365,68.963,0.537,-2.8704
CLE,BNA,120,0,0.0,720.9843,68.6333,5.3417,-1.1167
CLE,BOS,135,2,0.0148,906.0584,79.985,11.3383,9.0752
CLE,BWI,321,1,0.0031,505.3328,55.8679,10.7719,8.6604
CLE,CLT,124,2,0.0161,692.0162,69.9262,4.1967,6.3689
CLE,CVG,124,2,0.0161,355.6641,38.8678,1.3443,1.7521
CLE,DCA,108,2,0.0185,498.8954,51.3905,0.1321,2.8762
CLE,DEN,120,1,0.0083,1932.8173,159.7815,6.5882,1.6218
CLE,DFW,174,4,0.023,1643.1361,136.6587,1.4294,-2.5749
CLE,DTW,118,1,0.0085,152.8873,26.8034,1.9145,-1.812
CLE,EWR,186,2,0.0108,650.1734,65.087,21.9511,17.9022
CLE,FLL,71,0,0.0,1709.1191,142.1549,-0.0423,-4.2958
CLE,IAH,236,0,0.0,1755.7899,146.8766,5.0763,3.5872
CLE,JFK,93,8,0.086,683.9695,87.8941,15.3647,4.7176
CLE,LAS,107,0,0.0,2937.0455,229.3832,1.5327,-7.6355
CLE,LAX,120,0,0.0,3303.975,258.1,4.1667,-2.3333
CLE,LGA,255,11,0.0431,672.7041,69.7131,16.2664,15.5697
CLE,MCO,124,0,0.0,1440.3593,117.4516,-0.3226,-5.0242
CLE,MDW,263,3,0.0114,494.0674,51.2973,10.9615,7.3475
CLE,MEM,58,0,0.0,1001.0095,89.569,1.4655,-0.2241
CLE,MIA,62,0,0.0,1738.0872,143.3226,-1.871,-4.371
CLE,MSP,146,1,0.0068,1001.0095,94.9172,1.6414,-6.6828
CLE,MSY,31,0,0.0,1475.7648,121.4839,-3.4194,-4.8065
CLE,ORD,538,35,0.0651,508.5514,56.4314,13.1074,8.6759
CLE,PBI,31,1,0.0323,1641.5268,137.4333,1.6333,-3.1333
CLE,PHL,188,9,0.0479,584.1904,64.9777,11.0559,9.257
CLE,PHX,93,1,0.0108,2795.4236,225.3,6.8913,6.7556
CLE,RSW,49,1,0.0204,1649.5735,135.8542,6.6875,3.4167
CLE,SEA,31,1,0.0323,3252.4761,279.7241,1.4,-6.069
CLE,SFO,93,0,0.0,3477.7837,279.5484,4.9785,-0.7634
CLE,SJU,8,0,0.0,2959.5763,244.5,-2.5,-2.875
CLE,STL,243,1,0.0041,783.7486,74.7893,7.1281,2.781
CLE,TPA,80,0,0.0,1491.8582,125.1625,0.875,-1.175
CLL,DFW,217,5,0.023,263.9318,45.6085,0.8443,1.2736
CLT,ABE,31,0,0.0,774.0925,76.5161,11.9355,13.7419
CLT,ALB,62,0,0.0,1039.6336,98.0,10.7097,11.871
CLT,ATL,461,20,0.0434,365.3202,44.8776,4.4127,3.5986
CLT,AVL,155,2,0.0129,148.0593,22.1447,7.7778,9.3487
CLT,BDL,124,0,0.0,1036.415,95.9837,14.9435,19.6016
CLT,BHM,153,3,0.0196,564.8783,57.3423,4.6133,4.1611
CLT,BNA,151,0,0.0,529.4729,56.8477,4.0861,3.5828
CLT,BOS,304,27,0.0888,1171.5995,104.6109,19.0144,20.0545
CLT,BUF,93,0,0.0,878.6996,79.7849,13.3011,13.3118
CLT,BWI,247,2,0.0081,580.9717,59.3484,13.249,14.9754
CLT,CAE,120,3,0.025,141.6219,21.2137,4.6496,2.5385
CLT,CHA,93,1,0.0108,389.4603,42.0,2.2826,0.3043
CLT,CHS,216,0,0.0,270.3691,30.3426,8.5324,7.3657
CLT,CLE,124,3,0.0242,692.0162,70.6033,8.6198,2.6694
CLT,CMH,124,2,0.0161,556.8316,58.1721,2.8852,3.582
CLT,DAY,62,0,0.0,595.4558,66.7903,9.9355,14.7903
CLT,DCA,306,6,0.0196,532.6915,55.6936,4.4767,7.0438
CLT,DEN,93,0,0.0,2151.6876,176.086,10.2688,5.2688
CLT,DFW,372,25,0.0672,1506.3422,129.113,4.8501,-0.0464
CLT,DTW,248,4,0.0161,804.67,81.0533,4.4877,3.0943
CLT,EWR,333,24,0.0721,851.3409,86.9156,15.1327,19.6526
CLT,FAY,62,3,0.0484,189.9021,23.678,2.5932,-2.5254
CLT,FLL,217,1,0.0046,1015.4935,90.9213,8.3704,6.0
CLT,GSO,199,3,0.0151,133.5752,22.6735,8.7194,8.5102
CLT,GSP,151,8,0.053,120.7005,18.4895,3.8741,-0.5664
CLT,HSV,62,1,0.0161,535.9102,53.2787,4.5246,2.0656
CLT,IAD,155,5,0.0323,516.5981,56.42,7.5067,8.84
CLT,IAH,178,2,0.0112,1469.3274,125.2229,13.5966,13.1086
CLT,ILM,186,2,0.0108,297.7279,33.587,7.3967,6.9565
CLT,IND,155,4,0.0258,688.7975,72.1126,5.9073,7.2384
CLT,JAX,186,0,0.0,529.4729,49.7688,6.2419,5.2312
CLT,LAS,78,1,0.0128,3083.4954,239.8701,3.7143,-7.1169
CLT,LAX,153,0,0.0,3419.8475,263.0392,14.9542,10.9869
CLT,LGA,350,19,0.0543,875.481,84.577,20.0604,22.4048
CLT,LWB,14,0,0.0,297.7279,35.7143,5.1429,4.8571
CLT,MCI,151,2,0.0132,1301.9561,117.4027,7.7785,2.6711
CLT,MCO,276,0,0.0,753.1711,66.6014,7.2174,3.692
CLT,MDT,62,0,0.0,664.6574,66.9355,3.8226,4.0645
CLT,MEM,213,2,0.0094,823.9821,77.9336,6.7346,4.9289
CLT,MIA,163,0,0.0,1046.071,91.6319,4.3681,-0.3436
CLT,MKE,62,1,0.0161,1047.6803,100.7377,11.1639,11.0328
CLT,MSP,127,1,0.0079,1496.6862,139.8889,5.7222,3.2143
CLT,MSY,155,0,0.0,1047.6803,91.3097,10.329,7.9161
CLT,MYR,217,2,0.0092,251.057,32.0047,7.9488,7.6186
CLT,ORD,552,34,0.0616,963.9947,96.1221,16.3803,18.2597
CLT,ORF,186,2,0.0108,466.7086,48.5652,6.212,7.4511
CLT,PBI,155,0,0.0,949.5106,83.8194,11.929,11.0968
CLT,PHL,306,5,0.0163,720.9843,73.4817,11.2957,17.4186
CLT,PHX,62,0,0.0,2854.9692,226.0,6.2258,3.0645
CLT,PIT,412,18,0.0437,589.0184,61.1607,7.2056,7.8444
CLT,PNS,124,1,0.0081,785.3579,70.6475,10.4715,10.6967
CLT,PVD,123,0,0.0,1099.1792,96.2869,11.8211,12.0328
CLT,RDU,274,5,0.0182,209.2142,31.0186,6.2156,7.2788
CLT,RIC,248,5,0.0202,411.991,44.4074,8.1893,9.4321
CLT,ROA,120,8,0.0667,249.4477,33.8125,9.875,10.7946
CLT,ROC,62,0,0.0,922.1518,82.0968,11.5806,12.3387
CLT,RSW,155,0,0.0,965.604,84.2387,4.4065,0.8581
CLT,SAN,93,0,0.0,3342.5992,256.6237,8.6559,-2.4946
CLT,SAV,186,1,0.0054,342.7894,37.0054,12.2973,12.2609
CLT,SDF,93,0,0.0,540.7382,60.914,5.7419,6.2366
CLT,SEA,93,0,0.0,3667.6859,299.1183,18.9785,8.5376
CLT,SFO,147,0,0.0,3695.0446,289.8639,13.0408,5.1088
CLT,SJU,39,0,0.0,2372.1672,191.4359,11.9487,8.4359
CLT,SRQ,93,0,0.0,880.309,78.4409,8.6882,6.3978
CLT,STL,244,2,0.0082,925.3705,91.4174,2.1942,-1.9008
CLT,STT,21,0,0.0,2446.1968,198.1905,2.0952,-2.4286
CLT,SYR,31,0,0.0,970.432,89.4194,14.7097,17.5806
CLT,TPA,273,0,0.0,817.5447,72.4652,9.7656,10.2821
CLT,TRI,62,1,0.0161,193.1208,28.7213,-1.0,-1.2951
CLT,TYS,93,0,0.0,284.8532,33.9462,1.0215,-0.6667
CMH,ATL,217,6,0.0276,717.7656,69.4524,1.4597,0.6048
CMH,BNA,54,0,0.0,543.9569,54.1852,6.6111,2.6481
CMH,BOS,116,8,0.069,1029.9776,92.5833,18.0648,15.2963
CMH,BWI,62,0,0.0,540.7382,55.8065,5.1613,-7.2419
CMH,CLT,124,2,0.0161,556.8316,57.2787,4.2623,6.0492
CMH,CVG,155,8,0.0516,186.6834,28.2381,3.6735,1.3673
CMH,DCA,180,14,0.0778,518.2075,51.6506,4.6807,1.7349
CMH,DEN,62,0,0.0,1858.7877,157.4032,10.1613,4.4839
CMH,DFW,147,2,0.0136,1491.8582,125.1127,-0.7931,-0.5423
CMH,DTW,120,1,0.0083,249.4477,37.3193,3.0336,-1.395
CMH,EWR,108,2,0.0185,743.5151,78.3429,12.1792,16.2952
CMH,IAH,89,0,0.0,1586.8092,132.4432,12.8202,12.0114
CMH,LAS,93,1,0.0108,2851.7505,225.2826,11.5109,2.0217
CMH,LAX,31,0,0.0,3212.2426,253.129,13.7419,9.6452
CMH,LGA,185,16,0.0865,769.2645,77.2335,14.3964,11.0838
CMH,MCO,155,3,0.0194,1290.6907,107.8421,4.9079,0.8158
CMH,MDW,182,0,0.0,457.0526,50.6703,7.4396,7.5659
CMH,MSP,124,2,0.0161,1009.0562,97.7541,2.2459,-1.4918
CMH,ORD,460,27,0.0587,476.3646,52.7541,13.2956,9.0998
CMH,PHL,151,7,0.0464,651.7827,69.4599,17.6736,18.2628
CMH,PHX,155,2,0.0129,2689.2071,215.4641,8.0719,2.2288
CMH,PIT,120,7,0.0583,231.745,34.9646,7.0619,9.5221
CMH,RSW,31,1,0.0323,1496.6862,127.7333,0.6333,0.4
CMH,STL,244,1,0.0041,659.8294,64.8765,1.9753,-1.6955
CMH,TPA,124,1,0.0081,1334.1429,112.0081,4.0488,-2.1057
CMI,ORD,155,11,0.071,217.2609,32.0979,10.1736,9.1748
COS,ATL,62,3,0.0484,1907.0679,150.5593,8.7627,8.1186
COS,CVG,61,1,0.0164,1734.8685,138.3333,2.0667,4.55
COS,DEN,155,8,0.0516,115.8725,18.415,8.1361,5.7279
COS,DFW,279,12,0.043,952.7293,80.7341,5.3521,5.5356
COS,IAH,62,0,0.0,1301.9561,114.9032,2.0,3.4677
COS,LAX,89,1,0.0112,1340.5802,116.1379,8.5455,2.3908
COS,MSP,93,1,0.0108,1166.7715,97.9674,2.8587,-3.3261
COS,ORD,66,1,0.0152,1466.1087,119.7656,18.8615,15.2656
COS,PHX,89,4,0.0449,886.7463,84.9882,1.2471,0.8588
COS,SLC,31,1,0.0323,659.8294,72.0333,-0.1333,-0.3333
COS,STL,123,0,0.0,1245.6292,101.8115,-0.9512,-3.4754
CRP,DFW,217,4,0.0184,569.7064,73.6066,9.4507,8.0095
CRP,HOU,232,4,0.0172,300.9466,35.3482,9.1228,7.4643
CRP,IAH,35,0,0.0,323.4773,40.0857,3.6286,4.0
CRW,PIT,93,4,0.043,263.9318,34.5455,5.7978,6.1477
CVG,ABQ,62,0,0.0,1995.5816,159.4839,9.7581,2.0
CVG,ALB,62,0,0.0,1002.6188,85.2419,14.0161,17.2742
CVG,ATL,277,12,0.0433,600.2838,66.3774,9.3057,9.3208
CVG,AUS,62,0,0.0,1541.7477,125.1311,10.3548,5.0984
CVG,BDL,124,1,0.0081,1063.7737,88.9268,6.561,4.5122
CVG,BHM,62,0,0.0,637.2986,57.3226,12.4677,9.8387
CVG,BNA,31,1,0.0323,370.1482,43.6,17.8667,19.7333
CVG,BOS,155,5,0.0323,1210.2237,103.473,15.0533,11.5676
CVG,BUF,31,0,0.0,659.8294,60.871,21.9355,15.2258
CVG,BWI,93,1,0.0108,692.0162,67.2717,12.9348,14.1739
CVG,CLE,155,4,0.0258,355.6641,39.9338,9.3113,6.4238
CVG,CMH,124,3,0.0242,186.6834,28.5207,3.6529,0.7355
CVG,COS,62,3,0.0484,1734.8685,140.8983,23.661,21.8475
CVG,DCA,152,8,0.0526,661.4387,63.5634,6.5625,8.7183
CVG,DEN,122,0,0.0,1720.3845,142.0246,7.0492,2.1066
CVG,DFW,248,17,0.0685,1306.7841,111.5411,7.7273,7.7922
CVG,DTW,54,4,0.0741,368.5389,48.68,1.64,6.76
CVG,EWR,124,7,0.0565,915.7145,88.6838,19.1026,15.1282
CVG,FLL,62,0,0.0,1499.9049,122.8361,7.4194,0.8852
CVG,GSO,31,0,0.0,531.0822,53.4194,6.1613,-0.129
CVG,IND,62,1,0.0161,157.7153,22.8197,8.4754,9.1639
CVG,JAX,62,1,0.0161,988.1348,81.623,9.8361,9.0
CVG,JFK,62,0,0.0,947.9013,93.5161,27.8226,36.2903
CVG,LAS,93,0,0.0,2700.4725,210.129,13.4086,4.9032
CVG,LAX,124,2,0.0161,3057.746,233.5738,17.041,7.3115
CVG,LEX,93,4,0.043,112.6538,17.4432,2.8315,-1.0341
CVG,LGA,186,6,0.0323,941.4639,88.419,16.5333,13.8492
CVG,MCI,93,1,0.0108,867.4343,76.5495,4.5326,-4.5385
CVG,MCO,155,0,0.0,1216.661,99.4581,5.3419,2.929
CVG,MEM,31,0,0.0,648.564,59.4516,2.9355,-0.0968
CVG,MHT,31,0,0.0,1192.5209,95.8667,13.0,-4.9667
CVG,MIA,62,1,0.0161,1525.6543,123.1639,1.8361,-2.7377
CVG,MKE,93,0,0.0,511.7701,53.2258,9.8925,7.3011
CVG,MSP,143,1,0.007,959.1666,95.4648,8.4225,5.6479
CVG,MSY,122,1,0.0082,1126.538,93.0579,6.8595,7.2397
CVG,ORD,522,34,0.0651,424.8658,50.4855,15.7172,13.905
CVG,ORF,31,0,0.0,780.5299,67.4516,9.3871,8.8387
CVG,PBI,62,0,0.0,1435.5313,114.9355,4.1774,4.1774
CVG,PDX,93,1,0.0108,3178.4465,249.6196,13.663,-0.0761
CVG,PHL,155,13,0.0839,815.9354,79.2143,9.1831,8.2429
CVG,PHX,93,0,0.0,2525.0545,201.129,8.914,1.3548
CVG,PIT,62,1,0.0161,411.991,43.0656,7.918,2.6393
CVG,PVD,62,0,0.0,1161.9435,96.9839,8.6613,6.0323
CVG,PWM,93,1,0.0108,1303.5654,99.764,7.8261,5.5056
CVG,RDU,93,1,0.0108,627.6426,58.2717,7.9348,7.9457
CVG,RIC,93,3,0.0323,664.6574,58.7,0.0556,-1.7
CVG,RSW,62,0,0.0,1414.6099,113.8548,7.8387,8.1935
CVG,SAN,62,0,0.0,3001.4191,231.8226,4.7742,-3.1613
CVG,SAT,62,0,0.0,1647.9642,135.6129,9.5,5.6452
CVG,SDF,124,2,0.0161,133.5752,21.459,9.959,9.082
CVG,SEA,93,1,0.0108,3160.7438,256.4457,10.8587,-0.8913
CVG,SFO,124,8,0.0645,3276.6162,256.9224,14.1207,7.819
CVG,SJC,31,3,0.0968,3246.0388,253.6786,27.0357,18.2857
CVG,SJU,31,6,0.1935,2909.6867,227.96,0.52,9.48
CVG,SLC,186,3,0.0161,2331.9337,188.7473,7.2896,-0.9011
CVG,SYR,31,3,0.0968,848.1222,71.6786,29.3929,29.4286
CVG,TPA,155,4,0.0258,1244.0198,102.3841,11.3046,7.9868
CVG,TUS,62,0,0.0,2491.2583,193.5246,13.1774,6.8361
DAB,ATL,124,0,0.0,589.0184,58.8145,7.1694,10.0565
DAB,EWR,31,0,0.0,1422.6566,136.2,8.7097,11.2
DAL,ABQ,244,1,0.0041,933.4172,82.8601,10.3086,6.9342
DAL,AMA,232,6,0.0259,521.4262,51.115,9.0929,6.4513
DAL,AUS,394,7,0.0178,304.1653,33.9225,8.137,7.1292
DAL,ELP,174,0,0.0,904.4491,77.5575,9.9138,7.1609
DAL,HOU,955,58,0.0607,384.6323,43.63,9.2363,8.3487
DAL,HRL,5,0,0.0,737.0777,62.2,36.6,17.2
DAL,IAH,197,10,0.0508,349.2268,44.0481,10.0267,6.877
DAL,LAX,116,1,0.0086,2005.2376,167.0174,8.5826,16.8261
DAL,LBB,259,9,0.0347,471.5366,45.884,10.248,8.464
DAL,LGA,85,0,0.0,2222.4985,186.8795,11.7882,19.1928
DAL,LIT,232,1,0.0043,476.3646,46.1948,10.697,7.7186
DAL,MAF,232,5,0.0216,513.3795,49.4581,10.2775,8.8502
DAL,MSY,178,0,0.0,703.2816,63.6404,8.6348,6.0843
DAL,OKC,224,1,0.0045,291.2905,33.7175,9.1256,5.7489
DAL,ORD,116,7,0.0603,1284.2533,114.3333,4.2202,-1.8889
DAL,SAT,433,7,0.0162,399.1163,43.3592,8.4836,6.0047
DAL,TUL,255,7,0.0275,381.4136,41.0927,9.5847,7.3145
DAY,ATL,155,0,0.0,695.2349,68.6623,7.2258,7.6883
DAY,CLT,62,1,0.0161,595.4558,62.2131,5.0328,8.2131
DAY,DCA,24,0,0.0,629.2519,59.25,-4.4167,-2.1667
DAY,DFW,62,0,0.0,1385.6417,119.129,-0.3387,-3.5806
DAY,DTW,58,1,0.0172,267.1504,38.1228,-0.4386,-2.7544
DAY,MSP,61,0,0.0,923.7612,91.0164,3.2787,2.1967
DAY,ORD,305,20,0.0656,386.2416,45.6351,17.7018,17.386
DAY,PHL,58,1,0.0172,767.6552,75.375,4.6316,11.2679
DAY,PIT,70,1,0.0143,346.0081,40.8841,6.971,8.6667
DAY,STL,124,3,0.0242,543.9569,56.5455,1.4545,0.0579
DBQ,ORD,120,4,0.0333,236.573,30.8362,4.9828,2.319
DCA,ALB,93,4,0.043,511.7701,56.3258,1.4045,1.9438
DCA,ATL,572,63,0.1101,880.309,81.3563,10.5874,10.2697
DCA,BDL,120,6,0.05,503.7234,53.5877,2.4561,1.9123
DCA,BNA,58,1,0.0172,904.4491,84.1053,7.4561,2.5088
DCA,BOS,890,43,0.0483,642.1267,63.9929,1.1063,-0.7976
DCA,BUF,93,4,0.043,476.3646,49.1477,0.5843,2.2841
DCA,CHS,31,1,0.0323,714.547,69.2333,9.8,6.4333
DCA,CLE,108,2,0.0185,498.8954,57.1981,2.4717,-2.9434
DCA,CLT,326,10,0.0307,532.6915,53.1772,2.7278,0.9557
DCA,CMH,182,16,0.0879,518.2075,53.5904,7.4398,0.6084
DCA,CVG,124,16,0.129,661.4387,68.7944,6.4352,10.1869
DCA,DAY,27,3,0.1111,629.2519,63.2917,14.7083,10.7917
DCA,DFW,399,14,0.0351,1918.3333,155.3071,8.039,7.706
DCA,DTW,275,9,0.0327,651.7827,67.8797,4.6429,4.2519
DCA,EWR,255,10,0.0392,320.2587,45.4327,9.0816,11.0531
DCA,FLL,124,2,0.0161,1446.7967,129.041,8.7377,5.9918
DCA,IAH,240,0,0.0,1944.0827,157.8536,8.9833,8.4142
DCA,IND,81,3,0.037,803.0607,77.6538,7.0256,8.2436
DCA,JAX,61,1,0.0164,1020.3216,93.7667,9.3,6.4833
DCA,JFK,372,35,0.0941,342.7894,48.006,14.0326,6.7649
DCA,LAS,31,2,0.0645,3361.9113,259.6207,18.9655,7.2414
DCA,LAX,31,1,0.0323,3719.1847,291.3667,16.6667,4.5667
DCA,LGA,983,64,0.0651,344.3988,42.7996,0.3014,-1.183
DCA,MCI,78,1,0.0128,1528.873,134.2987,6.0649,4.9091
DCA,MCO,93,1,0.0108,1221.4891,108.0978,6.9565,1.9348
DCA,MEM,120,3,0.025,1226.3171,105.8966,6.5726,4.319
DCA,MHT,62,6,0.0968,655.0014,64.5714,1.1964,2.1607
DCA,MIA,307,10,0.0326,1480.5928,128.0404,10.697,1.6195
DCA,MSP,244,9,0.0369,1498.2955,135.9021,4.8809,3.1447
DCA,MSY,62,0,0.0,1559.4505,131.5968,8.4677,5.0
DCA,ORD,766,64,0.0836,984.9161,95.0546,15.6453,13.7385
DCA,PBI,93,1,0.0108,1379.2044,119.5,8.9022,5.0109
DCA,PHL,124,6,0.0484,191.5115,35.5593,2.9153,5.2627
DCA,PHX,62,3,0.0484,3184.8839,251.5085,13.661,-0.5424
DCA,PIT,186,6,0.0323,329.9147,38.5722,3.55,2.5556
DCA,PVD,120,5,0.0417,574.5344,56.3478,7.8522,7.287
DCA,RDU,54,3,0.0556,365.3202,45.098,-2.549,-4.549
DCA,ROC,93,11,0.1183,476.3646,50.4487,-0.7561,-2.7436
DCA,STL,212,3,0.0142,1157.1155,108.8995,6.1292,4.2823
DCA,SYR,93,6,0.0645,479.5833,50.2738,3.4713,3.2381
DCA,TPA,93,1,0.0108,1310.0028,114.3626,6.6304,6.1868
DEN,ABQ,217,4,0.0184,561.6597,51.3099,15.5211,15.9624
DEN,ANC,31,0,0.0,3872.072,296.7097,25.6452,23.0
DEN,ATL,403,9,0.0223,1929.5987,150.1658,8.6497,11.4031
DEN,AUS,93,0,0.0,1247.2385,98.9892,17.5914,20.4301
DEN,BDL,31,0,0.0,2689.2071,195.7097,14.4839,21.6774
DEN,BIL,62,0,0.0,732.2497,61.7258,24.7903,21.9839
DEN,BOI,124,0,0.0,1044.4617,91.2097,13.7742,8.1048
DEN,BOS,186,1,0.0054,2822.7824,205.0608,20.5135,22.1823
DEN,BUR,62,2,0.0323,1367.939,117.7833,22.4167,18.8
DEN,BWI,124,0,0.0,2399.5259,178.3577,23.8145,30.6423
DEN,CID,62,2,0.0323,1113.6633,86.2333,10.9833,9.5167
DEN,CLE,120,0,0.0,1932.8173,146.8833,8.9917,9.85
DEN,CLT,124,0,0.0,2151.6876,162.129,1.9355,5.7823
DEN,CMH,62,0,0.0,1858.7877,139.8548,21.5645,19.8065
DEN,COS,155,8,0.0516,115.8725,17.6327,10.2585,9.3197
DEN,CVG,124,0,0.0,1720.3845,135.5,6.7339,14.5806
DEN,DFW,726,16,0.022,1031.5869,87.5233,9.931,11.4922
DEN,DSM,93,0,0.0,947.9013,74.6087,13.2473,15.1848
DEN,DTW,248,1,0.004,1807.2888,139.1538,16.1457,18.004
DEN,EUG,31,0,0.0,1604.512,128.6129,28.8065,25.8065
DEN,EWR,306,1,0.0033,2582.9907,197.9607,12.1574,14.8328
DEN,GEG,124,0,0.0,1345.4082,112.1129,11.5081,3.4355
DEN,IAD,337,5,0.0148,2336.7617,172.71,11.4849,10.9668
DEN,IAH,429,9,0.021,1385.6417,117.4904,12.6667,12.5861
DEN,ICT,93,0,0.0,674.3135,56.6559,16.5699,17.0968
DEN,IND,124,0,0.0,1572.3252,120.1694,15.2339,16.8871
DEN,JAC,66,1,0.0152,653.392,62.4923,15.7077,12.9692
DEN,LAS,399,0,0.0,1012.2749,87.3283,13.2381,10.0602
DEN,LAX,603,15,0.0249,1387.2511,113.3827,12.2806,8.5527
DEN,LGA,244,5,0.0205,2605.5215,196.125,22.0293,25.6638
DEN,MCI,216,0,0.0,857.7782,71.507,15.6944,16.0465
DEN,MCO,97,1,0.0103,2486.4303,182.914,20.4271,23.3441
DEN,MEM,62,0,0.0,1403.3445,110.1935,13.6129,18.0484
DEN,MIA,124,0,0.0,2750.3621,208.6585,10.6613,10.065
DEN,MSP,465,4,0.0086,1094.3512,92.0261,14.757,13.2217
DEN,MSY,62,0,0.0,1709.1191,130.6129,17.129,24.0323
DEN,OAK,217,4,0.0184,1540.1384,128.2958,14.3146,13.2347
DEN,OKC,124,0,0.0,796.6233,68.8145,13.129,15.1532
DEN,OMA,155,0,0.0,759.6085,61.6839,16.1097,16.7742
DEN,ONT,124,0,0.0,1318.0495,107.2661,17.1613,10.7903
DEN,ORD,817,21,0.0257,1429.0939,115.8617,14.5477,17.8223
DEN,PDX,306,3,0.0098,1596.4653,130.7459,17.2277,14.2178
DEN,PHL,248,0,0.0,2505.7424,191.9102,9.4355,15.6082
DEN,PHX,523,22,0.0421,968.8227,86.7884,7.3613,3.996
DEN,PIT,124,0,0.0,2076.0486,158.7561,3.8065,8.7236
DEN,RNO,66,0,0.0,1293.9094,108.697,17.0152,14.8485
DEN,SAN,244,3,0.0123,1372.767,111.8708,19.0539,14.8208
DEN,SAT,93,0,0.0,1277.816,102.5054,15.3548,18.7097
DEN,SEA,426,3,0.007,1647.9642,141.0237,18.4799,19.3152
DEN,SFO,424,19,0.0448,1556.2318,127.1089,14.6,11.2624
DEN,SJC,356,7,0.0197,1525.6543,128.745,15.2751,11.4413
DEN,SLC,434,6,0.0138,629.2519,61.6885,6.4276,4.8923
DEN,SMF,186,1,0.0054,1464.4994,121.7946,17.1189,10.3568
DEN,SNA,186,8,0.043,1361.5016,113.0393,12.3596,8.2697
DEN,STL,400,3,0.0075,1239.1918,100.3434,8.6096,7.7096
DEN,TPA,62,0,0.0,2423.666,174.3167,19.0968,22.25
DEN,TUL,93,0,0.0,870.6529,69.9677,20.8172,19.9355
DEN,TUS,93,0,0.0,1028.3683,88.4086,12.3226,5.0323
DFW,ABI,209,0,0.0,254.2757,36.8325,7.6746,5.4641
DFW,ABQ,248,3,0.0121,915.7145,79.7213,14.751,15.6926
DFW,ACT,240,4,0.0167,143.2313,23.5805,7.3093,6.5424
DFW,AMA,186,4,0.0215,503.7234,62.9006,13.7912,10.3039
DFW,ATL,791,39,0.0493,1178.0369,102.7097,12.1902,10.6258
DFW,AUS,495,10,0.0202,305.7746,32.6598,12.7216,10.0825
DFW,BDL,124,1,0.0081,2367.3391,184.0738,9.3252,3.3934
DFW,BHM,93,1,0.0108,960.776,82.913,15.5326,14.4348
DFW,BNA,310,8,0.0258,1015.4935,85.6944,11.0,9.3688
DFW,BOS,427,43,0.1007,2513.7891,196.4005,11.7969,9.5157
DFW,BPT,151,1,0.0066,434.5218,67.0067,4.18,5.2533
DFW,BTR,186,0,0.0,616.3772,77.5806,13.3226,16.1882
DFW,BUF,31,1,0.0323,1950.5201,150.7,14.1,6.0333
DFW,BUR,93,1,0.0108,1981.0975,164.8043,6.7826,6.6848
DFW,BWI,185,1,0.0054,1958.5668,154.6758,12.7446,9.2363
DFW,CID,92,2,0.0217,1102.3979,95.1333,14.6667,11.6333
DFW,CLE,174,3,0.0172,1643.1361,134.7719,8.0877,5.3626
DFW,CLL,217,4,0.0184,263.9318,41.493,5.8545,2.6761
DFW,CLT,372,24,0.0645,1506.3422,123.4195,6.0948,2.0172
DFW,CMH,147,2,0.0136,1491.8582,122.3125,11.0552,6.7361
DFW,COS,279,9,0.0323,952.7293,83.4111,13.5556,10.9222
DFW,CRP,215,6,0.0279,569.7064,66.1635,15.5311,10.625
DFW,CVG,248,9,0.0363,1306.7841,110.2731,6.9623,4.8277
DFW,DAY,62,0,0.0,1385.6417,116.0161,17.3387,13.4516
DFW,DCA,398,10,0.0251,1918.3333,150.8747,9.7191,6.5431
DFW,DEN,759,16,0.0211,1031.5869,92.2544,9.2409,7.5774
DFW,DSM,89,1,0.0112,1004.2282,88.6591,11.6591,4.2727
DFW,DTW,422,8,0.019,1588.4186,132.2464,5.93,2.4251
DFW,ELP,341,9,0.0264,886.7463,73.6265,14.3645,11.1265
DFW,EWR,498,36,0.0723,2208.0145,186.9672,15.316,14.5022
DFW,FAT,31,0,0.0,2113.0634,172.3548,20.871,11.1613
DFW,FLL,221,0,0.0,1800.8515,142.5385,12.0814,9.362
DFW,FSM,239,4,0.0167,366.9295,54.0,8.417,8.0258
DFW,FWA,58,1,0.0172,1382.4231,115.0893,13.2105,12.5357
DFW,GGG,155,2,0.0129,225.3076,34.1438,5.6863,7.3333
DFW,GRR,93,3,0.0323,1498.2955,125.4667,15.2444,16.7222
DFW,GSO,62,0,0.0,1607.7307,129.371,22.9194,20.5645
DFW,GSP,93,1,0.0108,1387.2511,116.4239,18.413,15.6304
DFW,HNL,62,0,0.0,6089.7426,448.1935,6.6452,9.8226
DFW,HOU,389,26,0.0668,397.507,55.2901,16.5537,14.2901
DFW,HRL,93,1,0.0108,741.9057,94.2717,15.5652,11.8587
DFW,HSV,120,1,0.0083,970.432,83.0252,14.5966,10.0336
DFW,IAD,337,16,0.0475,1886.1465,152.1199,13.0903,9.2461
DFW,IAH,650,21,0.0323,360.4922,43.2201,9.151,7.7464
DFW,ICT,263,8,0.0304,527.8635,64.9686,10.8471,8.8667
DFW,ILE,273,3,0.011,209.2142,35.236,9.6593,8.8464
DFW,IND,155,2,0.0129,1226.3171,103.3289,12.8366,6.2171
DFW,JAC,38,0,0.0,1683.3696,138.3684,14.4737,10.8684
DFW,JAN,184,1,0.0054,656.6107,74.388,11.5137,17.5847
DFW,JAX,155,0,0.0,1478.9835,119.2839,12.4903,11.9419
DFW,JFK,62,1,0.0161,2238.5919,189.4667,8.7705,13.1167
DFW,LAS,344,2,0.0058,1697.8537,136.1696,11.0585,11.269
DFW,LAW,185,4,0.0216,225.3076,37.1768,8.7459,8.7017
DFW,LAX,673,10,0.0149,1987.5349,156.3807,12.7195,9.1465
DFW,LBB,279,7,0.0251,453.8339,56.1176,14.2169,8.625
DFW,LFT,182,1,0.0055,564.8783,85.4807,8.3149,12.8066
DFW,LGA,569,50,0.0879,2235.3733,181.7336,16.7938,22.008
DFW,LGB,124,1,0.0081,1963.3948,157.1885,8.5772,2.8525
DFW,LIT,403,7,0.0174,489.2394,54.952,12.0808,13.2854
DFW,LRD,123,1,0.0081,634.08,93.1322,10.6148,11.2975
DFW,MAF,217,3,0.0138,497.2861,67.6822,11.6495,6.771
DFW,MCI,348,10,0.0287,740.2964,68.6429,14.6302,10.9702
DFW,MCO,312,1,0.0032,1583.5906,128.8457,13.0354,8.8875
DFW,MDW,124,4,0.0323,1282.644,111.9322,16.1167,9.5169
DFW,MEM,395,10,0.0253,695.2349,66.5429,6.0494,5.0052
DFW,MFE,93,0,0.0,753.1711,68.2043,14.2043,13.5376
DFW,MIA,323,3,0.0093,1804.0701,140.6406,14.6906,6.9
DFW,MKE,120,1,0.0083,1372.767,118.6723,12.6387,12.7395
DFW,MOB,30,0,0.0,869.0436,73.931,7.1,19.2414
DFW,MSN,27,0,0.0,1321.2681,111.963,20.7407,15.1852
DFW,MSP,488,9,0.0184,1371.1577,119.2537,6.261,1.6436
DFW,MSY,247,3,0.0121,720.9843,63.918,8.0984,7.8115
DFW,OAK,247,4,0.0162,2343.199,186.1358,12.1111,11.4156
DFW,OGG,31,0,0.0,5972.2607,441.3226,7.1935,15.3548
DFW,OKC,394,8,0.0203,281.6345,38.7694,13.8756,13.0466
DFW,OMA,124,2,0.0161,938.2452,82.8689,9.8033,4.7131
DFW,ONT,217,1,0.0046,1913.5053,148.8472,9.0463,6.1157
DFW,ORD,991,122,0.1231,1290.6907,111.2163,9.0575,6.3186
DFW,ORF,93,0,0.0,1952.1294,152.6452,11.5161,7.5484
DFW,PBI,124,3,0.0242,1775.102,142.7355,10.1322,12.405
DFW,PDX,184,0,0.0,2600.6934,202.7391,14.5,11.7989
DFW,PHL,368,21,0.0571,2095.3607,169.5405,13.2536,14.5723
DFW,PHX,570,18,0.0316,1396.9071,118.9547,9.6558,9.9656
DFW,PIT,244,4,0.0164,1718.7751,139.4017,6.175,3.1967
DFW,PSP,31,0,0.0,1812.1168,143.6774,28.7419,32.5484
DFW,RDU,273,4,0.0147,1709.1191,137.4498,14.5242,15.0558
DFW,RIC,93,2,0.0215,1863.6157,148.6778,11.7692,13.0889
DFW,RNO,124,1,0.0081,2164.5623,171.3984,7.6016,8.2033
DFW,SAN,403,4,0.0099,1884.5371,149.0957,12.4411,12.3149
DFW,SAT,465,5,0.0108,397.507,43.1913,12.4826,11.25
DFW,SAV,93,3,0.0323,1488.6395,121.0225,11.8111,12.3146
DFW,SDF,124,1,0.0081,1179.6462,102.4309,22.8049,23.0813
DFW,SEA,375,2,0.0053,2671.5044,216.2419,10.4987,8.2608
DFW,SFO,464,15,0.0323,2356.0738,189.2339,17.3786,16.078
DFW,SGF,244,1,0.0041,585.7998,78.7778,9.963,12.9465
DFW,SHV,431,11,0.0255,305.7746,43.7208,8.1,7.0358
DFW,SJC,310,5,0.0161,2314.2309,186.3869,11.1836,12.2918
DFW,SJT,182,5,0.0275,366.9295,54.6497,6.9605,5.0791
DFW,SJU,124,0,0.0,3484.2211,259.629,21.5323,11.7661
DFW,SLC,279,5,0.0179,1590.0279,130.674,10.0693,10.7875
DFW,SMF,155,1,0.0065,2302.9655,182.6429,14.8312,9.1753
DFW,SNA,336,8,0.0238,1939.2547,154.0491,12.1159,11.9571
DFW,SPS,155,1,0.0065,181.8554,30.9804,6.1299,5.8824
DFW,STL,515,21,0.0408,886.7463,83.2333,3.9534,-0.1886
DFW,TPA,279,3,0.0108,1495.0769,121.558,12.0072,8.029
DFW,TUL,483,9,0.0186,381.4136,52.4114,14.365,13.0591
DFW,TUS,275,7,0.0255,1308.3934,106.7313,10.1194,9.403
DFW,TXK,151,2,0.0132,291.2905,43.6443,8.094,7.3826
DFW,TYR,279,2,0.0072,165.762,26.5471,5.3935,6.5725
DFW,TYS,93,0,0.0,1242.4105,102.8065,19.4731,13.6882
DFW,XNA,328,8,0.0244,452.2245,47.8213,12.7875,11.279
DLG,ANC,44,6,0.1364,529.4729,49.2895,13.1053,11.8158
DLH,MSP,89,2,0.0225,231.745,31.2414,3.3678,5.4943
DLH,ORD,89,1,0.0112,638.908,63.0682,8.6136,4.0455
DSM,DEN,124,0,0.0,947.9013,83.5242,7.8548,5.8306
DSM,DFW,89,2,0.0225,1004.2282,90.7816,-0.4138,-3.2989
DSM,MSP,61,2,0.0328,373.3669,44.5085,0.9831,-0.8136
DSM,ORD,341,16,0.0469,481.1927,50.7508,13.7969,10.9723
DSM,STL,182,2,0.011,418.4284,42.9889,0.3222,-0.2111
DTW,ABE,50,1,0.02,682.3602,62.6327,4.8367,3.0204
DTW,ALB,151,0,0.0,785.3579,67.106,11.0132,7.0464
DTW,ANC,35,0,0.0,4805.4892,379.0,11.4571,6.2571
DTW,ATL,511,13,0.0254,955.948,90.6265,6.8855,5.2912
DTW,AZO,27,1,0.037,181.8554,26.5,0.9231,6.7692
DTW,BDL,147,0,0.0,881.9183,74.6599,2.449,2.4966
DTW,BHM,62,0,0.0,1005.8375,89.9032,8.129,6.6935
DTW,BNA,301,1,0.0033,735.4684,70.2375,5.7533,2.8997
DTW,BOS,275,22,0.08,1017.1029,86.0952,12.0711,12.8254
DTW,BUF,155,2,0.0129,386.2416,41.5163,4.4444,3.1046
DTW,BWI,245,6,0.0245,656.6107,67.5781,7.4686,10.5148
DTW,BZN,4,0,0.0,2254.6853,184.25,6.25,-5.5
DTW,CLE,92,1,0.0109,152.8873,24.7582,5.1209,4.5385
DTW,CLT,247,4,0.0162,804.67,76.5309,2.3621,-2.4691
DTW,CMH,151,0,0.0,249.4477,34.3377,6.2583,2.1589
DTW,CVG,53,4,0.0755,368.5389,45.1837,3.2653,-0.5306
DTW,DAY,58,0,0.0,267.1504,31.614,6.4483,3.8596
DTW,DCA,274,8,0.0292,651.7827,63.3826,8.2857,10.428
DTW,DEN,247,4,0.0162,1807.2888,149.7078,9.7202,6.6914
DTW,DFW,422,9,0.0213,1588.4186,133.9685,5.3172,0.3293
DTW,EWR,468,26,0.0556,783.7486,73.5636,18.4661,16.4386
DTW,FLL,61,0,0.0,1813.7262,153.2833,9.9836,18.8833
DTW,FNT,120,1,0.0083,90.123,16.4202,4.3782,2.4706
DTW,GRB,108,0,0.0,463.4899,52.5926,0.8704,1.2685
DTW,GRR,240,5,0.0208,193.1208,26.3277,7.2255,8.2213
DTW,GSO,108,1,0.0093,740.2964,73.0935,4.6449,1.2617
DTW,GSP,89,1,0.0112,817.5447,74.4091,5.6932,-1.1591
DTW,HPN,54,3,0.0556,812.7167,75.6471,3.3922,1.7843
DTW,IAD,147,3,0.0204,616.3772,61.6181,6.7222,3.3472
DTW,IAH,333,2,0.006,1731.6498,145.0335,7.6163,5.0457
DTW,IND,265,5,0.0189,371.7575,41.2077,6.7346,7.1115
DTW,JAX,93,0,0.0,1310.0028,109.8387,5.043,2.7204
DTW,JFK,93,3,0.0323,817.5447,77.2472,8.8778,12.2697
DTW,LAN,182,1,0.0055,119.0912,19.3757,4.2486,4.3591
DTW,LAS,186,0,0.0,2816.345,223.3172,8.9032,2.7151
DTW,LAX,217,1,0.0046,3184.8839,249.3302,16.8981,12.8233
DTW,LGA,399,31,0.0777,806.2793,76.8583,20.8886,22.951
DTW,MBS,112,0,0.0,157.7153,24.5,3.4375,1.0179
DTW,MCI,146,2,0.0137,1012.2749,90.6972,10.625,4.6338
DTW,MCO,216,1,0.0046,1540.1384,124.3521,9.3674,5.8498
DTW,MDT,93,2,0.0215,595.4558,57.8889,5.5934,9.2444
DTW,MDW,499,4,0.008,368.5389,44.1367,12.0869,8.9755
DTW,MEM,310,2,0.0065,981.6974,87.7068,6.1786,-0.3225
DTW,MHT,155,0,0.0,980.0881,77.4258,7.6774,7.9161
DTW,MIA,105,0,0.0,1842.6943,146.6635,14.3619,15.8942
DTW,MKE,217,4,0.0184,383.0229,42.493,7.4742,7.9577
DTW,MSN,147,0,0.0,502.1141,51.7687,7.4558,6.551
DTW,MSP,503,6,0.0119,849.7315,83.8065,7.3763,1.2056
DTW,MSY,93,0,0.0,1490.2488,124.0761,2.3118,1.6848
DTW,ORD,727,22,0.0303,378.1949,46.3054,13.8411,15.1932
DTW,ORF,120,0,0.0,851.3409,80.5833,2.625,-1.2
DTW,PBI,62,0,0.0,1749.3526,142.1803,1.9032,5.9344
DTW,PDX,93,0,0.0,3143.041,253.8387,11.9462,1.5591
DTW,PHL,398,26,0.0653,729.031,73.627,14.0833,16.3459
DTW,PHX,248,4,0.0161,2689.2071,216.1967,17.7049,12.4057
DTW,PIT,213,6,0.0282,323.4773,39.7198,7.7246,7.7101
DTW,PVD,153,0,0.0,988.1348,83.5621,5.4575,3.5948
DTW,PWM,93,1,0.0108,1075.0391,86.4239,9.6848,7.8152
DTW,RDU,155,1,0.0065,806.2793,75.7532,7.6623,9.0
DTW,RIC,120,2,0.0167,733.859,71.6186,2.0932,3.6864
DTW,ROC,81,0,0.0,476.3646,47.0988,2.7407,0.9259
DTW,RSW,62,0,0.0,1746.1339,141.8226,9.2097,16.6452
DTW,SAN,62,0,0.0,3149.4784,248.2742,15.9839,12.8226
DTW,SBN,36,1,0.0278,252.6664,31.0571,-0.2571,-2.4571
DTW,SDF,151,1,0.0066,492.458,53.38,6.3533,7.1333
DTW,SEA,248,2,0.0081,3101.1982,252.8496,14.1463,7.3415
DTW,SFO,185,1,0.0054,3345.8179,267.0978,18.9783,10.5435
DTW,SJC,62,0,0.0,3320.0684,266.3548,5.2097,0.0645
DTW,SJU,8,0,0.0,3104.4169,249.875,28.125,28.875
DTW,SLC,62,1,0.0161,2383.4325,200.7333,2.8689,-4.75
DTW,SNA,31,0,0.0,3154.3064,249.5484,10.0645,9.2258
DTW,STL,542,1,0.0018,708.1096,72.39,4.4787,1.5009
DTW,SYR,151,1,0.0066,601.8932,54.3667,4.4867,2.2733
DTW,TPA,154,0,0.0,1581.9812,127.6169,20.0974,23.8636
DTW,TVC,124,0,0.0,333.1334,39.5887,10.4516,11.6452
DTW,TYS,62,0,0.0,712.9376,66.4194,3.6129,8.2742
DUT,ANC,62,2,0.0323,1274.5973,102.9833,11.5333,12.7833
ELM,ITH,31,0,0.0,51.4989,12.0,0.0645,1.8065
ELM,PIT,89,2,0.0225,334.7427,40.2989,3.2299,0.4368
ELP,ABQ,116,0,0.0,358.8828,37.5948,4.0172,2.4397
ELP,ATL,30,2,0.0667,2063.1739,166.7857,14.5714,17.0714
ELP,AUS,124,0,0.0,849.7315,72.3306,7.2419,2.9032
ELP,DAL,174,0,0.0,904.4491,78.3391,6.4368,2.8851
ELP,DFW,341,8,0.0235,886.7463,79.6526,4.8859,4.1571
ELP,HOU,124,0,0.0,1089.5232,91.0645,14.379,11.3871
ELP,IAH,115,0,0.0,1073.4298,96.3509,0.1304,-1.6579
ELP,LAS,62,0,0.0,939.8546,82.5968,1.2419,-1.1613
ELP,LAX,151,1,0.0066,1149.0688,98.2,11.0333,5.3133
ELP,LBB,31,0,0.0,474.7553,43.6452,15.9677,13.7742
ELP,MAF,31,0,0.0,395.8976,38.2581,5.3548,6.9677
ELP,ORD,93,2,0.0215,1989.1442,157.4556,9.8242,10.9333
ELP,PHX,356,2,0.0056,558.441,55.322,6.9548,6.5537
ELP,SAN,62,0,0.0,1023.5402,86.2742,5.3387,1.4516
ELP,SAT,116,0,0.0,798.2326,67.5565,6.9138,3.0
ERI,PIT,124,3,0.0242,175.4181,29.9583,-0.562,1.1
EUG,DEN,31,0,0.0,1604.512,120.4839,-0.3871,-1.7742
EUG,SFO,155,1,0.0065,725.8123,71.0784,13.6753,10.8758
EVV,ORD,142,10,0.0704,439.3498,54.9091,16.0,12.5909
EWR,ABQ,4,0,0.0,2904.8587,231.25,14.0,0.0
EWR,ANC,31,0,0.0,5423.4758,422.1333,19.9032,39.6667
EWR,ATL,738,42,0.0569,1198.9583,104.9007,16.4828,14.4892
EWR,AUS,81,3,0.037,2420.4474,193.9359,16.1026,12.6538
EWR,BNA,50,0,0.0,1203.7863,104.98,4.8,1.5
EWR,BOS,725,85,0.1172,321.868,41.1033,11.2781,7.626
EWR,BQN,31,0,0.0,2550.8039,209.6129,37.0,60.2258
EWR,BUF,116,1,0.0086,453.8339,46.9478,14.9478,8.7217
EWR,CHS,8,0,0.0,1010.6655,88.5,0.375,6.125
EWR,CLE,186,0,0.0,650.1734,64.2957,15.3065,11.1344
EWR,CLT,327,20,0.0612,851.3409,77.987,14.1792,16.0879
EWR,CMH,108,2,0.0185,743.5151,70.3774,13.6415,21.2453
EWR,CVG,124,6,0.0484,915.7145,89.4068,17.6949,17.2966
EWR,DAB,31,0,0.0,1422.6566,120.4516,-2.3548,-4.6129
EWR,DCA,255,10,0.0392,320.2587,38.849,8.3061,8.2082
EWR,DEN,306,1,0.0033,2582.9907,210.2706,18.9246,17.2508
EWR,DFW,499,35,0.0701,2208.0145,176.9544,11.6466,15.4967
EWR,DTW,468,28,0.0598,783.7486,78.0977,12.2182,13.1341
EWR,FLL,341,4,0.0117,1713.9471,144.2136,21.9763,17.8457
EWR,GSO,58,1,0.0172,717.7656,67.1228,23.5088,24.3333
EWR,HNL,31,0,0.0,7985.5451,575.6,5.5161,-17.4333
EWR,IAH,279,1,0.0036,2253.076,178.7292,12.1331,5.7256
EWR,IND,81,1,0.0123,1036.415,94.2625,18.7625,18.3125
EWR,JAX,89,0,0.0,1321.2681,111.1124,16.573,14.3258
EWR,LAS,217,2,0.0092,3584.0002,279.414,16.6977,14.1302
EWR,LAX,422,1,0.0024,3949.3204,306.15,16.1853,12.8452
EWR,MCI,112,3,0.0268,1757.3993,149.211,13.7523,16.6606
EWR,MCO,464,9,0.0194,1509.5609,126.4537,19.4791,16.1828
EWR,MDW,67,1,0.0149,1144.2407,105.7424,9.4091,18.4848
EWR,MEM,120,4,0.0333,1522.4356,129.5043,12.3017,9.3565
EWR,MHT,81,0,0.0,336.3521,38.3951,14.2346,6.5556
EWR,MIA,279,3,0.0108,1747.7432,144.04,15.5688,14.6509
EWR,MLB,31,0,0.0,1517.6076,129.6774,1.2581,-11.8387
EWR,MSP,352,15,0.0426,1622.2147,145.9702,10.4332,3.3095
EWR,MSY,120,4,0.0333,1878.0998,151.9397,8.9828,7.931
EWR,MYR,31,0,0.0,885.137,77.6129,1.6129,0.0968
EWR,OAK,54,0,0.0,4110.2544,327.2264,5.4074,8.6792
EWR,ORD,1114,118,0.1059,1157.1155,108.751,12.7811,12.913
EWR,ORF,77,0,0.0,457.0526,46.8026,13.1558,14.5395
EWR,PBI,221,1,0.0045,1647.9642,135.4,15.9545,12.2818
EWR,PDX,58,0,0.0,3915.5242,315.5517,5.0345,-5.9828
EWR,PHX,267,3,0.0112,3432.7222,272.6174,15.4659,9.6023
EWR,PIT,271,24,0.0886,513.3795,58.2186,26.5587,33.1174
EWR,PVD,92,1,0.0109,257.4944,34.3626,16.8901,16.3846
EWR,PWM,31,0,0.0,457.0526,47.4194,-1.5806,-8.4839
EWR,RDU,147,4,0.0272,669.4854,64.8811,13.3636,10.2168
EWR,RIC,54,1,0.0185,447.3965,52.7925,3.3396,3.8113
EWR,RSW,159,7,0.044,1718.7751,148.0066,4.9408,0.7763
EWR,SAN,120,0,0.0,3902.6495,305.5,13.4583,11.2667
EWR,SAT,27,0,0.0,2525.0545,206.4444,25.2963,20.9259
EWR,SAV,4,0,0.0,1139.4127,97.0,9.0,32.5
EWR,SEA,151,0,0.0,3864.0253,315.7933,10.0132,8.26
EWR,SFO,364,9,0.0247,4127.9571,327.2918,11.9352,9.4759
EWR,SJC,89,1,0.0112,4100.5983,326.25,10.5341,17.8068
EWR,SJU,217,1,0.0046,2587.8187,203.4028,8.5556,0.9306
EWR,SLC,93,0,0.0,3167.1811,256.3226,22.6237,14.828
EWR,SNA,108,4,0.037,3915.5242,307.1373,4.0096,-1.1569
EWR,SRQ,31,0,0.0,1664.0576,139.4839,7.3548,-2.7419
EWR,STL,236,8,0.0339,1403.3445,125.5727,13.2018,17.1189
EWR,STT,26,0,0.0,2629.6616,204.2692,9.2692,7.8462
EWR,TPA,177,0,0.0,1606.1213,133.3333,18.9944,20.6441
EYW,MIA,186,7,0.0376,202.7768,35.5169,5.3073,3.6236
FAI,ANC,337,1,0.003,420.0377,43.497,6.3601,6.5446
FAI,BRW,80,1,0.0125,809.498,77.4872,9.2278,11.0769
FAI,MSP,31,0,0.0,3968.6324,292.6129,4.9355,-2.7097
FAI,SCC,13,1,0.0769,600.2838,55.8333,14.75,11.4167
FAI,SEA,124,0,0.0,2467.1182,203.3226,3.8629,16.7661
FAR,MSP,155,1,0.0065,358.8828,42.0649,0.6883,-1.1234
FAT,DFW,31,0,0.0,2113.0634,164.5806,1.7097,7.6129
FAT,LAX,368,9,0.0245,336.3521,56.6156,7.3092,9.4485
FAY,CLT,62,2,0.0323,189.9021,35.4,-2.2167,-0.3667
FCA,MSP,62,0,0.0,1651.1828,131.3667,9.3871,4.9333
FCA,SLC,93,1,0.0108,856.1689,72.7391,5.1739,2.7391
FLL,ATL,310,0,0.0,935.0265,83.8669,5.8968,1.3474
FLL,BDL,111,2,0.018,1887.7558,160.213,14.7431,13.1667
FLL,BNA,31,0,0.0,1276.2066,111.3871,0.0,-5.2581
FLL,BOS,248,11,0.0444,1990.7536,175.0433,16.0253,14.9307
FLL,BWI,190,2,0.0105,1488.6395,132.5426,9.3351,7.484
FLL,CLE,70,0,0.0,1709.1191,145.5571,0.2429,-2.1714
FLL,CLT,186,1,0.0054,1015.4935,97.2065,6.2919,8.0543
FLL,CVG,93,3,0.0323,1499.9049,126.4889,-1.2333,-2.4333
FLL,DCA,124,1,0.0081,1446.7967,126.3279,5.5854,4.877
FLL,DFW,221,1,0.0045,1800.8515,148.5571,8.0591,9.0548
FLL,DTW,62,0,0.0,1813.7262,152.6774,-3.1935,-8.4355
FLL,EWR,341,4,0.0117,1713.9471,152.506,18.7953,21.512
FLL,IAD,62,1,0.0161,1450.0153,128.0656,25.8852,20.4098
FLL,IAH,155,0,0.0,1553.0131,129.4935,1.5742,1.3182
FLL,IND,31,0,0.0,1617.3867,138.9355,1.0,3.4839
FLL,ISP,124,3,0.0242,1759.0086,150.7273,16.3967,15.0331
FLL,JAX,201,0,0.0,511.7701,50.8706,6.0746,3.5522
FLL,JFK,124,2,0.0161,1720.3845,146.1818,17.7459,11.281
FLL,LAS,31,0,0.0,3498.7052,265.6452,24.2581,14.9032
FLL,LAX,31,1,0.0323,3769.0743,286.8667,10.9667,8.8667
FLL,LGA,341,6,0.0176,1731.6498,155.7423,21.3343,20.1074
FLL,MCO,240,0,0.0,286.4625,36.8625,6.3167,4.7917
FLL,MDW,62,0,0.0,1876.4904,158.3226,8.9516,2.2742
FLL,MEM,31,0,0.0,1369.5483,120.9,4.4194,-1.7667
FLL,MSY,31,0,0.0,1083.0858,97.8065,0.5806,-4.6452
FLL,ORD,248,6,0.0242,1902.2399,163.2552,11.4298,14.1883
FLL,PHL,184,1,0.0054,1596.4653,143.8743,10.7923,15.235
FLL,PHX,31,0,0.0,3173.6185,251.0323,19.0645,14.4516
FLL,PIT,132,4,0.0303,1599.684,139.126,6.6094,9.7559
FLL,PVD,31,1,0.0323,1911.8959,157.8966,21.8667,23.3103
FLL,SJU,113,3,0.0265,1683.3696,131.3909,0.6182,0.5091
FLL,STL,93,0,0.0,1699.463,147.172,0.6667,-0.9892
FLL,TPA,352,1,0.0028,317.04,37.4943,7.4444,4.8029
FNT,DTW,120,1,0.0083,90.123,18.5882,-0.479,-0.7815
FSD,MSP,182,0,0.0,317.04,38.9286,-1.4066,-0.1264
FSD,STL,93,1,0.0108,757.9991,69.4457,1.8478,0.5
FSM,DFW,240,7,0.0292,366.9295,50.7069,-1.2275,-5.6466
FWA,DFW,58,2,0.0345,1382.4231,120.8182,6.1964,-2.4
FWA,ORD,124,10,0.0806,252.6664,34.1053,9.5702,5.0965
GEG,BOI,89,0,0.0,461.8806,43.6292,3.9888,2.618
GEG,DEN,124,0,0.0,1345.4082,108.0645,6.0806,-1.8306
GEG,MSP,93,0,0.0,1890.9745,146.4194,4.7527,5.4624
GEG,OAK,31,0,0.0,1163.5528,107.7097,3.4194,-0.3871
GEG,ORD,62,0,0.0,2410.7913,182.5763,10.0,9.7966
GEG,PDX,124,0,0.0,449.0059,46.7097,7.0565,4.5
GEG,PHX,62,0,0.0,1641.5268,139.5161,6.7742,6.5484
GEG,SEA,425,3,0.0071,360.4922,44.7905,21.2796,23.5452
GEG,SLC,124,0,0.0,878.6996,73.7419,0.5887,-2.871
GFK,MSP,16,0,0.0,457.0526,47.1875,-2.625,-11.0
GGG,DFW,154,3,0.0195,225.3076,38.404,-0.5629,-1.8411
GPT,MEM,93,2,0.0215,521.4262,57.4066,-1.7582,-1.1099
GRB,DTW,139,1,0.0072,463.4899,49.1667,-0.413,-3.2246
GRB,MSP,92,1,0.0109,405.5537,49.4396,-0.9231,-2.9011
GRB,ORD,155,6,0.0387,280.0252,36.047,12.4295,4.9195
GRR,DFW,93,4,0.043,1498.2955,128.7753,13.5281,2.4382
GRR,DTW,240,8,0.0333,193.1208,30.7759,0.6552,-1.5862
GRR,MSP,151,1,0.0066,656.6107,69.2467,3.6333,3.26
GRR,ORD,433,18,0.0416,220.4796,31.0964,15.2,11.1952
GRR,PIT,62,0,0.0,513.3795,53.7049,-0.5806,1.5738
GSO,ATL,276,10,0.0362,492.458,54.9436,5.7218,3.2744
GSO,CLT,230,6,0.0261,133.5752,22.9955,4.9643,6.2679
GSO,CVG,31,0,0.0,531.0822,59.0,-0.3548,-3.129
GSO,DFW,62,0,0.0,1607.7307,138.3226,2.5645,1.5161
GSO,DTW,108,1,0.0093,740.2964,74.5047,-3.5888,-10.8598
GSO,EWR,54,1,0.0185,717.7656,74.6981,19.0,21.4717
GSO,IAH,62,0,0.0,1586.8092,134.8548,-0.5968,-5.0968
GSO,LGA,143,12,0.0839,741.9057,73.8372,16.5267,14.5039
GSO,MEM,31,0,0.0,917.3238,89.8065,-3.1613,-1.9032
GSO,ORD,181,10,0.0552,949.5106,92.1471,8.1579,3.9647
GSO,PHL,124,5,0.0403,587.4091,69.2017,12.8739,19.9664
GSO,PIT,58,2,0.0345,489.2394,57.6607,5.0714,5.5357
GSO,RDU,4,0,0.0,107.8258,18.5,-7.75,-12.0
GSP,ATL,178,13,0.073,246.229,31.9939,0.8606,-2.103
GSP,CLT,151,10,0.0662,120.7005,24.6879,-0.4681,4.0
GSP,DFW,93,2,0.0215,1387.2511,125.3297,6.044,-2.5604
GSP,DTW,89,1,0.0112,817.5447,83.1023,0.4545,-1.2727
GSP,ORD,124,10,0.0806,928.5892,92.7232,17.3772,8.8571
GSP,PHL,31,2,0.0645,827.2008,88.7586,11.7586,20.3793
GST,JNU,31,0,0.0,65.9829,13.8065,5.9677,4.6129
GTF,HLN,31,0,0.0,107.8258,15.1613,-0.129,-2.2581
GTF,MSP,66,1,0.0152,1427.4846,117.1385,3.3692,4.3077
GTF,SLC,62,0,0.0,745.1244,66.0323,-2.4677,-4.6935
HLN,FCA,31,0,0.0,255.8851,30.5806,-4.5806,-5.0
HLN,SLC,62,0,0.0,646.9547,58.9355,1.9355,-0.4516
HNL,DFW,62,0,0.0,6089.7426,418.4516,-3.0645,-1.9355
HNL,EWR,31,0,0.0,7985.5451,520.9032,-2.9032,-2.871
HNL,IAH,52,1,0.0192,6282.8634,421.0,10.9412,13.902
HNL,ITO,372,2,0.0054,347.6174,38.0622,4.2054,5.7189
HNL,KOA,569,9,0.0158,262.3224,29.0821,10.1107,10.1768
HNL,LAX,376,1,0.0027,4113.473,283.832,2.504,-3.4667
HNL,LIH,706,7,0.0099,164.1527,22.2446,4.0615,4.6996
HNL,MSP,31,0,0.0,6392.2985,422.1935,2.4516,-12.1613
HNL,OAK,31,0,0.0,3876.9001,280.4194,0.9677,-0.0645
HNL,OGG,842,15,0.0178,160.934,23.1076,4.2551,5.873
HNL,ORD,31,0,0.0,6828.4296,466.4194,2.0645,10.5484
HNL,SEA,62,0,0.0,4308.2032,295.4839,8.3871,-0.371
HNL,SFO,194,1,0.0052,3859.1973,267.9534,4.0777,0.9637
HNL,SJC,31,0,0.0,3888.1654,282.9355,-1.9355,0.6774
HNL,SNA,31,0,0.0,4156.9252,299.2903,4.5806,11.9677
HNL,STL,35,0,0.0,6644.9649,455.6571,3.9143,3.0
HOU,ABQ,62,0,0.0,1221.4891,100.6774,8.871,2.5
HOU,ATL,155,3,0.0194,1120.1006,102.4408,5.8158,4.75
HOU,AUS,402,10,0.0249,238.1823,28.1816,10.7321,8.1816
HOU,BHM,93,0,0.0,917.3238,81.5914,13.4301,10.6774
HOU,BNA,209,1,0.0048,1078.2578,92.5096,11.0577,6.3125
HOU,BWI,62,0,0.0,2005.2376,170.3115,9.7097,7.6885
HOU,CRP,232,6,0.0259,300.9466,32.2832,10.2788,8.1991
HOU,DAL,1044,64,0.0613,384.6323,41.3177,11.05,9.7293
HOU,DFW,391,31,0.0793,397.507,56.5389,10.1778,8.4917
HOU,ELP,93,1,0.0108,1089.5232,88.9674,18.3152,13.8261
HOU,HRL,267,8,0.03,444.1778,41.6757,13.2587,11.8494
HOU,JAN,124,0,0.0,577.7531,57.0645,12.1613,9.9435
HOU,LAS,120,0,0.0,1987.5349,159.725,11.9917,7.7667
HOU,LAX,89,2,0.0225,2236.9826,173.9655,6.8276,3.7586
HOU,LGA,84,2,0.0238,2298.1375,190.378,15.6951,15.5732
HOU,LIT,31,0,0.0,632.4706,58.871,7.8065,9.2581
HOU,MAF,58,4,0.069,709.7189,61.9259,17.1481,16.4259
HOU,MCI,35,0,0.0,1071.8204,92.2059,15.3714,9.5588
HOU,MDW,62,0,0.0,1507.9516,124.5,14.4032,3.7742
HOU,MSY,631,5,0.0079,487.63,47.8291,12.1773,10.0703
HOU,OKC,112,0,0.0,674.3135,60.4107,14.8661,12.3661
HOU,PHX,155,0,0.0,1641.5268,135.0387,9.1484,4.9871
HOU,SAT,348,1,0.0029,308.9933,34.9049,8.5216,7.2853
HOU,STL,263,1,0.0038,1105.6166,99.2405,13.8588,8.2328
HOU,TUL,143,2,0.014,729.031,65.0142,6.922,4.2837
HPN,BOS,242,37,0.1529,267.1504,44.5073,11.0098,7.039
HPN,DTW,54,3,0.0556,812.7167,79.3333,-0.1569,0.1176
HPN,ORD,367,43,0.1172,1187.6929,112.3158,12.1358,11.8142
HPN,PIT,58,3,0.0517,555.2223,63.3818,3.2182,7.0727
HRL,AUS,31,0,0.0,439.3498,46.8065,8.7097,4.7742
HRL,DAL,4,0,0.0,737.0777,71.5,0.0,-5.75
HRL,DFW,93,1,0.0108,741.9057,98.1978,6.3261,5.3736
HRL,HOU,267,7,0.0262,444.1778,46.9654,10.0269,7.45
HRL,SAT,62,0,0.0,374.9762,39.4677,10.7097,7.5806
HSV,ATL,217,10,0.0461,243.0103,32.8889,1.5072,-0.0531
HSV,CLT,62,0,0.0,535.9102,60.5806,-2.3226,-1.1613
HSV,DFW,120,1,0.0083,970.432,92.839,-0.2353,-0.8475
HSV,MLU,31,0,0.0,542.3476,48.8387,0.1613,4.2903
HSV,ORD,89,6,0.0674,820.7634,85.5542,7.0241,3.4096
IAD,ATL,432,17,0.0394,857.7782,79.9518,11.3108,11.9663
IAD,AUS,31,0,0.0,2087.314,170.7742,54.9032,47.6774
IAD,BDL,120,2,0.0167,524.6448,54.4322,14.3051,11.339
IAD,BOS,360,31,0.0861,664.6574,66.8445,19.7903,18.3689
IAD,CLT,154,5,0.0325,516.5981,51.4362,5.9262,4.1342
IAD,DEN,310,5,0.0161,2336.7617,188.2178,12.1344,4.6832
IAD,DFW,337,17,0.0504,1886.1465,152.1994,13.6406,7.6456
IAD,DTW,147,4,0.0272,616.3772,65.3566,1.8462,-4.1748
IAD,FLL,62,0,0.0,1450.0153,133.4355,-0.2903,-5.129
IAD,IAH,89,0,0.0,1915.1146,157.7753,0.6517,-3.0337
IAD,LAS,62,0,0.0,3324.8964,259.5323,25.0323,20.6452
IAD,LAX,399,8,0.0201,3682.1699,281.0026,16.4246,10.5641
IAD,LGA,244,18,0.0738,368.5389,46.5268,24.7478,25.5089
IAD,MCO,403,8,0.0199,1219.8797,105.3756,11.9848,7.9975
IAD,MIA,124,0,0.0,1482.2021,127.7097,9.2016,5.2339
IAD,MSP,155,2,0.0129,1461.2807,132.894,8.549,0.3113
IAD,MSY,62,0,0.0,1535.3104,123.6774,31.9355,24.1774
IAD,ORD,275,8,0.0291,947.9013,89.4432,24.1498,22.0985
IAD,PDX,62,2,0.0323,3744.9342,296.8333,23.2667,1.0167
IAD,PHL,93,3,0.0323,215.6516,36.6444,18.0111,19.5111
IAD,PHX,31,0,0.0,3147.869,250.2258,34.2581,31.5161
IAD,PIT,31,2,0.0645,294.5092,35.3103,0.6552,-2.931
IAD,ROC,31,0,0.0,465.0993,46.6452,30.2258,25.5484
IAD,SAN,93,0,0.0,3625.843,279.2747,10.129,2.9011
IAD,SEA,124,0,0.0,3711.138,300.6829,15.4355,7.9837
IAD,SFO,302,12,0.0397,3892.9935,303.0379,16.2276,12.7
IAD,SJC,62,1,0.0161,3862.416,304.377,17.0328,8.5574
IAD,SJU,52,0,0.0,2528.2731,206.5769,-0.6346,1.9231
IAD,SLC,62,1,0.0161,2940.2642,237.918,3.3115,-2.2951
IAD,SMF,31,0,0.0,3794.8237,299.8065,10.7742,-0.3548
IAD,STL,124,8,0.0645,1120.1006,101.8707,1.819,-6.5259
IAD,TPA,155,2,0.0129,1303.5654,108.5686,12.8758,11.1569
IAH,ABQ,155,0,0.0,1197.349,98.1613,8.1419,12.5742
IAH,ANC,31,0,0.0,5256.1044,393.3226,8.6452,9.5806
IAH,ATL,452,6,0.0133,1108.8353,99.3004,5.4686,7.3386
IAH,AUS,320,4,0.0125,225.3076,26.9778,5.557,8.7405
IAH,BDL,31,0,0.0,2425.2754,189.4516,13.3871,9.7742
IAH,BHM,58,0,0.0,904.4491,77.5,10.3276,11.2759
IAH,BNA,85,0,0.0,1057.3364,88.6824,2.4,2.3529
IAH,BOS,178,1,0.0056,2570.116,206.4971,15.6441,13.9714
IAH,BRO,27,0,0.0,495.6767,47.5926,16.4444,20.8519
IAH,BTR,27,1,0.037,407.163,40.9615,3.0385,-3.1538
IAH,BWI,178,0,0.0,1987.5349,159.4888,13.9213,15.4607
IAH,CLE,236,0,0.0,1755.7899,138.9873,6.5042,4.661
IAH,CLT,178,2,0.0112,1469.3274,124.5795,6.4148,10.5739
IAH,CMH,89,1,0.0112,1586.8092,127.9091,11.625,12.8068
IAH,COS,62,0,0.0,1301.9561,107.0323,1.629,1.2581
IAH,CRP,35,0,0.0,323.4773,34.9429,5.0,7.7429
IAH,DAL,197,10,0.0508,349.2268,38.4301,8.0909,8.2903
IAH,DCA,240,0,0.0,1944.0827,156.9205,3.5292,2.8494
IAH,DEN,430,8,0.0186,1385.6417,115.0071,7.7062,7.0546
IAH,DFW,649,23,0.0354,360.4922,41.9888,8.131,10.1699
IAH,DTW,333,2,0.006,1731.6498,139.6375,4.3263,2.5287
IAH,ELP,115,0,0.0,1073.4298,85.2261,2.6696,5.8783
IAH,EWR,310,0,0.0,2253.076,185.8377,13.7032,14.5779
IAH,FLL,155,0,0.0,1553.0131,124.1548,3.2968,2.2065
IAH,GSO,62,0,0.0,1586.8092,131.4516,1.9516,3.0645
IAH,HNL,52,3,0.0577,6282.8634,441.7708,21.3673,21.8333
IAH,IAD,89,0,0.0,1915.1146,158.7727,0.5618,0.1705
IAH,IND,93,0,0.0,1359.8923,107.9677,10.8925,7.5914
IAH,JAX,93,0,0.0,1314.8308,106.6452,10.4194,7.914
IAH,JFK,62,0,0.0,2280.4348,190.7049,4.9839,14.3934
IAH,LAS,212,2,0.0094,1966.6135,153.3636,8.4333,10.1292
IAH,LAX,368,5,0.0136,2219.2799,170.2541,14.4738,13.0249
IAH,LBB,1,0,0.0,737.0777,69.0,-2.0,-8.0
IAH,LGA,259,2,0.0077,2278.8254,188.4348,22.677,23.3676
IAH,MCI,120,1,0.0083,1034.8056,88.7034,8.5294,8.7797
IAH,MCO,190,0,0.0,1372.767,113.9632,8.7,6.8211
IAH,MEM,151,2,0.0132,754.7805,68.8121,4.0604,4.9463
IAH,MFE,182,0,0.0,508.5514,48.9116,6.8242,8.8674
IAH,MIA,270,1,0.0037,1551.4038,123.5242,5.2565,0.3866
IAH,MKE,27,0,0.0,1583.5906,128.2593,3.6667,19.2593
IAH,MSP,306,2,0.0065,1664.0576,141.0396,3.4079,1.2904
IAH,MSY,383,1,0.0026,490.8487,45.4136,5.144,5.8141
IAH,OAK,62,0,0.0,2620.0055,206.4516,9.7419,16.4194
IAH,OKC,116,0,0.0,635.6893,56.5172,4.7069,8.8966
IAH,OMA,31,0,0.0,1256.8945,100.5161,8.0323,6.0968
IAH,ONT,61,0,0.0,2146.8596,162.2295,4.7705,5.1803
IAH,ORD,603,26,0.0431,1488.6395,126.2566,11.3501,10.8014
IAH,ORF,58,0,0.0,1932.8173,154.7759,2.931,0.5517
IAH,PBI,62,1,0.0161,1538.529,120.8361,4.7213,3.9344
IAH,PDX,93,0,0.0,2937.0455,229.7097,4.828,2.8387
IAH,PHL,271,2,0.0074,2130.7662,179.2788,7.8104,9.0595
IAH,PHX,306,0,0.0,1623.8241,132.5784,8.6993,11.3922
IAH,PIT,213,2,0.0094,1797.6328,149.1048,4.9336,7.319
IAH,PNS,62,2,0.0323,786.9673,67.1,3.8667,2.0667
IAH,PVD,31,0,0.0,2508.9611,195.6452,7.6774,7.2903
IAH,RDU,89,0,0.0,1678.5416,138.9551,1.1011,1.5393
IAH,RIC,27,0,0.0,1862.0064,150.7778,6.0,11.1852
IAH,RNO,31,0,0.0,2462.2902,191.6452,2.9355,4.0
IAH,RSW,35,0,0.0,1385.6417,110.8,9.7714,12.4857
IAH,SAN,155,0,0.0,2096.97,159.2452,10.2903,11.7806
IAH,SAT,336,3,0.0089,307.3839,34.3093,7.0751,9.964
IAH,SDF,58,0,0.0,1268.1599,106.3276,1.8966,4.9483
IAH,SEA,155,0,0.0,3015.9032,236.6839,12.8129,11.4
IAH,SFO,271,7,0.0258,2631.2709,209.9924,13.1742,12.1705
IAH,SJC,120,0,0.0,2587.8187,205.6555,3.3167,6.7143
IAH,SJU,35,0,0.0,3229.9454,243.7714,1.0857,-4.8286
IAH,SLC,151,0,0.0,1923.1613,156.404,8.1391,10.0662
IAH,SMF,62,0,0.0,2589.4281,204.5968,6.7581,8.4194
IAH,SNA,147,1,0.0068,2167.781,168.7931,2.2877,3.8414
IAH,STL,147,0,0.0,1075.0391,96.2313,4.2245,5.9184
IAH,TPA,182,0,0.0,1266.5506,104.4286,6.0879,7.0385
IAH,TUL,143,0,0.0,690.4069,61.7413,2.2657,3.0
IAH,TUS,62,1,0.0161,1506.3422,117.0492,7.377,11.1967
ICT,DEN,93,1,0.0108,674.3135,63.163,7.2283,7.2717
ICT,DFW,261,10,0.0383,527.8635,66.1,2.4263,2.444
ICT,MEM,31,0,0.0,729.031,61.7419,7.7742,3.6774
ICT,ORD,93,4,0.043,946.2919,82.4318,18.5955,22.7386
ICT,PHX,58,0,0.0,1400.1258,122.931,7.3276,7.6724
ICT,STL,182,6,0.033,630.8613,60.4886,-0.8409,-0.3636
ILE,DFW,275,8,0.0291,209.2142,39.4382,6.3783,7.588
ILM,CLT,186,2,0.0108,297.7279,40.4076,0.9239,3.212
IND,ATL,186,4,0.0215,695.2349,70.7637,4.0659,10.8791
IND,BWI,93,0,0.0,828.8101,77.5111,6.6452,6.2333
IND,CLT,160,3,0.0188,688.7975,70.2885,3.535,7.2051
IND,CVG,62,1,0.0161,157.7153,24.7541,-2.0492,0.0656
IND,DCA,77,5,0.0649,803.0607,75.1944,4.7639,8.125
IND,DEN,124,0,0.0,1572.3252,134.0,12.5968,7.2097
IND,DFW,155,2,0.0129,1226.3171,107.183,11.3529,12.5033
IND,DTW,265,5,0.0189,371.7575,45.5962,0.3846,0.9115
IND,EWR,81,1,0.0123,1036.415,96.4051,34.225,35.5443
IND,FLL,31,0,0.0,1617.3867,139.6129,1.5484,11.5484
IND,IAH,93,0,0.0,1359.8923,116.7527,9.5484,9.3763
IND,JAX,31,0,0.0,1107.2259,95.1613,14.8065,15.0323
IND,LAS,62,1,0.0161,2560.4599,204.459,6.4098,-4.6721
IND,LAX,31,0,0.0,2919.3428,232.8387,19.7742,20.3548
IND,LGA,54,7,0.1296,1060.5551,100.9149,6.9149,6.5106
IND,MCI,31,0,0.0,725.8123,66.7419,0.4839,-3.8387
IND,MCO,124,1,0.0081,1332.5335,112.7805,10.7561,10.5366
IND,MDW,147,1,0.0068,260.7131,33.0548,10.274,11.9658
IND,MEM,124,2,0.0161,613.1585,58.9918,0.0,0.2049
IND,MSP,182,1,0.0055,809.498,85.0387,2.3149,1.895
IND,MSY,31,0,0.0,1139.4127,95.5806,8.1935,5.7097
IND,ORD,488,26,0.0533,284.8532,40.9913,13.9026,11.5498
IND,PHL,148,7,0.0473,944.6826,89.6857,9.7943,15.6643
IND,PHX,93,1,0.0108,2396.3073,191.413,9.1739,6.7935
IND,PIT,178,7,0.0393,523.0355,55.0529,7.6316,11.4
IND,RSW,31,0,0.0,1522.4356,127.4516,9.129,8.0323
IND,STL,324,2,0.0062,368.5389,41.6491,3.7391,2.1491
IND,TPA,31,1,0.0323,1348.6269,111.5667,21.9333,17.4667
ISP,BNA,93,0,0.0,1292.3,117.2903,19.8495,13.7204
ISP,BOS,271,29,0.107,246.229,39.8672,14.0413,10.7884
ISP,BWI,248,1,0.004,354.0548,52.1619,12.587,9.8704
ISP,FLL,124,3,0.0242,1759.0086,154.7542,18.1983,8.6695
ISP,JAX,31,0,0.0,1382.4231,118.6774,6.3548,1.0645
ISP,MCO,93,1,0.0108,1564.2785,132.5435,0.5978,-8.2609
ISP,MDW,89,0,0.0,1231.1451,117.5287,12.2247,5.5747
ISP,PVD,116,1,0.0086,173.8087,26.8,9.4696,7.513
ISP,TPA,62,0,0.0,1664.0576,148.2903,2.8548,-6.1935
ITH,ELM,58,2,0.0345,51.4989,10.75,-2.9643,-0.4821
ITH,PIT,62,1,0.0161,384.6323,44.8689,2.0164,-2.918
ITO,HNL,341,2,0.0059,347.6174,37.4956,2.9882,3.6549
ITO,KOA,31,0,0.0,102.9978,18.5484,-1.1935,-1.6452
ITO,OGG,62,1,0.0161,194.7301,25.8197,1.5574,1.3607
JAC,DEN,66,0,0.0,653.392,61.6462,8.6212,7.5231
JAC,DFW,39,0,0.0,1683.3696,131.7222,25.7179,23.0
JAC,ORD,4,0,0.0,1870.0531,143.6667,50.0,62.3333
JAN,ATL,155,0,0.0,548.7849,57.7484,4.3419,6.2452
JAN,BHM,61,2,0.0328,339.5707,37.339,2.0,3.0
JAN,BWI,62,0,0.0,1429.0939,124.9677,14.5806,15.1935
JAN,DFW,183,3,0.0164,656.6107,80.6966,5.2889,3.8989
JAN,HOU,124,0,0.0,577.7531,57.9268,8.5645,7.6423
JAN,MCO,31,0,0.0,944.6826,85.871,18.2581,14.5161
JAN,MDW,62,0,0.0,1071.8204,95.6774,3.6613,0.7742
JAN,MEM,84,1,0.0119,304.1653,40.5904,-0.7229,-0.747
JAN,MLU,31,0,0.0,186.6834,23.7419,24.6129,29.9677
JAN,PNS,31,2,0.0645,341.1801,32.7931,10.6207,13.0345
JAX,ATL,310,3,0.0097,434.5218,47.366,7.6873,8.4412
JAX,BHM,31,0,0.0,587.4091,54.3548,0.0,-4.1613
JAX,BNA,93,0,0.0,778.9206,71.1183,4.4624,0.7097
JAX,BWI,155,2,0.0129,1066.9924,94.6513,13.6667,14.0263
JAX,CLT,185,0,0.0,529.4729,58.7514,4.2432,6.0378
JAX,CVG,62,1,0.0161,988.1348,89.5574,2.3934,-0.7049
JAX,DCA,62,1,0.0161,1020.3216,92.6885,2.2951,7.8361
JAX,DFW,186,1,0.0054,1478.9835,127.1033,4.0378,7.7554
JAX,DTW,93,0,0.0,1310.0028,117.6882,0.7204,-0.914
JAX,EWR,89,0,0.0,1321.2681,117.4607,13.6629,13.0449
JAX,FLL,201,0,0.0,511.7701,55.0498,5.7164,2.6418
JAX,IAH,93,0,0.0,1314.8308,111.1522,12.4194,12.8804
JAX,IND,31,0,0.0,1107.2259,99.9677,12.2581,6.8065
JAX,ISP,31,0,0.0,1382.4231,117.3226,26.6452,25.0
JAX,LGA,93,5,0.0538,1342.1896,122.0,15.3068,16.8391
JAX,MEM,62,0,0.0,926.9798,85.8387,0.5,-1.5
JAX,MIA,182,13,0.0714,537.5196,88.8462,2.5621,2.3905
JAX,MSY,31,0,0.0,825.5914,72.5806,0.7742,-2.8387
JAX,PHL,93,0,0.0,1194.1303,108.4301,8.6452,12.1075
JAX,STL,93,1,0.0108,1211.833,108.3696,1.2826,-0.4022
JAX,TPA,85,0,0.0,289.6812,34.4588,7.8,6.3294
JFK,ALB,124,1,0.0081,233.3543,39.4065,24.6179,23.1301
JFK,ATL,93,2,0.0215,1223.0984,103.7912,41.4505,44.0659
JFK,BDL,124,13,0.1048,170.59,28.8198,14.1081,10.6306
JFK,BOS,423,30,0.0709,300.9466,44.0128,21.2697,20.4847
JFK,BUF,185,8,0.0432,484.4113,80.4011,22.0734,21.0734
JFK,BWI,186,14,0.0753,296.1186,52.3488,23.9826,23.093
JFK,CLE,93,10,0.1075,683.9695,96.4217,30.8313,21.7108
JFK,CVG,62,0,0.0,947.9013,88.4355,17.6774,30.5323
JFK,DCA,368,29,0.0788,342.7894,52.6138,15.8348,10.2305
JFK,DFW,62,3,0.0484,2238.5919,179.1186,20.678,26.2373
JFK,DTW,93,3,0.0323,817.5447,85.1889,12.9333,4.4222
JFK,FLL,124,2,0.0161,1720.3845,148.5328,17.2295,8.8115
JFK,IAH,62,0,0.0,2280.4348,186.6066,12.1452,0.8361
JFK,LAS,185,7,0.0378,3617.7963,282.678,25.6348,7.2203
JFK,LAX,819,17,0.0208,3983.1165,305.5952,12.7843,4.1416
JFK,MCO,217,2,0.0092,1519.217,129.8791,14.2233,8.6512
JFK,MIA,278,12,0.0432,1754.1806,146.5489,15.1617,7.0414
JFK,MSP,62,2,0.0323,1654.4015,154.661,5.7833,-15.0339
JFK,ORD,4,0,0.0,1190.9116,113.5,9.75,15.75
JFK,ORH,31,6,0.1935,241.401,37.6,10.36,11.96
JFK,PDX,31,0,0.0,3949.3204,316.2258,35.4516,30.4194
JFK,PHX,124,2,0.0161,3464.909,272.3525,22.1721,7.0738
JFK,PIT,124,10,0.0806,547.1756,96.6053,27.193,26.0175
JFK,PVD,155,10,0.0645,231.745,36.6138,27.2,26.2552
JFK,RDU,185,10,0.0541,685.5788,102.8736,24.4343,21.9483
JFK,ROC,155,5,0.0323,424.8658,71.3467,17.22,17.4
JFK,SAN,120,1,0.0083,3936.4456,303.3697,11.4286,1.3025
JFK,SEA,124,2,0.0161,3896.2121,321.7623,20.6393,16.1721
JFK,SFO,589,18,0.0306,4161.7532,329.1705,10.7145,1.7469
JFK,SJC,93,1,0.0108,4134.3945,329.5165,9.2391,6.033
JFK,SJU,317,2,0.0063,2570.116,200.9079,17.381,16.6635
JFK,SLC,93,0,0.0,3200.9773,257.7742,16.9032,6.0538
JFK,STL,155,2,0.0129,1435.5313,127.1569,7.634,5.8824
JFK,STT,17,0,0.0,2611.9588,202.1176,0.5294,-5.7647
JFK,SYR,93,6,0.0645,336.3521,57.5977,25.954,21.954
JFK,TPA,62,0,0.0,1617.3867,140.8387,22.5968,9.129
JNU,ANC,124,0,0.0,918.9331,80.5246,15.9677,13.7377
JNU,GST,31,0,0.0,65.9829,12.1613,12.6452,10.9355
JNU,KTN,62,2,0.0323,376.5856,39.0667,4.9167,8.9833
JNU,PSG,31,1,0.0323,197.9488,29.8966,22.2333,21.2069
JNU,SEA,194,0,0.0,1462.8901,124.366,11.4536,19.8763
JNU,SIT,124,1,0.0081,152.8873,23.813,9.1463,10.1545
JNU,YAK,31,4,0.129,320.2587,35.2963,11.6667,13.6296
KOA,HNL,514,6,0.0117,262.3224,29.8366,8.0453,8.8819
KOA,ITO,31,1,0.0323,102.9978,21.8,-1.5667,2.1667
KOA,LAX,93,1,0.0108,4029.7874,284.587,-1.1413,0.4022
KOA,OAK,18,0,0.0,3827.0105,280.7778,2.1667,-2.3333
KOA,OGG,116,1,0.0086,135.1846,19.5478,2.087,2.5826
KOA,SFO,31,0,0.0,3809.3078,267.8065,-0.5806,-1.2258
KTN,JNU,62,2,0.0323,376.5856,39.9667,8.85,7.4333
KTN,SEA,155,1,0.0065,1094.3512,97.7273,7.1234,15.5649
KTN,SIT,31,0,0.0,294.5092,34.0,6.1935,4.8065
KTN,WRG,31,0,0.0,131.9659,24.2414,22.9032,23.069
LAN,DTW,182,1,0.0055,119.0912,25.2928,0.442,-1.5691
LAN,MSP,62,0,0.0,732.2497,73.3226,0.2097,-2.9032
LAS,ABQ,186,0,0.0,783.7486,67.1398,8.7097,6.9086
LAS,ALB,31,0,0.0,3600.0936,257.6786,12.6774,1.4286
LAS,AMA,31,0,0.0,1219.8797,99.3871,12.7419,10.6452
LAS,ATL,217,1,0.0046,2811.517,210.3796,8.0324,9.787
LAS,AUS,89,0,0.0,1754.1806,138.9101,7.2809,0.7191
LAS,BDL,35,0,0.0,3698.2633,268.1143,14.1714,14.6
LAS,BHM,31,0,0.0,2603.9121,195.2258,1.5484,-13.7742
LAS,BNA,93,0,0.0,2555.6319,194.5217,5.3226,0.9891
LAS,BOI,62,0,0.0,836.8568,78.3871,13.8387,9.2581
LAS,BOS,62,4,0.0645,3831.8385,279.3103,19.8621,23.8793
LAS,BUF,31,0,0.0,3197.7586,231.6552,7.2581,4.7586
LAS,BUR,368,0,0.0,358.8828,41.0217,8.1957,4.8152
LAS,BWI,124,1,0.0081,3389.27,252.3659,17.6829,17.1138
LAS,CLE,107,0,0.0,2937.0455,215.783,6.6449,1.2358
LAS,CLT,78,1,0.0128,3083.4954,224.8052,9.7013,5.8182
LAS,CMH,124,1,0.0081,2851.7505,210.7787,15.7805,15.082
LAS,CVG,124,0,0.0,2700.4725,202.75,6.0565,6.5645
LAS,DCA,31,1,0.0323,3361.9113,247.4333,14.6667,14.1333
LAS,DEN,399,1,0.0025,1012.2749,85.5995,8.897,9.1159
LAS,DFW,345,2,0.0058,1697.8537,133.0991,7.0845,6.519
LAS,DTW,186,0,0.0,2816.345,210.5081,5.1882,6.9838
LAS,ELP,62,0,0.0,939.8546,79.0968,8.4355,5.2097
LAS,EWR,217,0,0.0,3584.0002,264.0837,17.5991,18.4744
LAS,FLL,31,0,0.0,3498.7052,255.4516,36.4839,23.6452
LAS,HOU,120,0,0.0,1987.5349,158.8407,13.8083,8.5752
LAS,IAD,62,0,0.0,3324.8964,239.9032,6.0645,-1.2258
LAS,IAH,212,1,0.0047,1966.6135,157.1659,7.2844,2.9242
LAS,IND,62,0,0.0,2560.4599,191.2281,17.5806,10.7018
LAS,JFK,186,7,0.0376,3617.7963,269.8362,30.5866,32.5989
LAS,LAX,1380,11,0.008,379.8042,42.3842,10.1921,8.5113
LAS,LBB,31,0,0.0,1247.2385,100.129,2.4516,-2.4839
LAS,LIT,31,0,0.0,2084.0953,157.8387,6.2258,-14.2581
LAS,MAF,31,0,0.0,1281.0346,104.4839,5.7742,5.6129
LAS,MCI,174,0,0.0,1834.6476,143.0116,6.5862,1.2023
LAS,MCO,62,1,0.0161,3281.4443,239.0656,8.2131,5.1967
LAS,MDW,93,0,0.0,2447.8061,183.1505,7.5484,2.2796
LAS,MEM,31,0,0.0,2278.8254,172.9677,10.9032,8.8065
LAS,MIA,31,1,0.0323,3500.3145,257.6897,10.4333,5.7241
LAS,MKE,31,0,0.0,2452.6342,183.8387,6.6129,16.3548
LAS,MSP,185,0,0.0,2092.142,158.4703,10.0865,11.2054
LAS,MSY,31,0,0.0,2415.6193,182.2857,20.3548,6.3929
LAS,OAK,395,0,0.0,655.0014,63.681,8.8608,7.8709
LAS,OMA,106,0,0.0,1768.6647,137.2075,10.8302,10.5094
LAS,ONT,302,1,0.0033,317.04,34.8405,8.8904,6.8073
LAS,ORD,381,4,0.0105,2438.1501,185.3127,18.1883,20.7089
LAS,PDX,151,0,0.0,1226.3171,107.9735,12.9603,12.2318
LAS,PHL,125,2,0.016,3501.9238,259.6942,26.9919,29.2397
LAS,PHX,1117,43,0.0385,411.991,44.8352,13.6555,11.3175
LAS,PIT,93,1,0.0108,3073.8394,224.8804,1.0,-0.4565
LAS,RDU,4,0,0.0,3262.1322,246.0,4.75,-12.25
LAS,RNO,368,1,0.0027,555.2223,54.7466,11.9864,11.3842
LAS,SAN,488,6,0.0123,415.2097,44.8278,12.4751,11.0207
LAS,SAT,120,0,0.0,1720.3845,136.6083,7.6833,2.6083
LAS,SDF,31,0,0.0,2613.5682,194.9677,1.3871,-24.2903
LAS,SEA,292,0,0.0,1393.6884,124.9178,16.3527,17.5205
LAS,SFO,458,6,0.0131,666.2668,66.7566,21.8252,20.9204
LAS,SJC,364,2,0.0055,621.2052,61.8066,8.1796,6.3287
LAS,SLC,399,0,0.0,592.2371,55.1704,6.8095,6.8847
LAS,SMF,271,1,0.0037,638.908,62.2222,13.1185,10.9074
LAS,SNA,325,16,0.0492,363.7108,42.9385,11.4757,11.2718
LAS,STL,155,0,0.0,2208.0145,171.2143,7.6065,10.3247
LAS,TPA,58,0,0.0,3192.9306,236.2759,10.0345,6.8966
LAS,TUL,31,0,0.0,1731.6498,134.8065,11.7097,11.9032
LAS,TUS,128,0,0.0,587.4091,54.1797,10.0312,7.8359
LAW,DFW,186,4,0.0215,225.3076,35.0824,2.3956,1.3901
LAX,ABQ,182,0,0.0,1089.5232,90.6209,9.9835,5.6703
LAX,ANC,62,1,0.0161,3773.9023,291.4918,3.5246,-7.4754
LAX,ATL,370,6,0.0162,3131.7756,231.5978,9.5714,5.3636
LAX,AUS,116,0,0.0,1998.8003,154.819,5.5172,3.0862
LAX,BDL,31,0,0.0,4066.8022,294.3871,5.1935,-10.2581
LAX,BFL,155,3,0.0194,175.4181,28.7961,4.0329,4.25
LAX,BNA,124,0,0.0,2891.984,217.9106,7.6774,3.7886
LAX,BOS,339,11,0.0324,4201.9867,303.3609,6.2287,3.3333
LAX,BWI,155,0,0.0,3748.1529,274.6818,9.5355,11.4675
LAX,CLE,121,1,0.0083,3303.975,244.35,6.9333,9.25
LAX,CLT,147,0,0.0,3419.8475,253.3265,3.6259,6.4422
LAX,CMH,31,0,0.0,3212.2426,236.5484,12.7742,18.2903
LAX,COS,88,1,0.0114,1340.5802,110.908,8.4023,3.069
LAX,CVG,124,1,0.0081,3057.746,225.3171,8.2927,10.2439
LAX,DAL,116,2,0.0172,2005.2376,164.4956,5.7281,3.4956
LAX,DCA,31,1,0.0323,3719.1847,279.9667,2.8333,9.2333
LAX,DEN,567,9,0.0159,1387.2511,112.4875,9.3459,10.9892
LAX,DFW,703,14,0.0199,1987.5349,156.57,9.7475,6.6924
LAX,DTW,217,1,0.0046,3184.8839,238.1574,3.8565,2.6435
LAX,ELP,182,1,0.0055,1149.0688,95.3094,13.0442,9.1105
LAX,EWR,426,0,0.0,3949.3204,290.56,11.5094,12.4494
LAX,FAT,368,5,0.0136,336.3521,50.7961,4.8154,4.9174
LAX,FLL,31,1,0.0323,3769.0743,274.1,1.2333,-0.9
LAX,HNL,380,1,0.0026,4113.473,303.6148,4.9921,-2.2005
LAX,HOU,89,1,0.0112,2236.9826,176.2841,6.125,6.8977
LAX,IAD,395,8,0.0203,3682.1699,266.7313,6.1137,3.5245
LAX,IAH,366,3,0.0082,2219.2799,174.5404,10.5923,7.4624
LAX,IND,31,0,0.0,2919.3428,218.9355,3.1935,-7.5484
LAX,JFK,819,20,0.0244,3983.1165,294.0591,10.1202,11.3736
LAX,KOA,93,1,0.0108,4029.7874,304.5652,2.7717,-3.1739
LAX,LAS,1417,18,0.0127,379.8042,42.7234,10.2302,8.3653
LAX,LIH,31,0,0.0,4208.4241,318.0968,11.7742,3.129
LAX,MCI,155,0,0.0,2193.5304,170.8247,8.871,4.013
LAX,MCO,217,1,0.0046,3567.9068,266.5972,3.0139,-0.0694
LAX,MEM,124,0,0.0,2605.5215,197.0,-0.4919,-2.6748
LAX,MFR,31,1,0.0323,1013.8842,85.3448,3.4667,-6.0345
LAX,MIA,216,0,0.0,3769.0743,275.2917,4.6019,0.6944
LAX,MRY,217,4,0.0184,429.6938,66.1596,3.5869,5.2676
LAX,MSP,279,1,0.0036,2471.9462,185.4964,4.3777,6.554
LAX,MSY,93,0,0.0,2689.2071,201.2151,18.5269,14.1075
LAX,OAK,1076,15,0.0139,542.3476,52.4613,7.9133,5.2802
LAX,OGG,159,0,0.0,4000.8192,297.2956,7.7421,-0.1069
LAX,ONT,1,0,0.0,75.639,22.0,20.0,33.0
LAX,ORD,971,22,0.0227,2808.2983,211.2098,13.7208,13.0958
LAX,PDX,460,5,0.0109,1342.1896,111.1165,11.1165,6.6615
LAX,PHL,246,2,0.0081,3864.0253,288.249,4.6025,10.9793
LAX,PHX,1283,53,0.0413,595.4558,58.8675,11.5919,6.4927
LAX,PIT,156,1,0.0064,3437.5502,253.8903,6.5097,6.4774
LAX,PSP,274,12,0.0438,177.0274,36.271,4.3359,4.2366
LAX,RNO,306,2,0.0065,627.6426,58.1414,11.1184,5.8059
LAX,SAN,1082,33,0.0305,175.4181,33.8875,4.0906,5.1382
LAX,SAT,58,0,0.0,1947.3014,150.7931,5.0517,1.3793
LAX,SBA,399,7,0.0175,143.2313,24.1173,3.2857,4.2296
LAX,SBP,208,9,0.0433,249.4477,40.2764,3.7839,1.8593
LAX,SEA,731,9,0.0123,1535.3104,129.2139,13.9543,17.9
LAX,SFO,1313,57,0.0434,542.3476,54.1523,7.7054,4.2384
LAX,SJC,1034,26,0.0251,495.6767,47.3909,6.1329,3.624
LAX,SJU,9,0,0.0,5449.2252,401.1111,16.1111,18.2222
LAX,SLC,434,3,0.0069,949.5106,82.1995,7.5012,4.7865
LAX,SMF,457,0,0.0,600.2838,57.6433,6.3042,2.8271
LAX,STL,244,0,0.0,2563.6786,194.9795,3.4057,1.4426
LAX,TPA,62,0,0.0,3472.9557,256.3548,1.4032,-1.8548
LAX,TUL,31,0,0.0,2064.7832,160.9677,9.6452,9.6774
LAX,TUS,283,0,0.0,725.8123,64.3604,7.3216,3.6961
LBB,ABQ,62,0,0.0,465.0993,44.3387,6.0806,0.2419
LBB,AUS,62,0,0.0,548.7849,51.4516,2.3065,0.6129
LBB,DAL,259,9,0.0347,471.5366,47.7269,7.9,4.6386
LBB,DFW,279,11,0.0394,453.8339,58.5243,2.0,2.8989
LBB,ELP,32,0,0.0,474.7553,43.1875,8.5,6.625
LBB,LAS,31,0,0.0,1247.2385,104.3226,1.0,-3.6129
LEX,ATL,124,5,0.0403,487.63,55.3277,-1.8992,-4.1681
LEX,CVG,93,2,0.0215,112.6538,24.2308,-0.2637,-4.0549
LEX,PIT,62,0,0.0,465.0993,51.4032,9.4355,13.2419
LFT,DFW,182,2,0.011,564.8783,84.9722,3.35,2.2389
LGA,ATL,669,49,0.0732,1224.7077,106.7694,20.9258,15.8661
LGA,BGR,31,2,0.0645,608.3305,55.3103,47.8966,28.1034
LGA,BNA,89,3,0.0337,1229.5358,106.6047,9.9651,2.2326
LGA,BOS,1006,67,0.0666,297.7279,37.4126,0.4111,-6.1578
LGA,BUF,174,7,0.0402,469.9273,49.2575,10.994,0.521
LGA,CLE,255,12,0.0471,672.7041,68.5967,13.9218,5.4856
LGA,CLT,335,15,0.0448,875.481,79.7743,15.5094,7.0815
LGA,CMH,184,16,0.087,769.2645,74.9405,14.0952,12.9643
LGA,CVG,155,6,0.0387,941.4639,90.1622,21.2886,13.4392
LGA,DAL,85,1,0.0118,2222.4985,185.3452,9.8095,14.8333
LGA,DCA,983,64,0.0651,344.3988,40.7336,0.0131,-10.369
LGA,DEN,248,9,0.0363,2605.5215,212.1464,23.7908,15.6485
LGA,DFW,569,57,0.1002,2235.3733,178.1836,14.3613,16.9281
LGA,DTW,394,25,0.0635,806.2793,78.8509,18.9079,6.645
LGA,FLL,372,6,0.0161,1731.6498,149.4105,24.0191,15.4105
LGA,GSO,170,18,0.1059,741.9057,70.5987,18.8487,10.0526
LGA,HOU,85,2,0.0235,2298.1375,188.8537,11.0843,11.7317
LGA,IAD,213,13,0.061,368.5389,45.1061,26.195,22.7071
LGA,IAH,259,2,0.0077,2278.8254,185.2812,20.6887,12.9062
LGA,IND,50,6,0.12,1060.5551,98.0455,2.1136,-2.6591
LGA,JAX,93,4,0.043,1342.1896,115.5618,18.6404,3.7753
LGA,MCO,357,7,0.0196,1528.873,127.6379,14.8486,3.9454
LGA,MEM,124,5,0.0403,1549.7944,129.6387,17.9412,9.9412
LGA,MHT,93,14,0.1505,313.8213,47.6203,24.4177,15.1266
LGA,MIA,318,4,0.0126,1765.446,147.9233,22.0732,12.754
LGA,MSP,244,22,0.0902,1641.5268,145.9234,12.8018,1.3018
LGA,MSY,31,0,0.0,1903.8492,159.9032,2.4194,-4.2581
LGA,ORD,1133,128,0.113,1179.6462,109.2172,21.5244,18.3904
LGA,ORF,135,13,0.0963,476.3646,50.0328,17.2869,12.877
LGA,PBI,217,4,0.0184,1665.6669,141.0425,16.1831,3.7783
LGA,PHL,31,1,0.0323,154.4966,37.7333,1.3667,-3.3333
LGA,PIT,309,17,0.055,539.1289,57.7241,11.1986,7.2207
LGA,PVD,182,23,0.1264,230.1356,35.0943,12.5786,8.1258
LGA,PWM,150,13,0.0867,434.5218,43.8248,24.3066,12.0365
LGA,RDU,231,17,0.0736,693.6255,66.6636,15.4813,9.6729
LGA,RIC,108,17,0.1574,469.9273,53.7253,23.7253,16.5495
LGA,ROC,112,4,0.0357,408.7724,44.5463,8.75,1.8426
LGA,RSW,62,2,0.0323,1738.0872,155.6724,12.8667,-2.4483
LGA,STL,235,19,0.0809,1427.4846,127.3037,6.625,3.4393
LGA,TPA,248,10,0.0403,1627.0427,140.0084,20.7353,16.0802
LGA,TVC,5,0,0.0,1054.1177,98.8,57.4,44.4
LGA,XNA,46,2,0.0435,1845.913,159.1591,12.2955,-6.9091
LGB,DFW,124,1,0.0081,1963.3948,161.0902,4.1707,7.9098
LGB,PHX,147,9,0.0612,571.3157,56.9275,3.3406,-0.8623
LIH,HNL,697,6,0.0086,164.1527,21.0521,2.5369,2.7815
LIH,LAX,31,0,0.0,4208.4241,290.7742,2.871,-2.6452
LIH,OGG,71,1,0.0141,325.0867,35.6857,7.2143,7.9571
LIH,SFO,35,1,0.0286,3938.055,279.1176,12.3824,9.0588
LIT,ATL,155,1,0.0065,729.031,66.8701,2.987,2.9156
LIT,BWI,31,0,0.0,1467.7181,123.0,6.7419,2.129
LIT,DAL,201,0,0.0,476.3646,46.3284,8.7662,7.4826
LIT,DFW,401,6,0.015,489.2394,55.0228,6.9443,2.6177
LIT,HOU,31,0,0.0,632.4706,62.5161,12.2581,11.0968
LIT,LAS,31,0,0.0,2084.0953,165.1935,0.7419,-18.2258
LIT,MDW,31,0,0.0,875.481,78.4516,8.9032,3.7742
LIT,MEM,155,2,0.0129,207.6049,30.9935,1.2876,1.6601
LIT,PHX,31,0,0.0,1828.2102,155.1935,7.0323,3.0323
LIT,STL,329,1,0.003,476.3646,53.1262,5.9299,1.7385
LNK,STL,58,0,0.0,595.4558,57.9483,3.8966,4.8448
LRD,DFW,124,3,0.0242,634.08,94.5333,7.3306,10.3833
LSE,MSP,31,0,0.0,193.1208,29.4516,6.3871,-1.4194
LSE,ORD,120,7,0.0583,346.0081,40.0531,5.6991,2.9292
LWB,CLT,14,0,0.0,297.7279,38.7857,6.0714,6.0
MAF,ABQ,62,0,0.0,534.3009,49.9836,11.7097,6.3607
MAF,AUS,58,0,0.0,473.146,45.2414,8.3621,9.4138
MAF,DAL,201,7,0.0348,513.3795,50.2251,8.7784,6.8639
MAF,DFW,217,3,0.0138,497.2861,72.4366,8.8598,12.7465
MAF,ELP,31,0,0.0,395.8976,35.8065,0.2903,0.3226
MAF,HOU,58,2,0.0345,709.7189,63.875,4.8393,2.5893
MAF,LAS,31,0,0.0,1281.0346,108.6774,8.5161,4.7097
MBS,DTW,116,0,0.0,157.7153,27.0,0.2759,0.0
MBS,MSP,58,1,0.0172,745.1244,73.5263,-3.614,-10.1053
MCI,ABQ,93,0,0.0,1155.5061,99.2366,6.9892,0.7097
MCI,ATL,248,8,0.0323,1113.6633,97.5732,6.7,4.5063
MCI,BNA,124,1,0.0081,790.1859,69.5984,11.6016,6.5
MCI,BWI,93,0,0.0,1556.2318,127.6667,3.3441,2.0215
MCI,CLT,124,1,0.0081,1301.9561,107.3496,4.1951,7.4797
MCI,CVG,93,1,0.0108,867.4343,77.1848,4.837,4.3043
MCI,DCA,77,2,0.026,1528.873,126.8082,4.3867,6.9863
MCI,DEN,248,1,0.004,857.7782,77.9878,6.081,3.6463
MCI,DFW,348,10,0.0287,740.2964,68.5608,9.4527,7.0831
MCI,DTW,124,0,0.0,1012.2749,91.5,8.6935,6.7581
MCI,EWR,112,3,0.0268,1757.3993,145.5688,5.8899,9.6606
MCI,HOU,35,1,0.0286,1071.8204,92.6765,26.7353,20.4706
MCI,IAH,120,1,0.0083,1034.8056,98.8136,7.1933,3.8559
MCI,IND,31,0,0.0,725.8123,61.8065,16.7742,13.0645
MCI,LAS,174,1,0.0057,1834.6476,150.0983,8.0405,0.3526
MCI,LAX,155,0,0.0,2193.5304,176.6129,10.0839,-3.4581
MCI,MCO,155,2,0.0129,1725.2125,140.6013,5.1699,0.5556
MCI,MDW,534,6,0.0112,651.7827,61.0744,6.7689,5.1584
MCI,MEM,124,1,0.0081,630.8613,62.5447,1.252,3.7886
MCI,MHT,31,0,0.0,1989.1442,146.2,38.5484,18.4333
MCI,MSP,266,2,0.0075,632.4706,64.2273,1.9735,1.25
MCI,OAK,62,0,0.0,2396.3073,195.4355,13.8065,12.5968
MCI,OKC,170,0,0.0,503.7234,48.0824,11.8235,8.9353
MCI,ORD,371,16,0.0431,648.564,61.5972,10.631,9.8789
MCI,PDX,31,0,0.0,2383.4325,194.129,14.9355,7.129
MCI,PHL,119,2,0.0168,1670.4949,137.8017,4.5043,11.4224
MCI,PHX,307,8,0.0261,1680.151,141.2375,9.0201,4.1839
MCI,PIT,124,3,0.0242,1244.0198,104.925,5.9174,8.975
MCI,PVD,31,0,0.0,1985.9256,151.8387,9.5161,7.7742
MCI,RDU,31,0,0.0,1454.8434,119.0,3.871,-4.9677
MCI,SAN,31,0,0.0,2145.2502,170.2333,3.4194,-4.1667
MCI,SEA,31,0,0.0,2396.3073,208.7097,1.6452,-7.129
MCI,SJC,31,0,0.0,2380.2139,195.4194,0.7419,-7.6129
MCI,SLC,155,3,0.0194,1478.9835,127.3377,2.7105,-1.7682
MCI,SMF,31,0,0.0,2320.6683,192.8065,15.8387,4.8387
MCI,STL,552,5,0.0091,381.4136,41.9159,5.1828,2.6746
MCI,TPA,31,0,0.0,1686.5883,133.5806,10.8387,7.5161
MCI,TUL,120,2,0.0167,358.8828,36.7521,12.4322,8.4872
MCO,ABE,62,0,0.0,1458.062,129.6935,9.0484,7.9677
MCO,ABQ,62,0,0.0,2497.6957,196.371,3.1613,-5.1935
MCO,ALB,93,0,0.0,1726.8218,146.7204,12.7957,5.3978
MCO,ATL,388,2,0.0052,648.564,64.272,9.4896,8.2694
MCO,AUS,31,0,0.0,1598.0746,134.7097,10.9355,6.4516
MCO,BDL,223,0,0.0,1689.807,145.5721,6.5202,6.3559
MCO,BHM,31,0,0.0,769.2645,71.0323,4.8387,-3.2903
MCO,BNA,186,2,0.0108,991.3534,91.2663,10.1576,6.5924
MCO,BOS,372,22,0.0591,1804.0701,158.4841,12.4971,12.7478
MCO,BUF,35,0,0.0,1627.0427,135.7143,-0.1143,-13.5143
MCO,BWI,341,3,0.0088,1266.5506,111.3482,12.0888,8.8333
MCO,CLE,124,1,0.0081,1440.3593,122.8618,-1.6667,-5.8699
MCO,CLT,276,1,0.0036,753.1711,76.0655,5.9673,9.7709
MCO,CMH,155,2,0.0129,1290.6907,112.2614,7.7516,3.7974
MCO,CVG,155,0,0.0,1216.661,107.8194,6.9419,4.8194
MCO,DCA,93,1,0.0108,1221.4891,109.6854,1.6304,5.1573
MCO,DEN,124,2,0.0161,2486.4303,194.5902,8.2951,3.7869
MCO,DFW,314,1,0.0032,1583.5906,132.3569,6.4984,4.8939
MCO,DTW,217,1,0.0046,1540.1384,132.4491,3.5324,-1.0833
MCO,EWR,464,12,0.0259,1509.5609,136.962,18.9248,18.2282
MCO,FLL,240,0,0.0,286.4625,38.8625,11.9292,7.2917
MCO,IAD,403,10,0.0248,1219.8797,108.1202,9.2341,8.9412
MCO,IAH,190,1,0.0053,1372.767,116.1217,4.1905,3.3175
MCO,IND,124,1,0.0081,1332.5335,120.0909,4.7967,2.6446
MCO,ISP,93,0,0.0,1564.2785,137.7312,9.3656,8.8387
MCO,JAN,31,0,0.0,944.6826,83.6774,0.3226,-3.6774
MCO,JFK,217,1,0.0046,1519.217,132.7209,12.0185,15.4698
MCO,LAS,62,3,0.0484,3281.4443,249.5932,13.9153,10.0169
MCO,LAX,217,1,0.0046,3567.9068,270.3302,4.1806,2.6233
MCO,LGA,388,9,0.0232,1528.873,136.8533,21.6201,22.0054
MCO,MCI,155,2,0.0129,1725.2125,145.9605,9.0523,3.9013
MCO,MDT,4,0,0.0,1369.5483,120.5,1.0,20.25
MCO,MDW,62,2,0.0323,1591.6373,132.2414,3.6333,-8.2586
MCO,MEM,124,4,0.0323,1099.1792,98.1917,1.5,0.6833
MCO,MHT,66,0,0.0,1837.8663,154.0152,8.0909,2.7273
MCO,MIA,457,20,0.0438,310.6026,50.7666,4.7025,2.9245
MCO,MSP,124,1,0.0081,2108.2354,174.9593,1.3333,-3.0488
MCO,MSY,186,0,0.0,885.137,79.672,6.6989,1.4409
MCO,ORD,361,6,0.0166,1617.3867,142.661,8.7211,6.4957
MCO,PBI,93,1,0.0108,228.5263,30.3696,4.4022,1.0217
MCO,PHL,279,3,0.0108,1385.6417,129.3877,10.9891,17.8225
MCO,PHX,92,1,0.0109,2974.0603,233.1889,4.8022,-2.3667
MCO,PIT,248,5,0.0202,1342.1896,117.7654,7.177,12.6337
MCO,PVD,159,1,0.0063,1726.8218,145.6242,5.9177,2.8854
MCO,RDU,31,0,0.0,859.3876,82.9032,6.8387,-1.1935
MCO,ROC,4,0,0.0,1662.4482,143.0,-4.5,14.0
MCO,SAT,31,0,0.0,1673.7136,139.6452,7.6452,3.1935
MCO,SDF,123,1,0.0081,1155.5061,104.918,7.3197,3.7295
MCO,SFO,31,0,0.0,3934.8363,302.5484,-0.6452,-2.2581
MCO,SJU,124,3,0.0242,1913.5053,146.0672,10.686,11.3697
MCO,SLC,62,0,0.0,3104.4169,241.2742,4.4194,5.1129
MCO,STL,248,1,0.004,1416.2192,124.626,3.8745,-0.0935
MCO,SYR,31,0,0.0,1694.635,142.6452,20.9355,15.6129
MCO,TPA,31,1,0.0323,128.7472,21.8667,17.3333,17.5
MDT,ABE,62,0,0.0,123.9192,19.8871,11.9355,11.871
MDT,ATL,62,1,0.0161,996.1815,97.623,-2.3607,-1.7705
MDT,CLT,62,1,0.0161,664.6574,66.0,-4.0656,-2.8033
MDT,DTW,93,1,0.0108,595.4558,63.5978,2.9783,-1.6304
MDT,MCO,4,0,0.0,1369.5483,122.75,8.0,17.25
MDT,ORD,217,12,0.0553,955.948,92.8195,16.0341,9.9854
MDT,PIT,124,6,0.0484,297.7279,36.3983,2.7203,1.7373
MDW,ABQ,27,0,0.0,1804.0701,150.963,32.4444,18.8148
MDW,BDL,62,0,0.0,1250.4572,99.0484,22.8871,16.2097
MDW,BHM,62,0,0.0,917.3238,80.5574,20.9516,19.918
MDW,BNA,267,2,0.0075,635.6893,59.0038,13.8906,11.5779
MDW,BWI,339,3,0.0088,983.3067,89.5331,18.5238,18.4819
MDW,CLE,263,3,0.0114,494.0674,49.3923,12.6808,11.05
MDW,CMH,182,0,0.0,457.0526,46.7473,12.5385,10.4835
MDW,DFW,124,4,0.0323,1282.644,113.8167,15.4333,11.825
MDW,DTW,495,4,0.0081,368.5389,45.7312,12.8187,12.3442
MDW,EWR,66,1,0.0152,1144.2407,99.3231,27.4769,29.4154
MDW,FLL,62,1,0.0161,1876.4904,154.3607,11.8689,2.7377
MDW,HOU,62,1,0.0161,1507.9516,127.2951,20.1475,14.5246
MDW,IND,147,1,0.0068,260.7131,32.0966,16.3288,16.9241
MDW,ISP,89,0,0.0,1231.1451,110.6667,16.5169,20.3908
MDW,JAN,62,0,0.0,1071.8204,91.0645,16.371,12.3226
MDW,LAS,93,0,0.0,2447.8061,196.7849,5.6559,-2.9032
MDW,LIT,31,0,0.0,875.481,73.9355,14.3226,13.871
MDW,MCI,534,6,0.0112,651.7827,61.7448,14.8011,11.0114
MDW,MCO,62,2,0.0323,1591.6373,127.2373,3.7167,-4.9831
MDW,MHT,62,0,0.0,1348.6269,104.0,21.8065,14.9194
MDW,MSP,271,5,0.0185,561.6597,64.8947,4.4925,-0.0714
MDW,OMA,182,0,0.0,680.7508,63.7418,12.7253,8.7363
MDW,PHX,93,0,0.0,2323.887,188.0538,17.4516,9.5484
MDW,PVD,93,1,0.0108,1355.0643,110.6522,9.4565,6.5217
MDW,RDU,93,0,0.0,1017.1029,90.6774,13.2366,8.0215
MDW,SDF,205,2,0.0098,436.1311,46.6256,17.8621,15.4975
MDW,STL,437,6,0.0137,403.9443,48.0816,14.7146,10.8089
MDW,TPA,93,0,0.0,1604.512,129.1398,9.4731,4.3548
MEM,ATL,431,7,0.0162,534.3009,55.3255,6.8231,6.875
MEM,AUS,93,0,0.0,899.6211,80.1398,-0.1613,0.3226
MEM,BHM,89,0,0.0,339.5707,38.4382,1.3146,2.6629
MEM,BNA,89,0,0.0,321.868,36.3708,3.7079,5.3258
MEM,BOS,93,5,0.0538,1833.0383,149.9205,6.5114,10.3295
MEM,CLE,54,0,0.0,1001.0095,86.9815,-1.6296,-1.6481
MEM,CLT,187,1,0.0053,823.9821,76.9677,6.3118,10.5215
MEM,CVG,61,4,0.0656,648.564,62.7018,2.4035,-4.1579
MEM,DCA,120,2,0.0167,1226.3171,100.7414,8.0339,8.3276
MEM,DEN,62,0,0.0,1403.3445,118.0323,7.5323,10.2419
MEM,DFW,395,11,0.0278,695.2349,65.9036,5.9297,6.8125
MEM,DTW,306,7,0.0229,981.6974,88.9298,6.5084,6.5351
MEM,EWR,120,6,0.05,1522.4356,140.9558,10.0702,15.0973
MEM,FLL,31,0,0.0,1369.5483,116.7742,2.1935,-1.129
MEM,GPT,93,2,0.0215,521.4262,49.2088,-0.7802,1.4725
MEM,GRR,31,3,0.0968,951.1199,83.1429,3.9286,8.1786
MEM,GSO,31,0,0.0,917.3238,80.0968,4.0,-0.0645
MEM,IAH,151,2,0.0132,754.7805,73.1351,4.4899,3.2297
MEM,ICT,31,0,0.0,729.031,62.6129,-2.3548,-3.1613
MEM,IND,124,1,0.0081,613.1585,57.3171,5.122,5.3171
MEM,JAN,84,1,0.0119,304.1653,32.9398,3.241,6.1084
MEM,JAX,62,0,0.0,926.9798,82.5323,7.8548,6.5
MEM,LAS,31,0,0.0,2278.8254,178.8387,-0.3226,-0.5484
MEM,LAX,124,0,0.0,2605.5215,201.8952,15.2823,13.9919
MEM,LGA,93,3,0.0323,1549.7944,133.4535,18.5111,25.2442
MEM,LIT,155,0,0.0,207.6049,25.7484,4.8258,6.471
MEM,MCI,124,1,0.0081,630.8613,62.6911,4.7236,5.1951
MEM,MCO,123,0,0.0,1099.1792,93.843,9.8293,7.0744
MEM,MIA,66,0,0.0,1384.0324,112.5606,0.8939,-7.4242
MEM,MKE,93,2,0.0215,894.793,79.8571,7.8681,8.7253
MEM,MSP,243,5,0.0206,1126.538,100.0255,6.1933,2.7787
MEM,MSY,124,0,0.0,561.6597,53.4516,1.2661,1.6694
MEM,OKC,124,0,0.0,695.2349,62.8862,1.2984,1.7724
MEM,OMA,31,0,0.0,865.8249,79.5484,3.0,6.3226
MEM,ORD,279,14,0.0502,790.1859,82.7197,12.5962,11.8409
MEM,PHL,89,3,0.0337,1406.5632,126.2093,3.2326,12.8953
MEM,PHX,31,0,0.0,2032.5964,166.9032,-0.129,-2.0645
MEM,RDU,93,2,0.0215,1020.3216,93.0659,5.7363,4.4286
MEM,SAN,31,0,0.0,2521.8358,196.0,7.2258,1.6129
MEM,SAT,93,1,0.0108,1005.8375,87.0326,-0.9457,1.0435
MEM,SDF,31,0,0.0,514.9888,52.6452,-1.5806,-2.129
MEM,SEA,93,1,0.0108,3009.4658,246.8152,5.8261,2.7174
MEM,SFO,62,1,0.0161,2908.0774,229.6,13.7541,12.7167
MEM,SJU,8,0,0.0,2998.2004,228.5,-2.125,-3.125
MEM,STL,85,1,0.0118,411.991,48.0,3.4881,0.0952
MEM,TPA,93,1,0.0108,1055.727,88.8261,12.7391,14.0543
MEM,VPS,124,2,0.0161,593.8465,56.0738,1.7623,1.4672
MFE,DFW,93,1,0.0108,753.1711,73.2857,10.6957,11.4286
MFE,IAH,182,0,0.0,508.5514,55.8516,3.9286,4.0989
MFR,LAX,31,4,0.129,1013.8842,89.6296,-0.4444,-6.2222
MFR,SFO,93,1,0.0108,529.4729,55.5652,15.6739,10.0652
MHT,ATL,62,0,0.0,1532.0917,129.6271,1.1613,-3.2881
MHT,BNA,62,0,0.0,1509.5609,129.4426,5.4194,-1.0492
MHT,BWI,371,1,0.0027,606.7212,62.5804,19.0514,17.9373
MHT,CVG,31,0,0.0,1192.5209,107.5806,23.0968,14.9677
MHT,DCA,62,4,0.0645,655.0014,66.6842,10.7586,9.4035
MHT,DTW,155,0,0.0,980.0881,88.7857,3.5548,-1.3506
MHT,EWR,81,1,0.0123,336.3521,49.0375,19.6375,16.225
MHT,LGA,93,16,0.172,313.8213,51.8571,8.5714,1.0519
MHT,MCI,31,0,0.0,1989.1442,169.1613,2.3226,-12.9355
MHT,MCO,66,0,0.0,1837.8663,151.7692,5.7424,-5.5846
MHT,MDW,62,0,0.0,1348.6269,121.1613,7.2742,-1.6613
MHT,ORD,124,2,0.0161,1356.6736,120.125,17.582,13.95
MHT,PHL,155,1,0.0065,466.7086,68.3464,13.2922,16.0719
MHT,PIT,93,0,0.0,780.5299,76.0,9.5269,11.8925
MHT,TPA,31,0,0.0,1937.6454,163.9355,7.7419,1.8065
MIA,ATL,531,16,0.0301,957.5573,87.8249,10.1612,8.7296
MIA,BDL,31,0,0.0,1921.552,154.6129,23.1935,18.5806
MIA,BNA,31,0,0.0,1297.128,105.5806,23.3548,14.2581
MIA,BOS,163,3,0.0184,2024.5497,168.2956,32.9188,30.0629
MIA,BWI,93,0,0.0,1522.4356,133.0761,10.6452,13.4457
MIA,CLE,62,1,0.0161,1738.0872,145.1967,16.7869,9.6557
MIA,CLT,163,1,0.0061,1046.071,100.537,0.9753,6.0741
MIA,CVG,62,1,0.0161,1525.6543,129.3607,12.9836,12.1475
MIA,DCA,310,6,0.0194,1480.5928,128.1023,10.1743,6.4719
MIA,DEN,124,0,0.0,2750.3621,214.3226,3.9516,0.75
MIA,DFW,323,5,0.0155,1804.0701,146.3565,14.8365,10.9527
MIA,DTW,109,0,0.0,1842.6943,152.215,10.7248,3.5327
MIA,EWR,279,3,0.0108,1747.7432,154.1648,17.9094,17.5128
MIA,EYW,186,7,0.0376,202.7768,35.6089,6.9777,5.4134
MIA,IAD,124,2,0.0161,1482.2021,127.0984,15.0,12.5328
MIA,IAH,270,2,0.0074,1551.4038,130.0637,6.5,2.603
MIA,JAX,182,11,0.0604,537.5196,84.8538,10.2222,7.7661
MIA,JFK,278,1,0.0036,1754.1806,144.3626,19.9964,15.7729
MIA,LAS,31,0,0.0,3500.3145,270.6129,10.7742,5.2258
MIA,LAX,217,0,0.0,3769.0743,281.106,16.8387,15.788
MIA,LGA,318,5,0.0157,1765.446,156.6906,20.4345,23.5375
MIA,MCO,457,20,0.0438,310.6026,47.7162,8.4188,6.5812
MIA,MEM,62,0,0.0,1384.0324,119.6066,14.2581,10.1967
MIA,MSP,61,0,0.0,2415.6193,198.5246,-0.5574,-3.6393
MIA,MSY,93,0,0.0,1084.6952,93.172,9.0538,6.0215
MIA,ORD,388,7,0.018,1926.38,161.1658,13.1942,12.2433
MIA,PHL,186,1,0.0054,1630.2614,144.9348,14.8162,20.5435
MIA,PHX,31,2,0.0645,3173.6185,251.5172,3.8966,3.4483
MIA,PIT,93,0,0.0,1630.2614,139.4022,2.4731,3.837
MIA,RDU,62,1,0.0161,1126.538,100.5082,13.1967,9.1967
MIA,RSW,151,15,0.0993,168.9807,32.0809,6.0882,3.625
MIA,SAV,62,3,0.0484,708.1096,107.1034,6.1864,4.3621
MIA,SEA,31,1,0.0323,4383.8422,339.7333,5.0333,-5.8
MIA,SFO,124,3,0.0242,4160.1439,316.876,11.3058,7.6446
MIA,SJC,31,0,0.0,4118.3011,314.7097,8.4839,14.1935
MIA,SJU,279,16,0.0573,1681.7603,128.5361,12.2357,7.1027
MIA,STL,128,1,0.0078,1718.7751,146.381,2.8819,-1.9286
MIA,STT,62,0,0.0,1781.5394,136.7333,17.0806,16.0167
MIA,STX,31,0,0.0,1833.0383,138.0,3.4839,-3.0
MIA,TPA,271,17,0.0627,328.3054,49.4528,8.3976,6.4252
MKE,ATL,93,1,0.0108,1076.6485,97.8152,5.4674,8.1087
MKE,CLT,62,1,0.0161,1047.6803,93.6066,3.082,3.8852
MKE,CVG,93,0,0.0,511.7701,55.2717,6.4194,5.8804
MKE,DFW,120,2,0.0167,1372.767,122.7094,9.7966,1.2821
MKE,DTW,217,8,0.0369,383.0229,46.0478,2.7177,3.3541
MKE,IAH,27,0,0.0,1583.5906,137.0741,-2.2593,-4.2963
MKE,LAS,31,0,0.0,2452.6342,197.2581,6.3548,7.7097
MKE,MEM,93,0,0.0,894.793,83.5806,-1.6774,-2.2151
MKE,MSP,213,2,0.0094,477.974,54.9526,3.6682,3.1469
MKE,ORD,239,21,0.0879,107.8258,20.0459,10.7477,6.4083
MKE,PHX,62,1,0.0161,2349.6364,190.7377,-0.4918,2.2459
MKE,PIT,120,1,0.0083,693.6255,65.3866,6.5714,10.2605
MKE,STL,186,4,0.0215,510.1608,57.467,2.9341,0.9396
MLB,ATL,124,0,0.0,712.9376,67.6613,2.5161,1.4839
MLB,EWR,31,0,0.0,1517.6076,149.4839,15.5161,26.3871
MLI,STL,182,1,0.0055,300.9466,38.1547,0.4807,-1.6077
MLU,ATL,31,1,0.0323,720.9843,70.0,5.5667,1.1333
MLU,DFW,31,0,0.0,471.5366,49.6452,0.6774,-3.4194
MLU,JAN,31,0,0.0,186.6834,24.8065,-0.9355,2.1935
MLU,SHV,25,1,0.04,168.9807,22.875,-1.125,-0.0833
MOB,ATL,216,19,0.088,486.0207,52.2995,2.3452,-0.2132
MOB,BHM,30,1,0.0333,347.6174,37.6552,5.4483,7.8276
MOB,DFW,31,3,0.0968,869.0436,76.7857,9.1071,10.4286
MOT,MSP,93,0,0.0,722.5937,66.8172,1.3656,-0.5054
MQT,ORD,31,0,0.0,487.63,60.5484,16.3226,24.8065
MRY,LAX,218,6,0.0275,429.6938,72.6509,10.0189,12.6981
MSN,DFW,27,0,0.0,1321.2681,116.1481,5.2963,0.2963
MSN,DTW,151,0,0.0,502.1141,53.1589,-0.9139,-1.8742
MSN,MSP,151,1,0.0066,366.9295,49.7,0.82,0.5333
MSN,ORD,213,18,0.0845,175.4181,26.6974,9.7897,4.9641
MSO,GTF,31,0,0.0,215.6516,25.2581,1.6129,-0.0968
MSO,MSP,93,0,0.0,1630.2614,133.2258,-1.086,3.4409
MSO,SLC,62,0,0.0,701.6722,61.0645,-0.4516,-4.4839
MSP,ABQ,62,0,0.0,1578.7625,128.5323,5.7903,2.1452
MSP,ANC,155,0,0.0,4052.3181,313.4194,13.1032,11.5935
MSP,ATL,402,3,0.0075,1458.062,125.0503,8.1679,8.8417
MSP,AUS,93,1,0.0108,1676.9323,136.1739,3.7826,4.837
MSP,AZO,31,0,0.0,685.5788,60.871,7.2581,9.0968
MSP,BDL,120,2,0.0167,1689.807,129.7458,6.3729,0.1864
MSP,BIL,124,0,0.0,1203.7863,105.3548,3.4758,-3.7016
MSP,BIS,124,0,0.0,621.2052,60.6935,6.871,7.0242
MSP,BNA,124,0,0.0,1118.4913,96.1048,3.7661,-0.3468
MSP,BOI,93,0,0.0,1837.8663,151.9032,7.8602,5.7097
MSP,BOS,279,7,0.0251,1808.8982,139.737,14.7868,16.9778
MSP,BUF,89,0,0.0,1181.2556,95.7416,0.9101,5.0562
MSP,BWI,151,4,0.0265,1506.3422,121.6897,17.8367,15.331
MSP,BZN,92,0,0.0,1406.5632,121.9891,10.0217,6.0543
MSP,CID,30,1,0.0333,355.6641,34.2414,-0.7586,-14.3793
MSP,CLE,177,1,0.0056,1001.0095,84.9091,5.5909,3.7614
MSP,CLT,154,1,0.0065,1496.6862,120.4902,4.0588,5.6144
MSP,CMH,93,1,0.0108,1009.0562,83.9239,5.4348,8.4457
MSP,COS,93,0,0.0,1166.7715,98.6452,7.4194,-0.5161
MSP,CVG,112,1,0.0089,959.1666,84.8829,6.2613,5.7658
MSP,DAY,61,0,0.0,923.7612,80.9672,1.2951,4.2459
MSP,DCA,244,3,0.0123,1498.2955,120.2669,6.9917,8.4703
MSP,DEN,496,5,0.0101,1094.3512,94.3517,13.0102,11.364
MSP,DFW,488,9,0.0184,1371.1577,117.9374,3.9353,0.2004
MSP,DLH,89,1,0.0112,231.745,27.3409,3.1023,3.7614
MSP,DSM,61,2,0.0328,373.3669,39.339,5.0508,1.1017
MSP,DTW,468,11,0.0235,849.7315,74.8425,6.5536,1.2867
MSP,EWR,352,14,0.0398,1622.2147,132.5224,18.3817,18.6418
MSP,FAI,30,0,0.0,3968.6324,317.9667,7.1333,11.3333
MSP,FAR,155,1,0.0065,358.8828,40.6234,8.461,4.5909
MSP,FCA,62,0,0.0,1651.1828,139.8065,6.1613,-3.3065
MSP,FSD,182,0,0.0,317.04,35.8242,6.6099,6.5
MSP,GEG,93,0,0.0,1890.9745,156.4086,15.7097,13.2258
MSP,GFK,17,0,0.0,457.0526,48.2941,0.9412,-4.8824
MSP,GRB,124,2,0.0161,405.5537,40.6393,3.5246,4.1148
MSP,GRR,120,0,0.0,656.6107,57.7395,6.1083,5.1345
MSP,GTF,66,0,0.0,1427.4846,122.9848,5.5152,-0.2879
MSP,HNL,31,0,0.0,6392.2985,468.4194,18.1613,-0.9355
MSP,IAD,154,2,0.013,1461.2807,117.1678,9.1513,7.4295
MSP,IAH,306,0,0.0,1664.0576,143.9934,2.3007,0.8113
MSP,IND,181,0,0.0,809.498,69.7845,4.1271,5.0387
MSP,JFK,62,2,0.0323,1654.4015,139.3051,9.0167,1.2373
MSP,LAN,62,0,0.0,732.2497,63.5645,6.629,12.0645
MSP,LAS,186,0,0.0,2092.142,169.043,8.1935,7.871
MSP,LAX,279,0,0.0,2471.9462,195.2616,13.8889,8.0502
MSP,LGA,271,15,0.0554,1641.5268,133.6996,18.3828,20.0593
MSP,LSE,31,0,0.0,193.1208,23.5806,1.2581,0.4194
MSP,MBS,62,0,0.0,745.1244,64.0161,1.9355,0.3548
MSP,MCI,244,0,0.0,632.4706,61.623,6.459,9.6352
MSP,MCO,124,1,0.0081,2108.2354,161.1167,12.9919,8.05
MSP,MDW,267,3,0.0112,561.6597,63.069,5.2235,6.0192
MSP,MEM,208,1,0.0048,1126.538,94.6087,6.1787,2.7585
MSP,MIA,62,0,0.0,2415.6193,186.4355,3.4194,-3.8548
MSP,MKE,213,3,0.0141,477.974,46.3048,7.8571,10.0095
MSP,MOT,93,0,0.0,722.5937,70.2688,8.2796,6.8817
MSP,MSN,155,0,0.0,366.9295,37.1935,2.6968,3.2258
MSP,MSO,92,0,0.0,1630.2614,140.4022,7.7717,2.4565
MSP,MSY,62,0,0.0,1673.7136,133.1774,3.5806,1.8065
MSP,OMA,240,2,0.0083,453.8339,44.6261,8.3697,6.3866
MSP,ONT,62,0,0.0,2404.354,189.5806,8.4516,3.9032
MSP,ORD,1184,83,0.0701,537.5196,54.7179,11.3769,13.3352
MSP,PDX,177,0,0.0,2294.9188,188.8757,11.6497,6.9435
MSP,PHL,278,9,0.0324,1577.1532,129.1774,14.0929,19.0981
MSP,PHX,309,3,0.0097,2053.5178,166.2059,8.1242,0.4379
MSP,PIT,180,0,0.0,1168.3808,96.7389,4.0889,5.2333
MSP,RAP,154,0,0.0,788.5766,72.8377,4.013,-0.6364
MSP,RDR,15,0,0.0,469.9273,49.2,16.2667,10.4667
MSP,RDU,93,0,0.0,1578.7625,127.172,3.4946,0.9785
MSP,RNO,62,0,0.0,2262.732,184.2419,5.5323,-0.2742
MSP,RST,57,0,0.0,122.3098,18.0351,6.0175,-1.3509
MSP,RSW,4,0,0.0,2278.8254,172.75,7.75,8.5
MSP,SAN,124,0,0.0,2465.5089,195.4797,8.621,3.9106
MSP,SAT,62,0,0.0,1765.446,143.6774,4.2419,2.7097
MSP,SDF,62,0,0.0,970.432,86.1452,1.3226,1.629
MSP,SEA,309,1,0.0032,2251.4667,187.2508,14.4286,11.4495
MSP,SFO,247,4,0.0162,2557.2413,207.5226,13.6543,9.3498
MSP,SJC,93,2,0.0215,2536.3198,208.6264,6.4396,1.4725
MSP,SLC,186,1,0.0054,1594.8559,136.5135,15.9892,13.827
MSP,SMF,93,0,0.0,2442.9781,196.9032,8.3333,0.2366
MSP,SNA,93,0,0.0,2449.4155,194.8817,6.6129,-0.3118
MSP,STL,476,9,0.0189,722.5937,67.4304,2.9722,2.985
MSP,TPA,62,0,0.0,2103.4074,161.918,4.8226,4.082
MSP,TUS,31,0,0.0,2088.9233,165.1935,0.8387,-15.0645
MSY,ATL,340,10,0.0294,683.9695,65.0788,2.697,2.7242
MSY,BHM,209,0,0.0,516.5981,49.7933,12.067,10.7308
MSY,BNA,89,0,0.0,757.9991,68.9775,7.1011,4.5056
MSY,BWI,93,0,0.0,1606.1213,137.3333,7.2581,5.5269
MSY,CLE,31,0,0.0,1475.7648,122.2581,2.3871,-4.0645
MSY,CLT,155,1,0.0065,1047.6803,94.6818,1.2662,2.7078
MSY,CVG,91,0,0.0,1126.538,103.7111,2.1429,2.9556
MSY,DAL,178,2,0.0112,703.2816,64.6932,10.7898,8.6136
MSY,DCA,58,0,0.0,1559.4505,132.8596,0.9483,0.2807
MSY,DEN,62,0,0.0,1709.1191,140.8197,2.871,0.3607
MSY,DFW,248,2,0.0081,720.9843,68.5203,2.9553,3.1301
MSY,DTW,93,0,0.0,1490.2488,131.8913,-3.5376,-2.7174
MSY,EWR,120,4,0.0333,1878.0998,162.487,10.3017,10.6435
MSY,FLL,31,0,0.0,1083.0858,99.6129,14.7097,10.5484
MSY,HOU,631,5,0.0079,487.63,49.8,7.8642,7.4496
MSY,IAD,62,0,0.0,1535.3104,128.371,9.129,4.9677
MSY,IAH,383,3,0.0078,490.8487,49.1474,6.1132,7.4447
MSY,IND,31,0,0.0,1139.4127,98.8065,9.6774,7.2581
MSY,JAX,31,0,0.0,825.5914,73.4839,4.4194,-2.0968
MSY,LAS,31,0,0.0,2415.6193,191.7097,2.7742,-9.6129
MSY,LAX,93,0,0.0,2689.2071,206.6129,15.8172,0.9462
MSY,LGA,31,0,0.0,1903.8492,166.6429,11.1613,24.1071
MSY,MCO,186,0,0.0,885.137,84.7151,6.0,1.0323
MSY,MEM,124,2,0.0161,561.6597,60.4672,3.6721,4.3852
MSY,MIA,93,0,0.0,1084.6952,92.6882,4.9462,1.5914
MSY,MSP,62,0,0.0,1673.7136,144.2258,6.7097,1.2581
MSY,ORD,155,1,0.0065,1347.0176,118.5098,10.2857,4.7843
MSY,PHL,63,0,0.0,1750.9619,155.3333,10.0317,12.5238
MSY,PHX,124,0,0.0,2093.7513,171.9113,0.7661,2.9274
MSY,PIT,65,0,0.0,1477.3741,129.5,1.2154,4.2656
MSY,PNS,31,0,0.0,299.3372,33.2581,0.2903,0.8065
MSY,SAN,31,0,0.0,2573.3347,198.6774,7.8065,4.6129
MSY,SFO,31,0,0.0,3075.4487,239.9355,-1.871,-17.4839
MSY,STL,182,0,0.0,972.0414,87.7088,-1.2912,-4.2747
MSY,TPA,186,0,0.0,783.7486,76.0968,14.6828,9.6667
MYR,CLT,217,2,0.0092,251.057,33.9302,0.3628,0.4605
MYR,EWR,31,0,0.0,885.137,90.0333,6.5484,3.7667
MYR,PHL,4,0,0.0,761.2178,78.75,10.5,35.5
MYR,PIT,4,0,0.0,766.0458,70.25,1.0,-8.25
OAK,ABQ,62,0,0.0,1430.7033,114.8548,12.2742,8.5484
OAK,ATL,62,2,0.0323,3427.8942,249.8333,23.0,15.0333
OAK,BNA,31,0,0.0,3152.6971,231.7097,0.7097,-0.6452
OAK,BOI,31,0,0.0,822.3727,67.2258,9.5484,8.8387
OAK,BUR,453,3,0.0066,523.0355,49.7556,7.2822,5.0489
OAK,DEN,217,4,0.0184,1540.1384,123.8122,17.2113,17.77
OAK,DFW,248,4,0.0161,2343.199,183.325,4.3811,8.4208
OAK,EWR,54,0,0.0,4110.2544,294.9074,11.4074,12.7407
OAK,GEG,31,0,0.0,1163.5528,92.2258,5.1935,0.0
OAK,HNL,31,0,0.0,3876.9001,303.9677,9.5161,9.6129
OAK,IAH,62,2,0.0323,2620.0055,213.3333,8.1833,9.15
OAK,KOA,17,0,0.0,3827.0105,304.7059,0.8824,-8.1765
OAK,LAS,395,0,0.0,655.0014,64.8684,7.8253,5.7165
OAK,LAX,1076,19,0.0177,542.3476,57.1289,10.2829,7.255
OAK,MCI,62,0,0.0,2396.3073,179.8548,3.6613,-0.0484
OAK,OGG,31,0,0.0,3780.3397,300.4516,3.9355,6.9355
OAK,ONT,437,8,0.0183,580.9717,56.8811,9.2751,7.6224
OAK,ORD,124,1,0.0081,2953.1389,220.405,12.2846,13.1488
OAK,PDX,333,3,0.009,873.8716,73.497,10.6455,7.7394
OAK,PHX,366,8,0.0219,1039.6336,94.8687,4.9581,1.9581
OAK,RNO,182,0,0.0,289.6812,31.5,10.2692,8.0989
OAK,SAN,461,1,0.0022,717.7656,70.763,9.7609,8.9391
OAK,SEA,492,1,0.002,1079.8671,93.6864,18.9735,19.7984
OAK,SLC,124,0,0.0,946.2919,78.3065,7.7742,7.1613
OAK,SNA,387,1,0.0026,597.0651,66.4156,6.8912,6.6753
OGG,DFW,31,0,0.0,5972.2607,409.7419,-1.5806,4.7419
OGG,HNL,936,19,0.0203,160.934,23.2257,4.1374,4.9924
OGG,ITO,31,0,0.0,194.7301,25.5484,10.4839,11.4839
OGG,KOA,62,0,0.0,135.1846,21.3548,6.4194,7.1935
OGG,LAX,159,1,0.0063,4000.8192,278.4586,7.8608,4.3057
OGG,LIH,62,1,0.0161,325.0867,34.0656,5.9672,6.0328
OGG,OAK,31,0,0.0,3780.3397,271.6452,15.3871,13.0323
OGG,SFO,93,0,0.0,3762.6369,264.5806,3.2043,1.3011
OGG,SJC,31,0,0.0,3791.605,276.6129,2.1613,7.8065
OGG,SNA,31,0,0.0,4044.2714,289.2581,9.4194,10.9355
OGG,STL,31,1,0.0323,6541.9671,447.6333,8.4667,4.8333
OKC,ATL,93,0,0.0,1224.7077,101.914,8.6882,8.4516
OKC,DAL,224,1,0.0045,291.2905,36.9731,6.574,4.0224
OKC,DEN,124,0,0.0,796.6233,71.8065,8.1048,7.6532
OKC,DFW,395,10,0.0253,281.6345,38.1636,6.3662,4.5143
OKC,HOU,112,0,0.0,674.3135,64.7838,7.3661,6.8559
OKC,IAH,116,0,0.0,635.6893,64.3391,9.0776,7.7652
OKC,MCI,170,0,0.0,503.7234,49.6707,12.3294,10.1737
OKC,MEM,124,0,0.0,695.2349,65.9435,0.1935,0.5726
OKC,ORD,93,0,0.0,1115.2726,96.9022,6.9892,6.5217
OKC,PHX,97,0,0.0,1340.5802,116.2268,6.2887,1.5361
OKC,SLC,62,1,0.0161,1393.6884,114.6066,5.6557,5.0656
OKC,STL,271,1,0.0037,743.5151,69.3926,4.2815,1.8407
OKC,TUL,62,1,0.0161,178.6367,24.25,-2.9016,-4.4833
OMA,ATL,62,0,0.0,1321.2681,108.7742,0.129,-1.6613
OMA,DEN,186,2,0.0108,759.6085,69.3043,11.6522,10.2772
OMA,DFW,124,2,0.0161,938.2452,84.5207,2.9098,4.1322
OMA,IAH,31,1,0.0323,1256.8945,110.7667,-0.3333,-4.7333
OMA,LAS,107,0,0.0,1768.6647,148.2336,6.7757,1.8598
OMA,MDW,182,0,0.0,680.7508,63.2333,8.0604,5.4778
OMA,MEM,31,0,0.0,865.8249,79.1613,-0.1935,1.0968
OMA,MSP,240,1,0.0042,453.8339,52.8619,4.3849,3.477
OMA,ORD,279,15,0.0538,669.4854,64.7443,11.2311,5.4313
OMA,PHX,186,0,0.0,1668.8856,139.9784,11.7258,5.5135
OMA,STL,240,0,0.0,550.3943,52.4208,2.3708,-0.6333
OME,ANC,93,9,0.0968,867.4343,74.8072,19.0714,19.2892
ONT,ATL,62,1,0.0161,3057.746,233.7705,10.0984,10.8033
ONT,BNA,31,0,0.0,2817.9543,213.0645,2.0,-2.2258
ONT,DEN,124,0,0.0,1318.0495,112.379,12.0484,14.7097
ONT,DFW,217,3,0.0138,1913.5053,154.4252,1.5514,3.6869
ONT,IAH,62,0,0.0,2146.8596,174.2581,14.3548,13.6774
ONT,LAS,333,0,0.0,317.04,38.4535,6.5556,5.8769
ONT,MSP,62,1,0.0161,2404.354,188.7213,5.6721,6.3443
ONT,OAK,406,6,0.0148,580.9717,53.0125,7.8025,7.1175
ONT,ORD,62,2,0.0323,2735.878,214.3966,16.45,15.9483
ONT,PDX,89,1,0.0112,1348.6269,111.0568,16.4205,16.1932
ONT,PHX,623,5,0.008,523.0355,52.5129,6.1618,4.3382
ONT,SEA,143,1,0.007,1538.529,129.662,12.993,16.7746
ONT,SFO,155,0,0.0,584.1904,57.529,20.9355,17.5355
ONT,SJC,282,6,0.0213,535.9102,50.8043,4.6775,4.9312
ONT,SLC,93,0,0.0,898.0117,77.7849,3.6989,1.6774
ONT,SMF,379,2,0.0053,626.0333,58.3554,3.9257,1.321
ONT,STL,62,0,0.0,2489.649,191.9194,-0.3226,0.7903
ORD,ABE,93,7,0.0753,1052.5084,84.2907,30.0465,31.4419
ORD,ABQ,62,1,0.0161,1799.2421,146.2459,14.9672,14.9016
ORD,ALB,217,6,0.0276,1163.5528,93.1517,13.6209,14.7393
ORD,ANC,93,0,0.0,4580.1816,357.4624,19.3548,17.2151
ORD,ATL,849,54,0.0636,975.26,89.2506,12.9547,13.8451
ORD,AUS,248,6,0.0242,1573.9345,127.9711,14.1033,8.4463
ORD,AZO,151,12,0.0795,196.3395,24.7842,15.9209,15.1942
ORD,BDL,341,6,0.0176,1260.1132,98.5808,19.8448,19.8054
ORD,BMI,120,5,0.0417,186.6834,26.3652,14.1217,12.913
ORD,BNA,124,2,0.0161,658.2201,61.7049,7.3197,3.1967
ORD,BOI,62,1,0.0161,2312.6216,189.377,23.0328,13.6885
ORD,BOS,836,76,0.0909,1395.2978,111.5667,20.3342,22.4148
ORD,BTR,58,1,0.0172,1303.5654,106.6667,15.7544,6.2807
ORD,BTV,93,1,0.0108,1227.9264,95.4239,30.3587,32.1196
ORD,BUF,279,2,0.0072,761.2178,64.5487,17.6426,17.6029
ORD,BWI,341,5,0.0147,1001.0095,86.7313,19.6667,22.7254
ORD,CHA,89,4,0.0449,806.2793,69.8353,13.5176,10.3294
ORD,CID,279,20,0.0717,315.4306,33.2124,19.0309,13.8301
ORD,CLE,542,32,0.059,508.5514,49.5501,17.0216,17.3595
ORD,CLT,550,38,0.0691,963.9947,85.7339,14.8965,20.1644
ORD,CMH,460,24,0.0522,476.3646,48.2092,15.1216,16.9816
ORD,CMI,155,10,0.0645,217.2609,26.1379,17.2483,9.2276
ORD,COS,66,1,0.0152,1466.1087,120.6308,26.1077,16.6154
ORD,CVG,523,30,0.0574,424.8658,48.0305,13.4645,15.4248
ORD,DAL,116,6,0.0517,1284.2533,112.7636,1.1455,0.3455
ORD,DAY,306,20,0.0654,386.2416,40.5,20.7448,19.9021
ORD,DBQ,120,4,0.0333,236.573,28.0172,11.4914,6.6121
ORD,DCA,765,52,0.068,984.9161,84.9104,13.6985,18.6927
ORD,DEN,726,14,0.0193,1429.0939,119.0901,14.139,9.4225
ORD,DFW,991,113,0.114,1290.6907,110.6401,10.4112,7.5979
ORD,DLH,89,1,0.0112,638.908,61.3977,15.0909,12.7159
ORD,DSM,372,16,0.043,481.1927,47.2388,21.6264,19.1376
ORD,DTW,755,29,0.0384,378.1949,48.1433,13.1309,10.6804
ORD,ELP,93,2,0.0215,1989.1442,155.7143,19.2088,17.6484
ORD,EVV,143,6,0.042,439.3498,43.2628,19.1533,14.5036
ORD,EWR,1079,109,0.101,1157.1155,98.3126,15.2794,21.5373
ORD,FLL,248,8,0.0323,1902.2399,154.8917,10.5792,12.2042
ORD,FWA,124,9,0.0726,252.6664,29.3913,14.1913,10.9043
ORD,GEG,62,0,0.0,2410.7913,199.0484,22.7742,14.0645
ORD,GRB,155,5,0.0323,280.0252,30.9533,15.3333,13.4733
ORD,GRR,433,20,0.0462,220.4796,27.0291,19.3608,18.4431
ORD,GSO,182,9,0.0495,949.5106,85.3699,17.2023,23.2601
ORD,GSP,123,8,0.065,928.5892,81.1826,15.9304,16.8522
ORD,HNL,31,0,0.0,6828.4296,508.1333,8.0645,13.4333
ORD,HPN,368,45,0.1223,1187.6929,101.4286,10.5263,13.4441
ORD,HSV,89,8,0.0899,820.7634,71.2346,15.0247,9.1235
ORD,IAD,274,8,0.0292,947.9013,80.718,18.891,20.891
ORD,IAH,604,29,0.048,1488.6395,128.0717,11.5617,11.0839
ORD,ICT,93,3,0.0323,946.2919,81.2222,24.5222,20.1667
ORD,IND,488,27,0.0553,284.8532,32.9717,17.6833,15.8239
ORD,JAC,4,0,0.0,1870.0531,150.0,25.75,25.0
ORD,JFK,5,0,0.0,1190.9116,92.8,2.4,-12.0
ORD,LAS,381,4,0.0105,2438.1501,192.0265,20.2706,16.4775
ORD,LAX,939,26,0.0277,2808.2983,217.149,17.1687,10.6386
ORD,LGA,1105,124,0.1122,1179.6462,100.6639,20.9083,30.4339
ORD,LSE,120,6,0.05,346.0081,41.4298,10.0526,6.7456
ORD,MCI,403,14,0.0347,648.564,59.739,14.7018,9.5659
ORD,MCO,388,5,0.0129,1617.3867,129.6658,16.4465,15.3916
ORD,MDT,248,11,0.0444,955.948,79.5085,22.481,23.0297
ORD,MEM,279,16,0.0573,790.1859,74.4183,12.7529,10.384
ORD,MHT,93,3,0.0323,1356.6736,100.3333,27.2111,28.4333
ORD,MIA,388,3,0.0077,1926.38,152.0573,13.9351,11.1016
ORD,MKE,240,19,0.0792,107.8258,19.8145,13.4751,11.0543
ORD,MQT,31,1,0.0323,487.63,48.2667,53.4,48.9667
ORD,MSN,212,18,0.0849,175.4181,26.3299,14.0876,10.6289
ORD,MSP,1188,70,0.0589,537.5196,62.1146,11.6458,9.5962
ORD,MSY,155,0,0.0,1347.0176,108.3117,12.1677,11.7532
ORD,OAK,124,2,0.0161,2953.1389,240.3361,22.8852,23.459
ORD,OKC,93,0,0.0,1115.2726,96.2796,7.3226,7.3656
ORD,OMA,310,11,0.0355,669.4854,61.2408,18.6355,14.2007
ORD,ONT,62,2,0.0323,2735.878,218.3833,33.15,24.5167
ORD,ORF,182,8,0.044,1153.8968,102.3988,20.6149,25.5896
ORD,ORH,62,3,0.0484,1324.4868,107.5254,25.339,15.339
ORD,PBI,31,0,0.0,1841.085,144.6774,10.6129,6.0323
ORD,PDX,265,1,0.0038,2798.6423,223.1141,22.6061,17.8745
ORD,PHL,902,85,0.0942,1091.1325,96.2293,17.1567,23.3268
ORD,PHX,496,7,0.0141,2317.4496,184.1885,18.6973,14.248
ORD,PIA,151,12,0.0795,209.2142,27.0576,14.8993,11.5899
ORD,PIT,577,25,0.0433,663.0481,62.3593,16.4094,21.1016
ORD,PVD,248,1,0.004,1366.3297,108.1053,23.9676,26.498
ORD,PWM,155,3,0.0194,1448.406,109.7947,22.7434,21.9338
ORD,RDU,341,13,0.0381,1041.243,91.1128,13.5671,15.8262
ORD,RIC,213,12,0.0563,1033.1963,92.115,18.3632,21.155
ORD,RNO,93,1,0.0108,2689.2071,214.3261,13.837,9.3478
ORD,ROC,310,8,0.0258,849.7315,71.1229,11.1391,12.113
ORD,RST,124,7,0.0565,431.3031,45.4017,15.6667,9.5556
ORD,RSW,31,0,0.0,1802.4608,137.6452,5.2581,2.0968
ORD,SAN,341,3,0.0088,2772.8928,215.4822,19.5059,13.9024
ORD,SAT,186,6,0.0323,1675.3229,139.7056,13.3556,11.7833
ORD,SEA,523,9,0.0172,2769.6741,227.2904,15.7685,11.6043
ORD,SFO,758,39,0.0515,2970.8416,234.4618,22.6426,16.0376
ORD,SJC,403,5,0.0124,2943.4829,234.5768,17.6633,15.6952
ORD,SJU,124,3,0.0242,3334.5525,255.9091,4.7107,5.3884
ORD,SLC,248,2,0.0081,2010.0657,165.2073,19.8862,14.1667
ORD,SMF,155,1,0.0065,2866.2345,233.3636,32.3636,28.9221
ORD,SNA,333,9,0.027,2777.7208,217.7531,13.6451,8.8781
ORD,STL,639,20,0.0313,415.2097,49.3053,10.5509,11.4523
ORD,STT,4,0,0.0,3405.3634,264.5,4.25,1.0
ORD,SWF,124,7,0.0565,1149.0688,96.1897,15.547,16.7414
ORD,SYR,186,4,0.0215,976.8694,78.1713,12.478,10.5138
ORD,TOL,182,15,0.0824,344.3988,35.7545,17.0419,11.479
ORD,TPA,217,2,0.0092,1628.6521,127.2884,20.4698,19.1767
ORD,TUL,155,3,0.0194,941.4639,83.4605,14.3947,10.7039
ORD,TUS,93,0,0.0,2312.6216,182.0323,12.7634,8.7527
ORD,TVC,191,6,0.0314,360.4922,39.3568,19.4378,14.3135
ORD,TYS,93,1,0.0108,764.4365,65.663,16.9348,15.3261
ORD,XNA,143,7,0.049,840.0755,77.6567,17.1029,8.3582
ORF,ATL,278,1,0.0036,830.4194,82.148,3.0903,3.5632
ORF,BOS,93,6,0.0645,753.1711,71.9195,10.7931,6.2644
ORF,CLT,184,3,0.0163,466.7086,50.3812,6.337,4.895
ORF,CVG,62,2,0.0323,780.5299,73.8167,0.0833,-6.5833
ORF,DFW,93,0,0.0,1952.1294,160.587,7.8065,5.7826
ORF,DTW,120,1,0.0083,851.3409,90.1345,8.395,5.4202
ORF,EWR,77,0,0.0,457.0526,59.7532,15.7143,19.0649
ORF,IAH,58,0,0.0,1932.8173,163.7241,0.5345,2.1379
ORF,LGA,135,11,0.0815,476.3646,62.1694,15.4919,15.9355
ORF,ORD,182,12,0.0659,1153.8968,108.4824,18.6118,14.4176
ORF,PHL,155,1,0.0065,339.5707,46.3113,15.039,16.0331
ORF,PIT,93,2,0.0215,531.0822,64.4945,13.8352,13.4396
ORF,RIC,31,0,0.0,120.7005,21.0645,24.7742,26.3548
ORF,STL,93,1,0.0108,1261.7226,117.8043,-0.1196,-4.0978
ORH,JFK,31,6,0.1935,241.401,42.24,12.48,20.32
ORH,ORD,62,2,0.0323,1324.4868,122.7931,6.75,-22.5517
OTZ,ANC,31,7,0.2258,883.5277,75.2083,0.125,1.3333
OTZ,OME,62,0,0.0,294.5092,36.4912,21.7742,19.7895
PBI,ATL,279,1,0.0036,877.0903,83.0361,6.4604,6.0433
PBI,BDL,108,1,0.0093,1823.3822,155.4528,23.6636,21.6792
PBI,BNA,62,1,0.0161,1219.8797,108.9672,1.1803,-2.9344
PBI,BOS,151,7,0.0464,1926.38,167.9437,11.9444,7.8803
PBI,BWI,93,1,0.0108,1421.0472,129.3,13.7283,6.8667
PBI,CLE,31,1,0.0323,1641.5268,142.0667,0.4,-1.8
PBI,CLT,155,0,0.0,949.5106,93.7355,5.6387,4.0323
PBI,CVG,62,0,0.0,1435.5313,124.1148,5.3871,2.918
PBI,DCA,93,1,0.0108,1379.2044,120.8152,-1.7065,2.3478
PBI,DFW,124,3,0.0242,1775.102,146.9587,2.5702,3.438
PBI,DTW,62,0,0.0,1749.3526,150.0806,6.2097,4.4355
PBI,EWR,221,1,0.0045,1647.9642,147.5092,25.3818,25.8624
PBI,IAH,62,1,0.0161,1538.529,129.45,4.5082,6.8833
PBI,LGA,186,3,0.0161,1665.6669,151.3876,16.3169,18.4101
PBI,MCO,93,0,0.0,228.5263,31.3548,4.957,3.2903
PBI,ORD,31,0,0.0,1841.085,159.5172,7.9677,0.8621
PBI,PHL,93,1,0.0108,1530.4823,139.3187,3.8913,14.3297
PBI,PIT,62,0,0.0,1532.0917,134.3934,-1.9032,-2.1311
PBI,STL,4,0,0.0,1646.3548,138.75,0.0,-5.75
PBI,TPA,217,2,0.0092,280.0252,34.0465,1.4279,-6.8047
PDX,ABQ,31,0,0.0,1787.9767,137.3548,0.7097,-8.9355
PDX,ANC,93,1,0.0108,2481.6023,194.3804,18.3043,5.913
PDX,ATL,93,0,0.0,3495.4865,255.0109,7.0753,10.1087
PDX,BOI,93,0,0.0,553.613,49.6237,8.043,4.9892
PDX,BUR,93,0,0.0,1314.8308,112.0108,12.3763,11.9677
PDX,CVG,93,0,0.0,3178.4465,233.2826,-1.0645,-4.1848
PDX,DEN,275,4,0.0145,1596.4653,123.3643,9.8487,8.4387
PDX,DFW,186,1,0.0054,2600.6934,194.5934,6.8432,9.1484
PDX,DTW,93,0,0.0,3143.041,224.7634,6.2366,3.5914
PDX,EWR,58,0,0.0,3915.5242,290.0345,3.6552,6.8966
PDX,GEG,124,0,0.0,449.0059,42.4758,7.6129,3.1048
PDX,IAD,62,1,0.0161,3744.9342,264.2833,12.2295,6.6333
PDX,IAH,93,0,0.0,2937.0455,224.2688,0.7097,-6.7957
PDX,JFK,31,0,0.0,3949.3204,291.2,1.5161,14.5333
PDX,LAS,151,0,0.0,1226.3171,107.1126,8.3444,4.6291
PDX,LAX,460,4,0.0087,1342.1896,118.0242,9.2127,6.6549
PDX,MCI,31,0,0.0,2383.4325,176.0645,0.871,-9.6452
PDX,MSP,178,0,0.0,2294.9188,170.2079,-1.2584,-3.9213
PDX,OAK,333,1,0.003,873.8716,83.9398,9.0211,9.0602
PDX,ONT,89,0,0.0,1348.6269,116.4494,6.0449,5.6854
PDX,ORD,295,2,0.0068,2798.6423,205.1806,16.1229,14.9444
PDX,PHX,337,7,0.0208,1623.8241,136.1818,6.9394,3.5152
PDX,RNO,93,0,0.0,714.547,63.4839,9.1075,5.8387
PDX,SAN,155,1,0.0065,1501.5142,125.9667,12.3442,10.6
PDX,SEA,62,3,0.0484,207.6049,33.7288,14.9153,17.9661
PDX,SFO,492,12,0.0244,885.137,86.3438,17.1708,16.501
PDX,SJC,445,7,0.0157,915.7145,88.0434,6.621,7.5457
PDX,SLC,215,1,0.0047,1013.8842,85.6355,5.5374,2.8178
PDX,SMF,155,0,0.0,770.8739,69.2258,5.7806,2.2968
PDX,SNA,93,2,0.0215,1382.4231,125.1648,7.956,2.956
PDX,STL,155,0,0.0,2748.7527,207.6903,1.0581,-0.0452
PHL,ALB,155,2,0.0129,341.1801,43.6078,16.1176,18.2418
PHL,ATL,662,38,0.0574,1070.2111,97.3462,11.1747,11.1675
PHL,AVP,31,2,0.0645,168.9807,24.9655,42.3793,37.6207
PHL,BDL,182,2,0.011,315.4306,40.3833,9.3722,11.35
PHL,BNA,93,4,0.043,1086.3045,100.0787,5.6292,2.5281
PHL,BOS,706,80,0.1133,450.6152,54.8796,14.6406,15.297
PHL,BTV,124,2,0.0161,540.7382,55.541,14.8361,15.9754
PHL,BUF,155,5,0.0323,449.0059,49.6267,18.0333,21.1067
PHL,BWI,94,1,0.0106,144.8406,24.2688,18.6774,12.4624
PHL,CLE,189,8,0.0423,584.1904,61.6077,7.9337,4.7956
PHL,CLT,340,7,0.0206,720.9843,67.6997,12.4264,13.0811
PHL,CMH,116,9,0.0776,651.7827,66.6,10.7103,10.3619
PHL,CVG,123,11,0.0894,815.9354,76.125,2.1875,-1.7768
PHL,DAY,31,2,0.0645,767.6552,71.1724,14.4828,14.2759
PHL,DCA,155,6,0.0387,191.5115,28.3311,15.5101,13.1757
PHL,DEN,248,2,0.0081,2505.7424,206.1789,18.8902,12.374
PHL,DFW,368,19,0.0516,2095.3607,168.1297,8.1948,8.7147
PHL,DTW,367,23,0.0627,729.031,75.3343,8.1773,13.4913
PHL,FLL,190,2,0.0105,1596.4653,136.734,20.3723,22.6436
PHL,GSO,124,2,0.0161,587.4091,60.1721,14.3361,18.6475
PHL,GSP,31,6,0.1935,827.2008,77.16,23.4,22.92
PHL,IAD,92,5,0.0543,215.6516,32.5862,23.954,21.6207
PHL,IAH,271,1,0.0037,2130.7662,176.8773,6.1926,4.4833
PHL,IND,176,10,0.0568,944.6826,88.4819,8.8795,11.4819
PHL,JAX,93,0,0.0,1194.1303,101.2796,11.8602,8.6452
PHL,LAS,124,2,0.0161,3501.9238,271.4344,23.0574,8.2377
PHL,LAX,271,1,0.0037,3864.0253,299.0037,17.7222,14.1152
PHL,LGA,31,0,0.0,154.4966,28.4194,17.9032,17.7742
PHL,MCI,92,3,0.0326,1670.4949,143.4045,11.3034,10.7191
PHL,MCO,276,6,0.0217,1385.6417,116.463,16.7963,15.5815
PHL,MEM,89,5,0.0562,1406.5632,120.0964,-0.2381,-1.2289
PHL,MHT,155,0,0.0,466.7086,52.3484,14.0387,13.6516
PHL,MIA,186,2,0.0108,1630.2614,135.3388,16.2826,12.9891
PHL,MSP,279,12,0.043,1577.1532,141.8158,12.5243,9.6429
PHL,MSY,63,1,0.0159,1750.9619,147.7903,21.3548,15.0161
PHL,MYR,4,0,0.0,761.2178,68.0,-2.75,2.75
PHL,ORD,900,85,0.0944,1091.1325,103.1623,16.9632,18.9975
PHL,ORF,155,6,0.0387,339.5707,38.4362,19.9732,16.4899
PHL,PBI,93,1,0.0108,1530.4823,129.0761,16.5435,21.5652
PHL,PHX,185,2,0.0108,3339.3805,262.7104,14.1913,5.8361
PHL,PIT,373,23,0.0617,429.6938,46.5829,17.6743,23.4229
PHL,PVD,155,2,0.0129,383.0229,45.2222,20.4444,23.4771
PHL,PWM,155,6,0.0387,587.4091,58.255,13.7047,16.255
PHL,RDU,202,4,0.0198,540.7382,55.8724,14.1869,11.9133
PHL,RIC,186,18,0.0968,318.6493,41.1369,10.4464,8.9583
PHL,ROC,155,5,0.0323,413.6004,46.48,11.8,8.96
PHL,RSW,66,0,0.0,1596.4653,140.1515,19.5606,16.8636
PHL,SAN,93,0,0.0,3812.5265,295.5217,21.871,12.087
PHL,SDF,18,0,0.0,926.9798,85.9444,25.5,21.2778
PHL,SEA,124,1,0.0081,3827.0105,313.3902,21.6829,16.5772
PHL,SFO,247,3,0.0121,4057.1461,319.6996,16.041,9.5761
PHL,SJU,132,2,0.0152,2536.3198,204.6692,12.7462,7.4385
PHL,SLC,62,0,0.0,3099.5888,249.8871,8.2581,-4.0968
PHL,STL,240,10,0.0417,1308.3934,117.7,10.4565,13.6739
PHL,STT,31,0,0.0,2582.9907,210.9355,17.8387,13.2903
PHL,SYR,124,10,0.0806,366.9295,43.0965,10.693,14.6842
PHL,TPA,217,0,0.0,1480.5928,127.4839,15.5207,15.8618
PHX,ABQ,565,5,0.0088,527.8635,48.4071,9.4304,7.3393
PHX,ANC,31,0,0.0,4105.4263,310.8387,2.7742,2.4516
PHX,ATL,369,19,0.0515,2554.0226,195.06,8.3229,6.9286
PHX,AUS,275,2,0.0073,1403.3445,115.0625,9.3187,4.8456
PHX,BDL,31,0,0.0,3561.4694,261.0968,4.5484,16.3548
PHX,BHM,31,0,0.0,2341.5897,175.4839,4.2903,-9.871
PHX,BNA,93,0,0.0,2330.3243,176.9462,3.4839,-1.2688
PHX,BOI,62,0,0.0,1182.8649,104.1935,6.1613,13.6129
PHX,BOS,93,5,0.0538,3701.482,277.7273,20.5795,24.7614
PHX,BUF,31,0,0.0,3077.0581,225.6129,9.9677,5.9677
PHX,BUR,364,5,0.0137,593.8465,64.8217,6.7632,3.8106
PHX,BWI,248,2,0.0081,3217.0707,242.7992,16.935,16.6844
PHX,CLE,94,0,0.0,2795.4236,210.957,2.3617,2.3871
PHX,CLT,62,0,0.0,2854.9692,213.8226,-1.7581,-2.0806
PHX,CMH,124,1,0.0081,2689.2071,201.4797,22.4553,22.748
PHX,COS,89,3,0.0337,886.7463,80.2558,16.3721,20.4186
PHX,CVG,93,4,0.043,2525.0545,191.2674,3.5393,4.1163
PHX,DCA,62,2,0.0323,3184.8839,238.1379,29.2333,32.569
PHX,DEN,523,17,0.0325,968.8227,84.602,8.4625,7.6356
PHX,DFW,542,16,0.0295,1396.9071,117.9218,4.4867,3.6775
PHX,DTW,248,2,0.0081,2689.2071,205.0081,9.1707,8.6829
PHX,ELP,356,2,0.0056,558.441,52.2034,10.6893,9.2401
PHX,EWR,267,5,0.0187,3432.7222,260.7984,10.1145,12.2713
PHX,FLL,30,0,0.0,3173.6185,246.5667,14.6667,15.7
PHX,GEG,62,0,0.0,1641.5268,134.3226,6.1935,13.6935
PHX,HOU,182,0,0.0,1641.5268,131.8729,12.7363,6.3812
PHX,IAD,31,0,0.0,3147.869,232.8333,1.2903,-3.3333
PHX,IAH,306,0,0.0,1623.8241,136.1246,11.9281,9.9148
PHX,ICT,58,0,0.0,1400.1258,117.0862,13.0862,16.069
PHX,IND,93,1,0.0108,2396.3073,182.0543,13.6957,11.8261
PHX,JFK,124,2,0.0161,3464.909,265.041,18.4262,23.8607
PHX,LAS,1090,20,0.0183,411.991,44.8963,9.6813,10.9159
PHX,LAX,1319,49,0.0371,595.4558,57.2913,11.1937,7.1843
PHX,LGB,147,9,0.0612,571.3157,55.4783,7.0797,5.8986
PHX,LIT,31,0,0.0,1828.2102,144.3871,18.871,15.5484
PHX,MCI,306,3,0.0098,1680.151,134.3079,6.5974,3.149
PHX,MCO,93,3,0.0323,2974.0603,229.9333,20.9444,14.4
PHX,MDW,93,0,0.0,2323.887,176.5161,7.7742,1.3871
PHX,MEM,31,0,0.0,2032.5964,159.9032,-1.9677,1.4516
PHX,MIA,30,0,0.0,3173.6185,249.5667,14.5667,11.9333
PHX,MKE,62,1,0.0161,2349.6364,181.1311,6.0328,17.1311
PHX,MSP,310,4,0.0129,2053.5178,161.1307,5.9837,8.7484
PHX,MSY,124,0,0.0,2093.7513,165.0968,9.9194,2.6532
PHX,OAK,367,4,0.0109,1039.6336,94.7273,7.6088,7.2121
PHX,OKC,97,0,0.0,1340.5802,108.2268,11.7629,7.5567
PHX,OMA,186,0,0.0,1668.8856,132.0215,10.8978,9.043
PHX,ONT,623,3,0.0048,523.0355,49.0695,7.7032,6.3829
PHX,ORD,495,5,0.0101,2317.4496,177.093,15.8245,14.8657
PHX,PDX,337,7,0.0208,1623.8241,137.203,8.7152,6.7091
PHX,PHL,186,1,0.0054,3339.3805,255.2717,9.7622,13.9837
PHX,PIT,124,0,0.0,2917.7334,215.561,-2.1694,-5.1789
PHX,PVD,62,0,0.0,3664.4672,267.9194,1.5484,-12.871
PHX,RNO,248,0,0.0,967.2133,86.4073,8.8387,7.5403
PHX,SAN,762,7,0.0092,489.2394,48.6149,10.7536,9.2417
PHX,SAT,217,2,0.0092,1356.6736,109.1767,10.8512,9.8651
PHX,SDF,31,0,0.0,2423.666,184.9032,13.0968,2.871
PHX,SEA,443,4,0.009,1781.5394,150.8223,18.0319,19.8702
PHX,SFO,402,9,0.0224,1047.6803,96.6097,18.3919,15.9515
PHX,SJC,461,8,0.0174,999.4001,91.2053,10.7638,9.404
PHX,SLC,488,2,0.0041,815.9354,72.8498,9.5617,11.5082
PHX,SMF,337,2,0.0059,1041.243,94.4132,10.7403,7.8713
PHX,SNA,340,3,0.0088,543.9569,53.6528,6.1751,6.4659
PHX,STL,456,0,0.0,2030.9871,159.9364,10.3772,9.1689
PHX,TPA,62,0,0.0,2877.4999,223.5484,6.7419,0.7419
PHX,TUL,97,0,0.0,1504.7329,121.3608,9.5052,3.1237
PHX,TUS,388,19,0.049,177.0274,24.4634,6.5664,6.3631
PIA,ORD,151,12,0.0795,209.2142,29.518,9.0,6.1151
PIT,ABE,124,4,0.0323,407.163,42.0588,8.375,8.4454
PIT,ALB,124,1,0.0081,590.6278,55.439,15.5935,14.1951
PIT,ATL,336,3,0.0089,846.5128,80.2018,8.5766,10.7289
PIT,AVP,93,1,0.0108,391.0696,41.9457,23.4457,23.8152
PIT,BDL,155,2,0.0129,653.392,62.0132,7.5098,7.7895
PIT,BNA,124,3,0.0242,743.5151,73.0496,8.4876,10.4876
PIT,BOS,256,10,0.0391,798.2326,75.0041,17.0285,18.6286
PIT,BTV,31,0,0.0,730.6404,61.0645,16.5161,10.4839
PIT,BUF,124,0,0.0,299.3372,34.2419,16.0645,13.5081
PIT,BWI,242,5,0.0207,337.9614,43.5085,14.5148,19.3263
PIT,CAK,89,1,0.0112,112.6538,18.2159,11.9545,9.3523
PIT,CLT,423,28,0.0662,589.0184,60.9494,10.8076,13.2658
PIT,CMH,155,2,0.0129,231.745,29.6797,12.0588,12.085
PIT,CRW,93,4,0.043,263.9318,29.5169,9.5843,7.7416
PIT,CVG,62,1,0.0161,411.991,43.3115,-1.5246,-2.2459
PIT,DAY,94,1,0.0106,346.0081,38.2903,10.0,12.5376
PIT,DCA,186,8,0.043,329.9147,38.6348,8.1629,8.7472
PIT,DEN,155,0,0.0,2076.0486,169.1742,10.2194,1.8129
PIT,DFW,244,5,0.0205,1718.7751,142.1639,7.1674,3.9622
PIT,DTW,244,6,0.0246,323.4773,41.2941,4.0546,3.3571
PIT,ELM,62,0,0.0,334.7427,38.6129,6.9032,8.0806
PIT,ERI,124,3,0.0242,175.4181,23.6942,7.438,2.9174
PIT,EWR,269,19,0.0706,513.3795,60.012,16.624,19.08
PIT,FLL,95,1,0.0105,1599.684,135.0851,18.5319,16.8085
PIT,GRR,62,0,0.0,513.3795,52.7903,6.1935,2.9839
PIT,GSO,62,1,0.0161,489.2394,49.6721,12.7869,15.8689
PIT,HPN,58,2,0.0345,555.2223,62.5179,6.0357,3.2857
PIT,IAD,31,1,0.0323,294.5092,34.2333,17.5667,15.7667
PIT,IAH,209,2,0.0096,1797.6328,154.3932,7.5169,10.3981
PIT,IND,155,2,0.0129,523.0355,53.3289,13.0588,17.0987
PIT,ITH,89,1,0.0112,384.6323,41.2644,5.4886,4.2299
PIT,JFK,124,11,0.0887,547.1756,82.8407,25.3363,26.6106
PIT,LAS,93,0,0.0,3073.8394,240.0645,9.3548,3.1398
PIT,LAX,155,0,0.0,3437.5502,265.9226,21.7355,16.0065
PIT,LEX,62,1,0.0161,465.0993,51.082,13.2623,14.5082
PIT,LGA,317,16,0.0505,539.1289,58.6067,11.9934,13.1067
PIT,MCI,123,1,0.0081,1244.0198,107.8182,21.959,19.2562
PIT,MCO,251,3,0.012,1342.1896,111.2348,10.8427,13.7206
PIT,MDT,124,5,0.0403,297.7279,34.4538,8.4622,8.1429
PIT,MHT,93,0,0.0,780.5299,67.5484,8.0323,7.5054
PIT,MIA,93,0,0.0,1630.2614,137.7419,13.1398,15.4301
PIT,MKE,120,1,0.0083,693.6255,68.5966,14.7563,14.7563
PIT,MSP,182,0,0.0,1168.3808,107.3242,9.1703,3.4725
PIT,MSY,61,1,0.0164,1477.3741,125.9667,8.95,12.35
PIT,MYR,4,0,0.0,766.0458,68.5,5.0,4.0
PIT,ORD,575,32,0.0557,663.0481,67.107,15.1768,13.1384
PIT,ORF,91,0,0.0,531.0822,61.7692,4.989,9.1319
PIT,PBI,62,0,0.0,1532.0917,125.9677,13.0,9.1613
PIT,PHL,366,12,0.0328,429.6938,50.3362,15.1638,21.8503
PIT,PHX,124,1,0.0081,2917.7334,228.8293,6.935,1.561
PIT,PVD,124,1,0.0081,751.5618,70.7967,13.8293,15.0813
PIT,PWM,62,1,0.0161,893.1837,73.6333,13.918,15.1
PIT,RDU,120,0,0.0,527.8635,55.9167,8.5083,13.9
PIT,RIC,92,2,0.0217,416.8191,50.5444,4.7778,9.2667
PIT,ROA,62,1,0.0161,352.4455,40.6393,5.5082,8.2951
PIT,ROC,124,6,0.0484,360.4922,38.7627,4.6525,3.0508
PIT,RSW,62,0,0.0,1554.6224,129.2742,6.1129,8.7903
PIT,SAN,93,0,0.0,3389.27,261.6667,24.0968,14.7742
PIT,SBN,62,0,0.0,527.8635,53.5806,2.2419,3.5968
PIT,SDF,119,1,0.0084,539.1289,57.8475,12.4237,13.2119
PIT,SEA,124,0,0.0,3419.8475,279.9274,12.2097,10.0242
PIT,SFO,154,2,0.013,3627.4524,286.9801,15.3355,10.1854
PIT,SJU,21,0,0.0,2798.6423,224.3,5.0476,0.45
PIT,SNA,62,0,0.0,3403.7541,264.1935,6.4194,1.9032
PIT,STL,269,5,0.0186,889.965,83.7235,3.8902,3.7386
PIT,SYR,124,1,0.0081,449.0059,44.9836,8.5528,7.5
PIT,TPA,155,0,0.0,1404.9538,116.8,15.1548,18.2516
PNS,ATL,217,6,0.0276,437.7405,49.4313,3.5071,2.4502
PNS,CLT,124,2,0.0161,785.3579,75.1066,1.3115,2.4098
PNS,IAH,62,2,0.0323,786.9673,73.7167,2.2333,4.5167
PNS,JAN,31,2,0.0645,341.1801,36.3448,-7.5517,-4.7586
PNS,MSY,31,0,0.0,299.3372,33.9355,-1.8387,1.0323
PSC,GEG,31,0,0.0,193.1208,22.9677,13.9032,14.6452
PSC,SLC,62,0,0.0,838.4661,70.7419,4.1774,2.0323
PSG,JNU,31,0,0.0,197.9488,29.6,33.0,34.0
PSG,WRG,31,2,0.0645,49.8895,12.5172,15.4828,19.5172
PSP,DFW,31,0,0.0,1812.1168,148.6452,2.129,1.5161
PSP,LAX,275,15,0.0545,177.0274,31.6538,5.2346,3.9077
PSP,SFO,62,0,0.0,677.5321,66.1129,12.4355,15.4355
PVD,ATL,124,0,0.0,1453.234,130.1129,8.0081,7.0
PVD,BNA,62,0,0.0,1459.6714,133.5484,14.8226,8.1613
PVD,BWI,504,5,0.0099,527.8635,60.1928,16.3667,13.8635
PVD,CLT,124,2,0.0161,1099.1792,101.0738,9.4672,12.1885
PVD,CVG,62,0,0.0,1161.9435,106.5968,7.3871,1.5
PVD,DCA,120,5,0.0417,574.5344,66.6316,2.0957,4.114
PVD,DTW,153,0,0.0,988.1348,92.8954,6.6209,1.1895
PVD,EWR,93,1,0.0108,257.4944,44.0,12.5109,14.9674
PVD,FLL,31,1,0.0323,1911.8959,165.9667,-0.2667,-4.8333
PVD,IAH,31,0,0.0,2508.9611,209.4839,-3.0,-4.0968
PVD,ISP,116,1,0.0086,173.8087,23.9913,10.3304,4.9391
PVD,JFK,155,10,0.0645,231.745,37.0345,9.1103,4.9172
PVD,LGA,182,23,0.1264,230.1356,39.0818,22.5723,13.9308
PVD,MCI,31,0,0.0,1985.9256,166.8387,1.1935,-9.7097
PVD,MCO,159,1,0.0063,1726.8218,144.2803,11.557,2.7006
PVD,MDW,93,0,0.0,1355.0643,123.7717,14.2688,10.4457
PVD,ORD,248,1,0.004,1366.3297,125.8293,14.4372,12.8252
PVD,PHL,154,3,0.0195,383.0229,57.3576,15.4768,21.2848
PVD,PHX,62,0,0.0,3664.4672,297.6885,7.2258,-6.3934
PVD,PIT,124,2,0.0161,751.5618,75.1148,7.418,8.6967
PVD,TPA,62,0,0.0,1829.8196,158.3115,5.7419,1.0984
PWM,ATL,62,0,0.0,1652.7922,140.3667,6.8065,0.5667
PWM,BOS,209,19,0.0909,152.8873,28.8368,17.1526,15.7947
PWM,CVG,92,2,0.0217,1303.5654,115.618,5.6222,5.0562
PWM,DTW,93,1,0.0108,1075.0391,98.6957,3.163,-7.9674
PWM,EWR,31,0,0.0,457.0526,61.7097,17.129,24.9677
PWM,LGA,151,14,0.0927,434.5218,54.5221,20.3796,12.7868
PWM,MHT,31,0,0.0,120.7005,20.7097,23.5484,23.0323
PWM,ORD,122,3,0.0246,1448.406,130.6239,20.2521,13.5726
PWM,PHL,124,3,0.0242,587.4091,73.5372,11.4298,15.1983
PWM,PIT,93,3,0.0323,893.1837,85.8,12.2444,14.1333
RAP,MSP,155,0,0.0,788.5766,72.729,0.4194,2.6452
RDR,MSP,16,0,0.0,469.9273,48.0625,-4.6875,-9.6875
RDU,ATL,310,6,0.0194,572.925,56.4474,2.8487,1.5855
RDU,AUS,62,0,0.0,1870.0531,149.5246,6.1129,-0.9836
RDU,BNA,155,1,0.0065,712.9376,66.8701,16.4545,10.9416
RDU,BOS,34,4,0.1176,984.9161,89.4,12.0,-2.0
RDU,BWI,155,0,0.0,410.3817,45.3419,7.5742,5.9484
RDU,CLT,274,7,0.0255,209.2142,29.618,7.3221,6.3633
RDU,CVG,93,1,0.0108,627.6426,68.0435,2.3043,4.4783
RDU,DCA,54,2,0.037,365.3202,41.2885,-1.9808,-1.75
RDU,DFW,278,1,0.0036,1709.1191,141.6775,10.3466,5.1486
RDU,DTW,155,2,0.0129,806.2793,85.1176,4.5425,2.6405
RDU,EWR,147,5,0.034,669.4854,70.4648,19.0704,22.2746
RDU,IAH,93,0,0.0,1678.5416,140.25,2.3763,1.0543
RDU,JFK,186,14,0.0753,685.5788,98.0174,17.6047,13.8488
RDU,LAS,4,0,0.0,3262.1322,253.75,0.0,-23.0
RDU,LGA,232,16,0.069,693.6255,69.8915,15.6157,12.3774
RDU,MCI,31,0,0.0,1454.8434,128.4839,0.5484,-6.6774
RDU,MCO,31,0,0.0,859.3876,77.6774,12.8065,9.5484
RDU,MDW,93,0,0.0,1017.1029,96.8587,11.2258,4.7826
RDU,MEM,93,2,0.0215,1020.3216,94.4505,4.1319,4.1319
RDU,MIA,62,1,0.0161,1126.538,99.0164,6.8689,6.2131
RDU,MSP,93,0,0.0,1578.7625,141.8602,3.3011,-2.4731
RDU,ORD,341,15,0.044,1041.243,100.6718,12.1963,9.8235
RDU,PHL,203,2,0.0099,540.7382,63.67,17.393,21.315
RDU,PIT,120,1,0.0083,527.8635,61.521,10.916,16.2941
RDU,STL,120,0,0.0,1073.4298,101.85,1.2583,-2.575
RDU,TPA,62,0,0.0,944.6826,85.3226,17.5484,11.2097
RIC,ATL,279,9,0.0323,774.0925,74.9403,3.4444,1.0522
RIC,BOS,119,6,0.0504,762.8272,71.4779,12.2832,10.0796
RIC,CLT,248,6,0.0242,411.991,46.0372,5.8471,5.2397
RIC,CVG,62,0,0.0,664.6574,67.1452,1.2097,-3.0
RIC,DFW,93,3,0.0323,1863.6157,154.4778,3.5,2.2667
RIC,DTW,120,2,0.0167,733.859,78.7797,6.3814,3.9407
RIC,EWR,50,1,0.02,447.3965,54.4286,21.8367,30.102
RIC,IAH,31,0,0.0,1862.0064,152.0645,-2.4194,-7.3226
RIC,LGA,108,12,0.1111,469.9273,54.2632,15.0729,8.9158
RIC,ORD,213,12,0.0563,1033.1963,101.095,13.4129,7.915
RIC,ORF,62,4,0.0645,120.7005,19.9483,20.7069,21.0172
RIC,PHL,186,10,0.0538,318.6493,42.8864,5.5227,10.2727
RIC,PIT,92,3,0.0326,416.8191,57.2584,1.7978,4.1236
RIC,STL,62,0,0.0,1150.6781,107.629,8.2742,3.8871
RNO,BOI,89,0,0.0,539.1289,48.3371,7.1685,5.7528
RNO,DEN,66,0,0.0,1293.9094,102.8636,13.0303,8.8636
RNO,DFW,124,2,0.0161,2164.5623,165.9667,3.5656,4.5667
RNO,IAH,31,0,0.0,2462.2902,199.129,2.7097,1.2258
RNO,LAS,337,0,0.0,555.2223,53.7596,6.7329,4.8309
RNO,LAX,306,2,0.0065,627.6426,63.1053,11.0428,9.0789
RNO,MSP,62,0,0.0,2262.732,168.5968,-1.8387,-2.4677
RNO,OAK,213,1,0.0047,289.6812,35.934,5.0519,2.9575
RNO,ORD,93,1,0.0108,2689.2071,199.0109,9.7717,8.5761
RNO,PDX,93,0,0.0,714.547,65.7742,15.1613,11.3333
RNO,PHX,248,0,0.0,967.2133,85.0363,1.9435,-3.1774
RNO,SEA,177,0,0.0,907.6678,84.6384,22.4802,22.4972
RNO,SFO,124,0,0.0,308.9933,45.6179,13.2984,11.5691
RNO,SJC,186,1,0.0054,302.5559,42.2337,6.7946,4.7337
RNO,SLC,62,0,0.0,679.1415,61.0968,10.6774,7.0645
ROA,CLT,89,5,0.0562,249.4477,32.1905,2.1429,4.1905
ROA,PIT,93,4,0.043,352.4455,43.5169,3.7865,2.9101
ROC,ATL,93,2,0.0215,1205.3957,105.044,-1.2418,-4.8022
ROC,BOS,112,12,0.1071,552.0036,76.6566,22.83,20.4646
ROC,CLT,62,0,0.0,922.1518,88.9516,5.7903,6.5161
ROC,DCA,93,9,0.0968,476.3646,52.9036,1.2262,0.506
ROC,DTW,81,0,0.0,476.3646,51.925,-0.2716,0.6875
ROC,IAD,31,0,0.0,465.0993,51.7419,13.7742,15.0645
ROC,JFK,155,7,0.0452,424.8658,74.5822,18.2432,20.0479
ROC,LGA,112,5,0.0446,408.7724,49.2885,10.3645,3.6538
ROC,MCO,4,0,0.0,1662.4482,138.25,-2.25,-14.25
ROC,ORD,341,9,0.0264,849.7315,81.6091,14.9127,11.7909
ROC,PHL,155,5,0.0323,413.6004,57.8267,9.5,12.4667
ROC,PIT,124,7,0.0565,360.4922,42.1453,1.0427,0.453
ROC,SYR,31,0,0.0,127.1379,21.1935,-1.5161,-3.9677
RST,MSP,58,0,0.0,122.3098,22.7759,2.2241,-1.7759
RST,ORD,123,6,0.0488,431.3031,47.6068,5.5897,5.5897
RSW,ATL,248,1,0.004,828.8101,81.2551,3.2551,3.2429
RSW,BOS,93,5,0.0538,2010.0657,170.1705,17.1136,18.0568
RSW,BWI,31,0,0.0,1478.9835,131.0,3.4839,-2.4839
RSW,CLE,48,2,0.0417,1649.5735,137.7174,-4.3696,-8.1304
RSW,CLT,155,1,0.0065,965.604,90.7143,-0.4026,2.2727
RSW,CMH,31,1,0.0323,1496.6862,127.3667,-3.1,-2.5
RSW,CVG,59,0,0.0,1414.6099,120.0847,9.7627,7.6949
RSW,DTW,62,0,0.0,1746.1339,148.6129,17.5806,18.9516
RSW,EWR,159,10,0.0629,1718.7751,154.9375,23.7987,29.8472
RSW,IAH,35,0,0.0,1385.6417,119.4,-2.1143,-0.8571
RSW,IND,31,0,0.0,1522.4356,130.5161,8.4516,14.3226
RSW,LGA,62,2,0.0323,1738.0872,153.4561,31.35,29.7719
RSW,MIA,151,15,0.0993,168.9807,30.8824,1.2132,-1.4044
RSW,MSP,4,0,0.0,2278.8254,182.75,1.75,-8.25
RSW,ORD,31,1,0.0323,1802.4608,149.3,10.9,8.3333
RSW,PHL,66,0,0.0,1596.4653,137.6061,5.2121,3.8788
RSW,PIT,62,0,0.0,1554.6224,133.4677,-2.3065,-0.1613
RSW,STL,66,0,0.0,1575.5439,133.4091,0.4091,-1.0152
SAN,ABQ,124,0,0.0,1010.6655,84.4355,6.7823,7.0645
SAN,ATL,155,1,0.0065,3043.2619,229.3137,4.7338,5.5425
SAN,AUS,62,0,0.0,1873.2718,145.2097,12.371,6.5484
SAN,BNA,62,0,0.0,2817.9543,214.4839,11.6613,4.3226
SAN,BOS,62,3,0.0484,4164.9719,307.5593,5.7797,6.8136
SAN,CLT,93,0,0.0,3342.5992,247.4946,1.9247,1.7634
SAN,CVG,62,0,0.0,3001.4191,225.2419,3.9677,1.5161
SAN,DEN,240,5,0.0208,1372.767,115.0429,7.4255,14.4893
SAN,DFW,372,5,0.0134,1884.5371,153.1096,7.4169,11.8658
SAN,DTW,62,0,0.0,3149.4784,242.7903,-0.1613,3.5
SAN,ELP,62,0,0.0,1023.5402,85.8387,5.6935,6.2419
SAN,EWR,120,0,0.0,3902.6495,291.4286,3.525,6.563
SAN,IAD,93,2,0.0215,3625.843,265.3556,7.7912,11.5556
SAN,IAH,155,0,0.0,2096.97,170.1494,6.2387,4.6883
SAN,JFK,120,2,0.0167,3936.4456,298.2328,2.9322,3.0345
SAN,LAS,515,9,0.0175,415.2097,48.8182,10.2213,9.3775
SAN,LAX,1084,42,0.0387,175.4181,29.3253,2.1574,0.4251
SAN,MCI,31,0,0.0,2145.2502,168.4483,21.8387,14.1034
SAN,MEM,31,0,0.0,2521.8358,192.9032,6.7097,4.8387
SAN,MSP,124,0,0.0,2465.5089,194.9839,2.879,11.0161
SAN,MSY,31,0,0.0,2573.3347,194.4839,0.0,-6.9032
SAN,OAK,461,1,0.0022,717.7656,64.1413,10.1652,9.1783
SAN,ORD,341,3,0.0088,2772.8928,211.976,12.3166,14.3544
SAN,PDX,155,1,0.0065,1501.5142,122.7403,12.0455,14.7208
SAN,PHL,93,0,0.0,3812.5265,286.1222,6.4086,10.3556
SAN,PHX,734,7,0.0095,489.2394,51.2462,8.1554,7.8074
SAN,PIT,94,1,0.0106,3389.27,250.5699,6.043,10.2366
SAN,SEA,275,1,0.0036,1689.807,140.5255,22.0438,27.7701
SAN,SFO,434,5,0.0115,719.375,64.9835,20.4918,17.0071
SAN,SJC,453,1,0.0022,671.0948,59.7412,9.4712,10.1128
SAN,SLC,155,4,0.0258,1007.4468,86.7815,10.6755,10.8344
SAN,SMF,364,4,0.011,772.4832,68.7333,6.8472,5.5306
SAN,STL,124,0,0.0,2507.3517,197.2016,0.5726,4.629
SAN,TUS,93,0,0.0,590.6278,55.7527,7.4409,7.6022
SAT,ATL,217,2,0.0092,1406.5632,121.6075,7.2884,6.5374
SAT,AUS,31,2,0.0645,106.2164,16.75,9.0,-0.25
SAT,BNA,31,0,0.0,1322.8775,111.5484,0.129,-0.9677
SAT,BWI,31,0,0.0,2264.3414,184.6333,6.871,-1.5667
SAT,CVG,62,0,0.0,1647.9642,136.2742,4.0161,1.5
SAT,DAL,433,9,0.0208,399.1163,42.9173,7.3113,5.4468
SAT,DEN,93,0,0.0,1277.816,107.0435,5.1075,2.9674
SAT,DFW,493,9,0.0183,397.507,44.6033,4.4421,4.7521
SAT,ELP,116,0,0.0,798.2326,68.5259,4.3448,2.4397
SAT,EWR,27,1,0.037,2525.0545,222.4615,24.1538,29.1923
SAT,HOU,379,1,0.0026,308.9933,34.3457,6.4312,4.5479
SAT,HRL,62,0,0.0,374.9762,37.4032,7.7258,4.2419
SAT,IAH,337,2,0.0059,307.3839,39.5343,10.1224,8.9045
SAT,LAS,120,0,0.0,1720.3845,141.2833,5.3833,2.3417
SAT,LAX,58,0,0.0,1947.3014,157.5172,2.6897,-10.8276
SAT,MCO,31,0,0.0,1673.7136,144.4194,2.9355,0.5484
SAT,MEM,93,2,0.0215,1005.8375,89.0333,-6.0989,-8.8
SAT,MSP,62,0,0.0,1765.446,139.9355,-4.129,-12.1774
SAT,ORD,186,5,0.0269,1675.3229,139.736,8.7569,6.7191
SAT,PHX,186,2,0.0108,1356.6736,115.625,5.1793,4.2228
SAT,SLC,31,2,0.0645,1747.7432,143.6786,-0.4483,-2.9286
SAT,STL,151,0,0.0,1264.9412,112.4834,-2.404,-3.6026
SAT,TPA,35,0,0.0,1564.2785,130.8857,4.5429,0.8571
SAV,ATL,310,13,0.0419,346.0081,40.2458,3.7205,3.5455
SAV,CLT,186,1,0.0054,342.7894,44.3027,0.1514,1.4432
SAV,DFW,93,2,0.0215,1488.6395,129.7473,4.7582,-6.8022
SAV,EWR,4,0,0.0,1139.4127,124.75,27.5,39.75
SAV,MIA,62,4,0.0645,708.1096,111.431,0.931,0.569
SBA,LAX,399,8,0.0201,143.2313,31.9309,6.2353,7.4936
SBA,SFO,155,3,0.0194,421.6471,44.1589,18.0066,14.0861
SBN,DTW,35,1,0.0286,252.6664,36.9412,-2.4706,-2.0
SBN,PIT,62,0,0.0,527.8635,56.541,1.3871,7.1148
SBP,LAX,213,8,0.0376,249.4477,47.2585,6.7854,9.078
SCC,ANC,44,2,0.0455,1007.4468,87.619,3.8571,2.881
SDF,ATL,217,4,0.0184,516.5981,59.3568,5.4038,8.3991
SDF,BHM,62,0,0.0,519.8168,49.5161,10.4516,8.871
SDF,BWI,151,0,0.0,796.6233,75.5503,7.8013,7.5235
SDF,CLT,93,0,0.0,540.7382,56.5806,1.9785,3.5591
SDF,CVG,93,3,0.0323,133.5752,25.5222,7.1889,5.3667
SDF,DFW,124,2,0.0161,1179.6462,103.0164,4.1393,7.8689
SDF,DTW,151,1,0.0066,492.458,57.5,10.26,9.46
SDF,IAH,58,1,0.0172,1268.1599,112.614,-0.4737,-2.7719
SDF,LAS,31,0,0.0,2613.5682,211.5484,3.4194,-1.0968
SDF,LEX,31,0,0.0,101.3884,18.0968,23.2581,25.3226
SDF,MCO,124,1,0.0081,1155.5061,99.7705,9.8862,4.0164
SDF,MDW,205,2,0.0098,436.1311,47.2956,13.4729,12.3793
SDF,MEM,31,1,0.0323,514.9888,59.7,-2.5,-3.9667
SDF,MSP,62,0,0.0,970.432,98.3548,2.129,-1.3226
SDF,PHL,18,0,0.0,926.9798,100.9444,0.5556,3.2778
SDF,PHX,31,0,0.0,2423.666,196.2903,0.0,-11.6129
SDF,PIT,120,1,0.0083,539.1289,56.9492,5.3445,7.7373
SDF,STL,271,5,0.0185,408.7724,49.188,6.7218,1.6692
SDF,TPA,31,0,0.0,1169.9902,101.9355,2.5161,-0.4194
SEA,ABQ,31,0,0.0,1899.0212,149.0323,17.7742,14.9032
SEA,ANC,744,34,0.0457,2331.9337,183.5113,17.0056,8.7535
SEA,ATL,186,0,0.0,3511.5799,255.0806,5.7366,9.7796
SEA,BNA,31,0,0.0,3181.6652,231.7586,18.2903,9.1724
SEA,BOI,93,0,0.0,642.1267,56.5914,14.7957,13.9462
SEA,BOS,62,0,0.0,4016.9126,287.3115,6.6774,3.0656
SEA,BUR,108,1,0.0093,1507.9516,124.8972,15.6822,16.9813
SEA,BWI,31,0,0.0,3757.8089,272.7742,2.4194,6.4516
SEA,CLE,31,0,0.0,3252.4761,240.2581,1.9677,-2.0323
SEA,CLT,93,0,0.0,3667.6859,264.0215,5.7527,10.914
SEA,CVG,62,1,0.0161,3160.7438,230.4098,4.1148,5.8033
SEA,DEN,395,7,0.0177,1647.9642,128.0336,9.2036,8.9432
SEA,DFW,376,2,0.0053,2671.5044,200.5538,6.4332,4.4489
SEA,DTW,248,2,0.0081,3101.1982,218.8082,6.3455,3.9878
SEA,EWR,151,2,0.0132,3864.0253,279.3605,7.2483,11.4286
SEA,FAI,124,0,0.0,2467.1182,194.2903,20.6855,14.2339
SEA,GEG,425,2,0.0047,360.4922,36.2246,16.9693,17.2199
SEA,HNL,62,0,0.0,4308.2032,320.9516,22.2742,23.1935
SEA,IAD,124,1,0.0081,3711.138,260.5328,11.7154,13.8197
SEA,IAH,156,0,0.0,3015.9032,227.8506,8.3782,2.6494
SEA,JFK,124,2,0.0161,3896.2121,285.575,13.1311,16.1
SEA,JNU,225,2,0.0089,1462.8901,121.4163,15.8655,12.1538
SEA,KTN,155,0,0.0,1094.3512,95.2387,15.6194,11.9032
SEA,LAS,324,0,0.0,1393.6884,119.4259,12.5247,8.6667
SEA,LAX,762,14,0.0184,1535.3104,131.3695,17.0401,17.9023
SEA,MCI,31,0,0.0,2396.3073,181.3548,11.3226,8.3226
SEA,MEM,92,1,0.0109,3009.4658,220.8409,5.0659,1.9091
SEA,MIA,31,1,0.0323,4383.8422,314.6333,3.2667,-1.3
SEA,MSP,310,1,0.0032,2251.4667,163.9385,6.1359,4.4854
SEA,OAK,492,2,0.0041,1079.8671,102.1041,14.9816,15.9449
SEA,ONT,143,0,0.0,1538.529,128.2238,19.1538,17.9021
SEA,ORD,522,11,0.0211,2769.6741,202.4684,11.9472,10.6561
SEA,PDX,62,1,0.0161,207.6049,28.9016,7.8033,10.7705
SEA,PHL,124,1,0.0081,3827.0105,280.9918,9.0813,17.9672
SEA,PHX,412,4,0.0097,1781.5394,145.8452,18.9191,17.2236
SEA,PIT,125,2,0.016,3419.8475,244.2927,11.3577,14.3496
SEA,RNO,177,0,0.0,907.6678,77.4011,16.8701,14.0
SEA,SAN,275,1,0.0036,1689.807,140.4449,25.7263,26.0221
SEA,SFO,705,11,0.0156,1092.7419,104.828,26.8069,27.5347
SEA,SIT,31,0,0.0,1387.2511,113.9677,15.8387,9.871
SEA,SJC,449,2,0.0045,1121.71,104.9642,14.7875,14.6935
SEA,SLC,279,2,0.0072,1108.8353,90.917,9.6968,7.7473
SEA,SMF,310,0,0.0,973.6507,84.0097,17.5968,16.4
SEA,SNA,302,4,0.0132,1573.9345,137.4195,9.6443,9.3121
SEA,STL,186,0,0.0,2751.9714,203.9785,7.1452,7.0538
SEA,TUS,62,0,0.0,1956.9574,154.2419,20.5484,12.7097
SFO,ABQ,4,0,0.0,1441.9686,114.5,3.5,3.5
SFO,ANC,62,1,0.0161,3247.6481,247.9016,14.8852,-6.0
SFO,ATL,248,16,0.0645,3442.3783,251.5733,3.6552,2.6983
SFO,AUS,31,0,0.0,2420.4474,183.1935,27.7097,25.129
SFO,BDL,31,0,0.0,4224.5175,296.4194,8.9677,18.8065
SFO,BOI,124,2,0.0161,840.0755,66.5082,11.8361,5.2787
SFO,BOS,302,14,0.0464,4351.6554,304.2188,12.7986,14.0833
SFO,BUR,360,18,0.05,524.6448,49.5308,10.2076,6.2258
SFO,BWI,124,0,0.0,3954.1484,281.3008,2.0645,1.5366
SFO,CLE,94,0,0.0,3477.7837,250.0851,2.8298,3.4255
SFO,CLT,155,1,0.0065,3695.0446,266.987,3.8571,11.1753
SFO,CVG,123,7,0.0569,3276.6162,239.6466,0.2069,3.4569
SFO,DEN,483,20,0.0414,1556.2318,117.9741,6.0086,2.6609
SFO,DFW,465,17,0.0366,2356.0738,178.0899,6.0491,7.2921
SFO,DTW,186,1,0.0054,3345.8179,240.5272,3.5135,-0.2283
SFO,EUG,155,1,0.0065,725.8123,60.961,12.8182,5.9221
SFO,EWR,387,9,0.0233,4127.9571,296.8373,13.8466,19.5013
SFO,HNL,194,0,0.0,3859.1973,289.7577,5.8351,2.1443
SFO,IAD,301,13,0.0432,3892.9935,273.5455,6.4444,5.6503
SFO,IAH,275,5,0.0182,2631.2709,203.8496,4.4556,-0.2368
SFO,JFK,588,18,0.0306,4161.7532,300.5362,6.3,11.0882
SFO,KOA,31,0,0.0,3809.3078,286.0968,2.6452,1.5484
SFO,LAS,458,8,0.0175,666.2668,64.3844,14.6778,12.1133
SFO,LAX,1313,55,0.0419,542.3476,56.1639,6.3076,4.1559
SFO,LIH,35,0,0.0,3938.055,298.0857,1.0857,-24.0286
SFO,MCO,31,0,0.0,3934.8363,284.0323,11.2903,15.1935
SFO,MEM,62,1,0.0161,2908.0774,214.2833,-0.5738,-0.6167
SFO,MFR,93,3,0.0323,529.4729,47.1556,18.5111,9.4222
SFO,MIA,124,3,0.0242,4160.1439,299.405,4.4959,-8.3967
SFO,MSP,248,5,0.0202,2557.2413,184.2058,0.3086,-0.5432
SFO,MSY,31,0,0.0,3075.4487,224.5806,1.9032,-2.9355
SFO,OGG,93,0,0.0,3762.6369,288.914,7.7634,4.9892
SFO,ONT,155,0,0.0,584.1904,57.071,19.5935,15.8839
SFO,ORD,678,29,0.0428,2970.8416,214.5932,10.6379,11.0016
SFO,PDX,492,12,0.0244,885.137,73.6833,15.5208,11.3938
SFO,PHL,240,1,0.0042,4057.1461,297.2924,6.0377,15.161
SFO,PHX,403,6,0.0149,1047.6803,92.6524,10.8186,5.5164
SFO,PIT,153,1,0.0065,3627.4524,259.9007,0.0987,6.3179
SFO,PSP,62,0,0.0,677.5321,63.1613,23.6935,27.4032
SFO,RNO,124,0,0.0,308.9933,31.75,13.7661,6.4919
SFO,SAN,430,4,0.0093,719.375,68.8744,14.4624,11.6469
SFO,SBA,155,2,0.0129,421.6471,45.3399,18.8366,15.3856
SFO,SEA,704,10,0.0142,1092.7419,92.1546,23.3329,22.7197
SFO,SLC,248,3,0.0121,963.9947,77.8735,8.8408,6.2857
SFO,SNA,356,21,0.059,598.6745,65.0746,5.5403,3.994
SFO,STL,184,2,0.0109,2793.8142,206.2253,2.4835,-2.967
SGF,DFW,244,2,0.0082,585.7998,78.4008,6.8182,4.5413
SGF,STL,182,7,0.0385,313.8213,38.4286,2.1143,-0.8686
SHV,ATL,62,3,0.0484,888.3557,83.7966,7.8644,10.4068
SHV,DFW,464,17,0.0366,305.7746,47.4529,4.7293,3.4462
SHV,MLU,31,1,0.0323,168.9807,22.6333,7.6,6.0333
SIT,JNU,93,0,0.0,152.8873,23.1398,3.5914,4.4624
SIT,KTN,31,0,0.0,294.5092,33.7097,2.2258,1.9355
SIT,SEA,62,0,0.0,1387.2511,119.4355,14.9839,21.8548
SJC,ATL,124,5,0.0403,3405.3634,259.7815,5.5546,11.8739
SJC,AUS,116,4,0.0345,2375.3858,181.7411,8.1875,6.9911
SJC,BOS,89,1,0.0112,4327.5153,313.5568,8.0341,8.6932
SJC,BUR,244,4,0.0164,476.3646,45.1208,5.0833,3.3208
SJC,CVG,31,2,0.0645,3246.0388,244.0,-1.0,9.4828
SJC,DEN,329,6,0.0182,1525.6543,126.4985,13.3406,15.4675
SJC,DFW,310,5,0.0161,2314.2309,181.8808,11.9967,13.8775
SJC,DTW,62,0,0.0,3320.0684,244.082,1.9677,-3.0984
SJC,EWR,89,1,0.0112,4100.5983,302.9091,5.6932,16.4205
SJC,HNL,31,0,0.0,3888.1654,298.5806,7.4194,5.3226
SJC,IAD,93,1,0.0108,3862.416,281.2283,9.1848,-1.6087
SJC,IAH,120,2,0.0167,2587.8187,212.8087,2.2288,-1.7043
SJC,JFK,93,1,0.0108,4134.3945,307.3913,3.2609,4.7935
SJC,LAS,395,1,0.0025,621.2052,60.7817,13.3173,13.1218
SJC,LAX,1003,29,0.0289,495.6767,52.1817,8.4702,6.9179
SJC,MCI,31,0,0.0,2380.2139,183.5484,3.0323,3.2903
SJC,MIA,31,0,0.0,4118.3011,310.7419,4.5806,7.129
SJC,MSP,93,2,0.0215,2536.3198,196.6484,-0.5275,4.7802
SJC,OGG,31,0,0.0,3791.605,292.129,0.4194,4.4516
SJC,ONT,282,7,0.0248,535.9102,52.1018,5.5964,3.8291
SJC,ORD,430,6,0.014,2943.4829,221.6167,11.2665,12.9952
SJC,PDX,445,7,0.0157,915.7145,80.8813,7.968,7.9749
SJC,PHX,430,10,0.0233,999.4001,88.9045,4.3857,1.6659
SJC,RNO,186,2,0.0108,302.5559,36.8962,7.3859,4.8852
SJC,SAN,452,1,0.0022,671.0948,62.7133,8.0089,6.4311
SJC,SEA,449,3,0.0067,1121.71,100.0764,16.7175,19.0494
SJC,SLC,93,0,0.0,941.4639,81.6237,4.5269,2.8387
SJC,SNA,445,7,0.0157,550.3943,58.2443,6.516,4.7808
SJC,STL,93,1,0.0108,2761.6274,216.4835,3.1739,5.8791
SJC,TUS,62,0,0.0,1160.3341,95.871,17.5806,14.6935
SJT,DFW,182,5,0.0275,366.9295,57.2443,-0.5763,2.5114
SJU,ATL,136,7,0.0515,2489.649,194.938,2.4109,-2.4496
SJU,BDL,62,0,0.0,2681.1604,211.0806,0.2581,-4.8548
SJU,BOS,124,1,0.0081,2694.0352,211.9918,5.0976,-5.0984
SJU,BWI,49,0,0.0,2518.6171,206.3061,4.1633,3.0612
SJU,CLE,8,0,0.0,2959.5763,232.125,-1.75,-10.0
SJU,CLT,60,0,0.0,2372.1672,192.85,7.6,17.9667
SJU,CVG,31,6,0.1935,2909.6867,236.8,-2.0,-10.52
SJU,DFW,124,0,0.0,3484.2211,261.871,1.7339,6.6129
SJU,DTW,8,0,0.0,3104.4169,246.125,25.75,8.5
SJU,EWR,216,1,0.0046,2587.8187,214.4065,5.4744,5.8364
SJU,FLL,112,1,0.0089,1683.3696,135.8559,-1.2703,-1.8198
SJU,IAD,52,0,0.0,2528.2731,207.56,6.9231,7.84
SJU,IAH,35,0,0.0,3229.9454,245.1429,-0.6286,-1.1714
SJU,JFK,318,10,0.0314,2570.116,201.7013,14.8149,6.3409
SJU,LAX,8,0,0.0,5449.2252,403.375,58.125,52.5
SJU,MCO,124,2,0.0161,1913.5053,151.0164,9.1311,7.9262
SJU,MEM,8,0,0.0,2998.2004,229.25,-5.625,-10.25
SJU,MIA,279,12,0.043,1681.7603,131.2959,9.9288,3.0974
SJU,ORD,128,2,0.0156,3334.5525,269.4634,4.2857,3.2683
SJU,PHL,132,1,0.0076,2536.3198,205.6718,6.3511,7.7176
SJU,PIT,21,0,0.0,2798.6423,222.6667,-2.4286,-11.2381
SJU,STL,55,2,0.0364,3257.3042,254.9623,17.8868,9.717
SJU,STT,31,0,0.0,109.4351,17.5806,5.6774,7.7419
SJU,TPA,62,0,0.0,1990.7536,153.5323,-1.5,2.129
SLC,ABQ,62,1,0.0161,793.4046,67.6721,7.2623,5.1967
SLC,ANC,93,0,0.0,3419.8475,254.8387,7.3871,0.7957
SLC,ATL,247,7,0.0283,2557.2413,192.8917,7.0875,5.2375
SLC,BIL,93,2,0.0215,622.8146,53.2967,9.044,7.3626
SLC,BOI,154,0,0.0,468.3179,43.9805,9.974,5.4935
SLC,BOS,93,2,0.0215,3387.6607,247.5393,14.8901,19.9775
SLC,BWI,31,0,0.0,2999.8098,228.4194,11.3226,9.6774
SLC,BZN,62,0,0.0,558.441,48.5323,21.7419,15.7581
SLC,COS,31,0,0.0,659.8294,66.871,3.5806,6.5806
SLC,CVG,186,2,0.0108,2331.9337,177.0761,3.4674,5.2446
SLC,DEN,403,7,0.0174,629.2519,58.6061,5.798,4.1566
SLC,DFW,248,5,0.0202,1590.0279,125.9585,12.9959,13.8506
SLC,DTW,62,1,0.0161,2383.4325,184.8197,9.082,6.1803
SLC,EWR,93,0,0.0,3167.1811,243.3978,13.6989,24.2903
SLC,FCA,62,1,0.0161,856.1689,70.1639,8.2459,5.4262
SLC,GEG,93,0,0.0,878.6996,73.3656,11.9892,10.2473
SLC,GTF,62,0,0.0,745.1244,62.2951,8.9355,8.7377
SLC,HLN,62,0,0.0,646.9547,56.7097,2.1129,-0.8548
SLC,IAD,62,1,0.0161,2940.2642,217.1833,9.2131,15.3833
SLC,IAH,151,0,0.0,1923.1613,160.4218,6.4106,4.5986
SLC,JFK,93,0,0.0,3200.9773,242.9355,24.2366,37.4409
SLC,LAS,399,0,0.0,592.2371,58.1228,7.3308,4.1679
SLC,LAX,495,6,0.0121,949.5106,84.8896,9.1391,3.0204
SLC,MCI,124,1,0.0081,1478.9835,119.9098,9.2846,9.6639
SLC,MCO,62,0,0.0,3104.4169,230.0968,4.0968,-1.1774
SLC,MSO,93,0,0.0,701.6722,60.4731,6.871,5.7957
SLC,MSP,155,2,0.0129,1594.8559,126.4183,8.2092,7.5163
SLC,OAK,124,0,0.0,946.2919,86.9355,6.1532,3.3629
SLC,OKC,61,0,0.0,1393.6884,111.95,5.082,4.2
SLC,ONT,93,2,0.0215,898.0117,77.044,6.033,1.3187
SLC,ORD,247,3,0.0121,2010.0657,156.2227,17.0492,21.0966
SLC,PDX,248,0,0.0,1013.8842,85.5121,4.2137,2.0484
SLC,PHL,62,0,0.0,3099.5888,235.4355,5.2419,11.5484
SLC,PHX,516,5,0.0097,815.9354,74.7084,8.4462,5.5225
SLC,PSC,93,0,0.0,838.4661,71.8387,11.5269,11.043
SLC,RNO,62,0,0.0,679.1415,63.4516,4.6935,0.9355
SLC,SAN,154,4,0.026,1007.4468,87.0135,6.3133,2.1892
SLC,SAT,93,4,0.043,1747.7432,137.4598,7.0,3.2759
SLC,SEA,279,1,0.0036,1108.8353,97.5415,10.5755,8.13
SLC,SFO,248,4,0.0161,963.9947,86.4016,15.25,10.6926
SLC,SJC,93,0,0.0,941.4639,86.3011,3.9355,0.6559
SLC,SMF,93,4,0.043,856.1689,73.7978,13.6742,11.0899
SLC,SNA,124,4,0.0323,946.2919,83.675,5.7417,5.7167
SLC,STL,186,0,0.0,1860.397,148.8152,4.586,3.413
SLC,TUL,31,1,0.0323,1490.2488,114.7586,10.3,8.5862
SLC,TUS,31,0,0.0,967.2133,81.2258,5.2581,-0.871
SMF,ATL,93,0,0.0,3366.7393,244.6957,5.3333,7.2935
SMF,BUR,298,1,0.0034,576.1437,53.9731,4.3165,2.5455
SMF,DEN,217,2,0.0092,1464.4994,116.4558,12.1535,11.7953
SMF,DFW,155,1,0.0065,2302.9655,173.8355,-0.7597,1.7566
SMF,IAD,31,0,0.0,3794.8237,269.9677,-0.2258,-5.129
SMF,IAH,62,0,0.0,2589.4281,210.2419,4.1935,7.2419
SMF,LAS,271,2,0.0074,638.908,59.6729,9.513,6.171
SMF,LAX,457,1,0.0022,600.2838,61.8662,8.5482,6.0482
SMF,MCI,31,0,0.0,2320.6683,175.9355,10.0968,7.0968
SMF,MSP,93,0,0.0,2442.9781,182.8172,0.7742,1.1398
SMF,ONT,379,0,0.0,626.0333,58.7098,4.0449,0.1926
SMF,ORD,124,1,0.0081,2866.2345,214.3333,11.8211,11.025
SMF,PDX,155,0,0.0,770.8739,67.2452,5.0516,3.1032
SMF,PHX,337,5,0.0148,1041.243,91.3976,8.6084,4.3765
SMF,SAN,364,2,0.0055,772.4832,70.0471,7.0166,3.6898
SMF,SEA,310,0,0.0,973.6507,86.9194,17.6484,17.1548
SMF,SLC,93,6,0.0645,856.1689,71.2644,5.3103,6.092
SMF,SNA,139,1,0.0072,650.1734,69.2971,3.7246,2.9493
SMF,STL,93,0,0.0,2702.0819,205.4086,2.8387,2.6344
SNA,ATL,93,8,0.086,3088.3235,237.5647,8.4706,7.6824
SNA,DEN,155,6,0.0387,1361.5016,111.0201,10.6107,12.4832
SNA,DFW,335,11,0.0328,1939.2547,154.5123,6.8488,8.9784
SNA,DTW,31,0,0.0,3154.3064,237.4516,1.3548,-1.871
SNA,EWR,108,4,0.037,3915.5242,291.8137,3.5673,10.7647
SNA,HNL,31,0,0.0,4156.9252,324.9355,0.0,-8.0968
SNA,IAH,147,2,0.0136,2167.781,175.9371,2.6897,2.0
SNA,LAS,317,9,0.0284,363.7108,44.9251,7.8929,8.3876
SNA,MSP,93,0,0.0,2449.4155,191.4624,0.6989,1.9247
SNA,OAK,387,1,0.0026,597.0651,60.7124,6.7332,8.3834
SNA,OGG,31,0,0.0,4044.2714,315.6129,5.4839,-3.9355
SNA,ORD,333,11,0.033,2777.7208,210.5063,10.8012,15.2547
SNA,PDX,93,2,0.0215,1382.4231,118.0769,12.2747,15.2637
SNA,PHX,348,6,0.0172,543.9569,54.9708,11.924,9.9708
SNA,PIT,62,0,0.0,3403.7541,251.0667,-0.7419,8.2333
SNA,SEA,302,3,0.0099,1573.9345,135.9766,12.592,18.0435
SNA,SFO,387,25,0.0646,598.6745,60.1298,9.4917,8.8536
SNA,SJC,445,7,0.0157,550.3943,55.363,5.7991,6.6895
SNA,SLC,124,3,0.0242,946.2919,84.2083,10.595,11.4333
SNA,SMF,139,6,0.0432,650.1734,66.3008,10.3684,7.0902
SNA,STL,62,0,0.0,2526.6638,191.8226,-1.6129,-0.6452
SPS,DFW,155,1,0.0065,181.8554,28.8896,4.5974,1.3831
SRQ,ATL,186,0,0.0,716.1563,72.3011,5.1613,3.4839
SRQ,CLT,93,1,0.0108,880.309,84.9121,-3.4348,-1.4066
SRQ,EWR,31,0,0.0,1664.0576,149.1333,8.8387,7.7
STL,ABQ,217,0,0.0,1503.1236,126.53,8.9447,4.3041
STL,ANC,36,0,0.0,4725.0222,365.3889,13.3333,6.0833
STL,ATL,426,16,0.0376,777.3112,73.9732,3.2756,3.9415
STL,AUS,124,0,0.0,1161.9435,97.4435,4.5403,1.4839
STL,BDL,122,1,0.0082,1540.1384,123.9421,6.0826,6.4298
STL,BHM,31,0,0.0,659.8294,63.0,3.5484,-9.5806
STL,BNA,182,3,0.0165,436.1311,44.8212,4.7933,3.0838
STL,BOS,213,10,0.0469,1683.3696,137.1692,10.2709,13.0896
STL,BWI,279,0,0.0,1186.0836,102.1408,7.2867,6.9675
STL,CID,208,8,0.0385,366.9295,38.325,4.105,0.64
STL,CLE,243,2,0.0082,783.7486,68.9167,9.9668,5.6625
STL,CLT,243,1,0.0041,925.3705,80.8884,3.376,1.5083
STL,CMH,244,0,0.0,659.8294,61.0492,5.6189,4.9877
STL,COS,123,0,0.0,1245.6292,106.9837,7.7886,5.4878
STL,DAY,124,3,0.0242,543.9569,50.625,5.9008,3.6417
STL,DCA,212,3,0.0142,1157.1155,98.6165,5.2967,6.5291
STL,DEN,401,3,0.0075,1239.1918,109.2551,7.6357,5.4672
STL,DFW,515,22,0.0427,886.7463,79.6354,2.2312,-0.0041
STL,DSM,181,2,0.011,418.4284,43.4888,3.486,2.6573
STL,DTW,542,2,0.0037,708.1096,69.6352,4.8037,2.3944
STL,EWR,235,8,0.034,1403.3445,123.1013,13.9075,12.9471
STL,FLL,93,0,0.0,1699.463,139.6989,5.3656,2.0108
STL,FSD,93,0,0.0,757.9991,70.3011,5.086,2.7634
STL,HNL,31,0,0.0,6644.9649,499.129,6.8065,-0.7419
STL,HOU,263,8,0.0304,1105.6166,97.8775,8.0431,4.3636
STL,IAD,124,7,0.0565,1120.1006,94.3534,6.1709,6.8621
STL,IAH,145,1,0.0069,1075.0391,95.2937,7.9236,5.6573
STL,ICT,182,6,0.033,630.8613,58.0857,2.5966,-0.9314
STL,IND,325,1,0.0031,368.5389,39.2562,5.2284,4.4599
STL,JAX,93,0,0.0,1211.833,98.9892,8.1613,5.5269
STL,JFK,155,3,0.0194,1435.5313,123.2961,11.9079,11.0132
STL,LAS,155,0,0.0,2208.0145,178.8516,9.0065,6.3226
STL,LAX,247,0,0.0,2563.6786,202.2551,9.3846,4.7247
STL,LGA,236,18,0.0763,1427.4846,122.7822,9.6743,11.0396
STL,LIT,298,1,0.0034,476.3646,45.2593,9.037,5.33
STL,LNK,58,0,0.0,595.4558,57.6379,6.1379,5.9655
STL,MCI,551,7,0.0127,381.4136,42.0406,7.7702,5.1181
STL,MCO,248,0,0.0,1416.2192,115.1336,6.0645,2.7895
STL,MDW,437,3,0.0069,403.9443,43.4722,11.2581,7.8495
STL,MEM,85,1,0.0118,411.991,48.4881,-1.3452,-3.131
STL,MIA,128,0,0.0,1718.7751,139.7969,5.0625,-0.4531
STL,MKE,186,4,0.0215,510.1608,50.7253,2.1648,1.0934
STL,MLI,182,1,0.0055,300.9466,33.5856,2.5028,0.7182
STL,MSP,476,7,0.0147,722.5937,72.209,3.3795,1.1898
STL,MSY,182,0,0.0,972.0414,81.4835,2.7198,-0.8352
STL,OGG,31,1,0.0323,6541.9671,492.0667,14.9333,10.0333
STL,OKC,271,1,0.0037,743.5151,66.1045,7.9889,4.3619
STL,OMA,240,0,0.0,550.3943,53.8083,5.7375,2.5083
STL,ONT,62,0,0.0,2489.649,197.5645,11.1613,6.5645
STL,ORD,639,22,0.0344,415.2097,45.8504,10.9562,9.7138
STL,ORF,93,0,0.0,1261.7226,105.087,4.4731,3.9891
STL,PBI,4,0,0.0,1646.3548,136.25,30.0,43.0
STL,PDX,154,0,0.0,2748.7527,225.451,9.9545,5.549
STL,PHL,240,5,0.0208,1308.3934,112.4267,12.1447,16.4095
STL,PHX,488,1,0.002,2030.9871,169.2165,6.8049,3.6433
STL,PIT,271,9,0.0332,889.965,79.6221,7.855,9.2824
STL,RDU,120,0,0.0,1073.4298,92.8917,4.2083,1.65
STL,RIC,62,0,0.0,1150.6781,95.4833,6.8065,6.5
STL,RSW,66,0,0.0,1575.5439,127.2769,7.9545,6.9538
STL,SAN,124,0,0.0,2507.3517,198.8065,5.2097,-0.7097
STL,SAT,150,0,0.0,1264.9412,108.2933,8.0533,6.9067
STL,SDF,271,5,0.0185,408.7724,42.0827,4.6391,4.2932
STL,SEA,186,0,0.0,2751.9714,229.7946,10.5484,8.7081
STL,SFO,186,2,0.0108,2793.8142,224.7337,8.1141,4.7609
STL,SGF,182,7,0.0385,313.8213,33.6286,7.8686,4.1429
STL,SJC,93,0,0.0,2761.6274,224.871,4.7527,0.5269
STL,SJU,54,1,0.0185,3257.3042,250.5094,0.1132,0.4151
STL,SLC,186,0,0.0,1860.397,158.457,12.5806,7.6774
STL,SMF,93,0,0.0,2702.0819,218.4301,9.9892,4.6237
STL,SNA,62,0,0.0,2526.6638,200.2742,0.871,-3.8871
STL,TPA,186,0,0.0,1398.5165,114.5054,6.7312,3.5968
STL,TUL,302,3,0.0099,564.8783,53.2977,5.1271,1.7592
STT,ATL,31,1,0.0323,2573.3347,201.3214,1.1333,-3.7857
STT,EWR,26,0,0.0,2629.6616,223.6923,8.4231,12.7692
STT,JFK,17,0,0.0,2611.9588,207.1176,-2.9412,-12.5294
STT,MIA,62,0,0.0,1781.5394,143.5574,0.6129,-0.0164
STT,SJU,56,2,0.0357,109.4351,22.7037,-0.3148,-5.7407
STT,STX,31,0,0.0,72.4203,13.5161,8.7742,8.7742
STX,MIA,31,0,0.0,1833.0383,144.7667,0.7742,-2.1
STX,PHL,31,0,0.0,2655.411,221.2581,1.6452,1.9677
SWF,ORD,124,8,0.0645,1149.0688,110.8957,16.9569,15.0609
SYR,ATL,59,0,0.0,1276.2066,115.2034,2.4407,-3.5932
SYR,CLT,31,0,0.0,970.432,94.7097,3.0323,-0.7419
SYR,CVG,31,2,0.0645,848.1222,79.1034,-0.3793,-2.069
SYR,DCA,93,7,0.0753,479.5833,57.1395,5.3605,7.7558
SYR,DTW,151,1,0.0066,601.8932,60.46,-3.0667,-6.8933
SYR,JFK,93,6,0.0645,336.3521,61.2759,19.6782,15.5517
SYR,MCO,31,0,0.0,1694.635,141.2581,6.2903,-1.8387
SYR,ORD,186,4,0.0215,976.8694,92.8187,6.522,5.6319
SYR,PHL,124,11,0.0887,366.9295,48.4375,10.177,9.6339
SYR,PIT,124,2,0.0161,449.0059,51.8525,6.1393,5.2869
SYR,ROC,31,0,0.0,127.1379,19.2581,-0.4516,-1.7097
TLH,ATL,124,3,0.0242,358.8828,43.2149,1.595,1.4876
TOL,ORD,182,16,0.0879,344.3988,43.3735,8.6988,1.6867
TPA,ABQ,31,0,0.0,2409.182,191.5161,1.8387,-9.0323
TPA,ATL,380,10,0.0263,653.392,66.2162,3.9892,-0.7405
TPA,AUS,31,0,0.0,1493.4675,126.7097,0.0,-6.7097
TPA,BDL,62,1,0.0161,1787.9767,152.8644,3.9508,11.0
TPA,BHM,62,0,0.0,740.2964,67.4355,2.871,1.9839
TPA,BNA,124,0,0.0,984.9161,88.0645,4.1048,0.0403
TPA,BOS,186,11,0.0591,1907.0679,164.9306,18.2,19.6763
TPA,BWI,278,5,0.018,1355.0643,117.9084,18.967,16.6374
TPA,CLE,79,0,0.0,1491.8582,124.6203,-1.7468,-9.6962
TPA,CLT,273,3,0.011,817.5447,78.0299,5.4111,7.9739
TPA,CMH,124,3,0.0242,1334.1429,114.775,5.8512,1.025
TPA,CVG,155,0,0.0,1244.0198,107.5519,3.8065,-0.3182
TPA,DCA,93,2,0.0215,1310.0028,117.2697,4.022,11.0449
TPA,DEN,62,1,0.0161,2423.666,189.7541,29.0164,23.7869
TPA,DFW,279,4,0.0143,1495.0769,125.4562,3.6582,3.1825
TPA,DTW,153,0,0.0,1581.9812,133.7516,4.0915,1.5817
TPA,EWR,177,0,0.0,1606.1213,142.1029,24.5819,19.32
TPA,FLL,352,3,0.0085,317.04,38.7163,11.3782,8.5788
TPA,IAD,155,1,0.0065,1303.5654,114.4481,14.0909,15.6299
TPA,IAH,182,0,0.0,1266.5506,107.044,7.5549,8.2473
TPA,IND,31,0,0.0,1348.6269,117.2581,15.9032,15.1935
TPA,ISP,62,0,0.0,1664.0576,142.1774,12.7097,8.5645
TPA,JAX,85,0,0.0,289.6812,33.6706,7.9294,5.4353
TPA,JFK,62,0,0.0,1617.3867,138.5968,14.8226,4.6774
TPA,LAS,58,2,0.0345,3192.9306,248.4643,7.375,-14.6607
TPA,LAX,62,0,0.0,3472.9557,259.2951,11.7419,4.2459
TPA,LGA,248,10,0.0403,1627.0427,143.7051,19.063,24.7607
TPA,MCI,31,0,0.0,1686.5883,140.7419,4.8065,-1.8065
TPA,MCO,31,2,0.0645,128.7472,25.2069,10.069,8.5172
TPA,MDW,93,1,0.0108,1604.512,130.7391,8.2717,-2.7935
TPA,MEM,93,2,0.0215,1055.727,93.8022,4.3187,5.1978
TPA,MHT,31,0,0.0,1937.6454,159.2258,0.0968,-13.0
TPA,MIA,271,19,0.0701,328.3054,51.6786,6.5198,3.5317
TPA,MSP,61,0,0.0,2103.4074,171.7541,15.8852,7.0984
TPA,MSY,186,1,0.0054,783.7486,75.6757,4.973,-0.6324
TPA,ORD,217,3,0.0138,1628.6521,140.1878,6.7103,5.1737
TPA,PBI,217,2,0.0092,280.0252,31.8,2.7488,-2.3953
TPA,PHL,217,1,0.0046,1480.5928,136.4444,11.3565,19.5602
TPA,PHX,62,0,0.0,2877.4999,229.9839,6.2097,2.1129
TPA,PIT,155,1,0.0065,1404.9538,121.8497,9.6169,10.9804
TPA,PVD,62,0,0.0,1829.8196,152.5484,4.7903,3.2097
TPA,RDU,62,0,0.0,944.6826,87.2258,13.4839,7.7097
TPA,SAT,35,0,0.0,1564.2785,135.3143,7.8,4.4571
TPA,SDF,31,0,0.0,1169.9902,104.3871,0.0,-6.2581
TPA,SJU,62,0,0.0,1990.7536,153.371,-1.4032,-4.8226
TPA,STL,186,1,0.0054,1398.5165,120.173,3.0703,-1.9351
TRI,CLT,62,1,0.0161,193.1208,26.7869,-1.0164,-2.2131
TUL,ATL,122,1,0.0082,1084.6952,93.2966,3.0413,0.9576
TUL,DAL,259,7,0.027,381.4136,40.3889,5.496,2.2103
TUL,DEN,93,0,0.0,870.6529,77.0645,9.8817,4.5054
TUL,DFW,483,13,0.0269,381.4136,51.9168,8.0213,7.2367
TUL,HOU,143,3,0.021,729.031,72.4964,7.55,5.3381
TUL,IAH,143,0,0.0,690.4069,70.993,2.5175,-1.4406
TUL,LAS,31,0,0.0,1731.6498,140.8387,0.0,-14.0
TUL,LAX,31,0,0.0,2064.7832,162.5484,-2.5484,-1.1935
TUL,MCI,120,2,0.0167,358.8828,39.3136,7.2797,3.2627
TUL,OKC,62,3,0.0484,178.6367,23.1186,13.1695,12.661
TUL,ORD,155,2,0.0129,941.4639,83.9346,6.9542,6.1765
TUL,PHX,93,0,0.0,1504.7329,129.6882,5.7634,-0.4624
TUL,SLC,31,0,0.0,1490.2488,124.4194,-1.3871,-6.0645
TUL,STL,302,3,0.0099,564.8783,56.7926,1.8528,-0.1472
TUS,ABQ,58,0,0.0,516.5981,47.5862,7.9483,1.5172
TUS,CVG,62,2,0.0323,2491.2583,188.7833,3.1167,-1.7667
TUS,DEN,93,0,0.0,1028.3683,90.6882,6.1398,6.7419
TUS,DFW,273,5,0.0183,1308.3934,109.6592,2.1978,-0.5094
TUS,IAH,62,1,0.0161,1506.3422,126.8,3.7049,-1.0333
TUS,LAS,128,0,0.0,587.4091,57.3516,4.9141,4.5625
TUS,LAX,283,0,0.0,725.8123,67.6643,8.0283,4.4064
TUS,MSP,31,0,0.0,2088.9233,162.9032,-0.3548,-6.6129
TUS,ORD,93,1,0.0108,2312.6216,179.8804,9.9239,7.3804
TUS,PHX,421,18,0.0428,177.0274,27.1613,1.7444,2.4318
TUS,SAN,93,0,0.0,590.6278,57.9565,5.4731,5.9565
TUS,SEA,62,0,0.0,1956.9574,161.2097,11.3387,5.2903
TUS,SJC,62,0,0.0,1160.3341,101.871,10.7903,5.0161
TUS,SLC,31,1,0.0323,967.2133,81.3667,7.0,5.9
TVC,DTW,124,0,0.0,333.1334,40.621,5.2823,5.6694
TVC,LGA,4,0,0.0,1054.1177,96.75,28.0,34.25
TVC,ORD,191,8,0.0419,360.4922,45.3077,12.8142,13.3681
TXK,DFW,150,4,0.0267,291.2905,44.9034,-0.6096,-4.9655
TYR,DFW,278,4,0.0144,165.762,29.0365,1.7372,2.9343
TYS,ATL,217,4,0.0184,244.6197,33.4507,5.2113,5.0329
TYS,CLT,93,0,0.0,284.8532,36.7419,0.2043,2.8495
TYS,DFW,93,0,0.0,1242.4105,110.2903,2.3978,1.1075
TYS,DTW,62,0,0.0,712.9376,73.8548,0.0806,1.2258
TYS,ORD,93,1,0.0108,764.4365,75.4348,10.8804,13.163
VPS,MEM,124,3,0.0242,593.8465,66.8264,-0.562,2.157
WRG,KTN,31,2,0.0645,131.9659,22.1379,11.1724,13.3448
WRG,PSG,31,1,0.0323,49.8895,12.2759,24.7333,20.4138
XNA,DFW,329,10,0.0304,452.2245,47.1415,7.6364,2.6038
XNA,LGA,46,3,0.0652,1845.913,156.1429,8.7907,2.6905
XNA,ORD,143,9,0.0629,840.0755,79.0896,7.2537,4.6045
YAK,CDV,31,3,0.0968,342.7894,35.0714,17.5357,19.0357
YAK,JNU,31,0,0.0,320.2587,34.3548,16.0,17.6452
