Origin,Dest,flight_count,cancelled_count,cancellation_rate,avg_distance,avg_air_time,avg_dep_delay,avg_arr_delay
ABE,ATL,59,6,0.1017,1113.6633,99.8491,12.5283,6.6792
ABE,CLT,30,3,0.1,774.0925,75.6667,-4.3704,-0.963
ABE,DTW,47,13,0.2766,682.3602,69.2059,30.0588,20.0294
ABE,MCO,59,10,0.1695,1458.062,128.6939,-0.1224,-4.1633
ABE,MDT,30,3,0.1,123.9192,20.2593,2.1481,-0.6667
ABE,ORD,108,40,0.3704,1052.5084,100.1493,9.9118,6.3731
ABE,PIT,119,23,0.1933,407.163,48.1875,-1.4375,-1.3646
ABI,DFW,197,35,0.1777,254.2757,40.8086,-1.0802,-4.4815
ABQ,AMA,57,7,0.1228,445.7872,40.898,3.92,-1.0408
ABQ,ATL,68,11,0.1618,2042.2525,152.3214,7.4386,7.6786
ABQ,BWI,30,3,0.1,2687.5978,204.8519,9.2593,-11.7778
ABQ,CVG,60,6,0.1,1995.5816,151.9815,1.3148,3.537
ABQ,DAL,201,26,0.1294,933.4172,79.4713,6.0971,0.7759
ABQ,DEN,188,65,0.3457,561.6597,54.122,1.4228,0.0976
ABQ,DFW,210,38,0.181,915.7145,77.1337,4.2849,4.2267
ABQ,ELP,107,12,0.1121,358.8828,36.5579,2.8211,-0.9053
ABQ,EWR,1,0,0.0,2904.8587,217.0,-2.0,-19.0
ABQ,HOU,60,7,0.1167,1221.4891,100.2453,5.2264,-0.3208
ABQ,IAH,142,24,0.169,1197.349,101.4696,0.0254,-1.6261
ABQ,LAS,169,19,0.1124,783.7486,71.2267,3.0667,0.4733
ABQ,LAX,200,22,0.11,1089.5232,96.9266,5.8652,-2.5763
ABQ,LBB,59,7,0.1186,465.0993,42.2885,6.7308,2.5385
ABQ,MAF,30,4,0.1333,534.3009,45.3077,3.4615,-1.3846
ABQ,MCI,87,9,0.1034,1155.5061,94.7308,8.9615,5.1923
ABQ,MCO,60,6,0.1,2497.6957,187.1852,2.037,-10.6481
ABQ,MDW,30,4,0.1333,1804.0701,138.8077,0.5769,-17.8077
ABQ,MSP,60,7,0.1167,1578.7625,132.6604,-3.434,-1.0189
ABQ,OAK,57,7,0.1228,1430.7033,126.24,3.88,-0.98
ABQ,ORD,73,8,0.1096,1799.2421,142.2344,7.4923,8.2344
ABQ,PDX,30,4,0.1333,1787.9767,149.2308,0.3846,-20.5769
ABQ,PHX,558,66,0.1183,527.8635,57.1057,3.6768,-1.3537
ABQ,SAN,117,13,0.1111,1010.6655,89.7788,8.4519,1.8942
ABQ,SEA,30,3,0.1,1899.0212,161.6667,1.7778,-14.8519
ABQ,SFO,4,2,0.5,1441.9686,122.5,3.5,-8.5
ABQ,SLC,58,6,0.1034,793.4046,74.6154,0.8846,-6.8269
ABQ,STL,175,24,0.1371,1503.1236,120.2318,10.0265,7.8609
ABQ,TPA,30,3,0.1,2409.182,181.1481,9.8889,-2.2222
ABQ,TUS,89,9,0.1011,516.5981,49.225,5.8125,1.925
ACT,DFW,226,48,0.2124,143.2313,30.7247,1.073,0.0
ADQ,ANC,54,8,0.1481,405.5537,42.6304,9.3043,11.0217
ADQ,BET,6,2,0.3333,630.8613,60.25,13.5,23.25
AKN,ANC,11,1,0.0909,465.0993,42.8,5.4,2.7
AKN,DLG,22,3,0.1364,114.2631,17.4211,-1.2105,-3.3158
ALB,ATL,88,11,0.125,1371.1577,120.8571,7.8052,-6.7792
ALB,BOS,85,27,0.3176,233.3543,37.0345,-2.0862,-12.1207
ALB,BWI,192,27,0.1406,463.4899,54.3939,3.2727,-1.8909
ALB,CLT,60,6,0.1,1039.6336,102.8333,0.037,-0.0185
ALB,CVG,60,8,0.1333,1002.6188,92.8462,1.9231,-5.5192
ALB,DCA,78,47,0.6026,511.7701,59.9677,-2.7742,-3.0323
ALB,DTW,136,23,0.1691,785.3579,75.9381,5.5487,-1.4071
ALB,JFK,120,29,0.2417,233.3543,43.7143,3.2198,-1.2637
ALB,LAS,30,3,0.1,3600.0936,286.2593,5.3704,-20.5556
ALB,MCO,87,15,0.1724,1726.8218,152.7606,-0.5278,-8.6761
ALB,ORD,182,40,0.2198,1163.5528,108.1277,8.5915,2.5674
ALB,PHL,150,34,0.2267,341.1801,50.4483,4.5172,5.7931
ALB,PIT,120,19,0.1583,590.6278,60.802,1.0,0.5347
AMA,ABQ,57,6,0.1053,445.7872,43.0392,5.4118,1.3137
AMA,DAL,214,28,0.1308,521.4262,50.1559,5.1237,2.5645
AMA,DFW,178,33,0.1854,503.7234,58.6111,5.7931,0.3542
AMA,LAS,30,4,0.1333,1219.8797,104.9615,2.8846,-0.5385
ANC,ADQ,60,10,0.1667,405.5537,42.86,4.54,6.0
ANC,AKN,33,4,0.1212,465.0993,46.3103,8.4138,5.9655
ANC,ATL,10,0,0.0,5499.1148,374.3,4.8,-0.5
ANC,BET,88,12,0.1364,642.1267,60.0658,4.5132,3.4605
ANC,CDV,30,3,0.1,257.4944,32.2963,14.5926,16.8889
ANC,DEN,23,9,0.3913,3872.072,271.0714,9.4286,0.7143
ANC,DLG,12,2,0.1667,529.4729,51.9,-0.2,-3.1
ANC,DUT,51,12,0.2353,1274.5973,111.1282,9.7436,5.7692
ANC,EWR,5,0,0.0,5423.4758,378.4,25.4,22.0
ANC,FAI,328,38,0.1159,420.0377,40.8828,2.6448,2.4483
ANC,IAH,6,0,0.0,5256.1044,368.1667,21.3333,22.5
ANC,JNU,97,8,0.0825,918.9331,82.4886,14.6966,17.8636
ANC,LAX,38,4,0.1053,3773.9023,287.7647,2.9706,-0.9706
ANC,MSP,90,13,0.1444,4052.3181,290.7763,3.8442,-2.0132
ANC,OME,21,3,0.1429,867.4343,74.6667,5.2222,0.8333
ANC,ORD,38,3,0.0789,4580.1816,329.0,2.4571,1.0571
ANC,OTZ,79,8,0.1013,883.5277,77.1127,13.662,13.8169
ANC,PDX,65,8,0.1231,2481.6023,191.5088,8.6316,9.7193
ANC,PHX,5,0,0.0,4105.4263,299.2,-2.4,-5.4
ANC,SCC,30,2,0.0667,1007.4468,88.1429,25.4643,27.2857
ANC,SEA,603,78,0.1294,2331.9337,180.4294,7.16,8.6679
ANC,SFO,12,0,0.0,3247.6481,246.5833,-2.5,-19.6667
ANC,SLC,90,11,0.1222,3419.8475,246.6076,2.8228,0.0506
ANC,STL,30,2,0.0667,4725.0222,334.9643,5.25,-0.6429
ATL,ABE,60,5,0.0833,1113.6633,93.7273,11.5455,7.7818
ATL,ABQ,75,11,0.1467,2042.2525,163.1719,17.0469,5.8906
ATL,ALB,89,11,0.1236,1371.1577,108.2051,9.1923,2.0513
ATL,ANC,10,0,0.0,5499.1148,417.5,9.6,-7.2
ATL,AUS,174,29,0.1667,1308.3934,110.5833,4.4345,-10.125
ATL,BDL,168,23,0.1369,1382.4231,111.7222,11.0345,5.5417
ATL,BHM,254,54,0.2126,215.6516,28.603,7.555,1.8593
ATL,BNA,248,56,0.2258,344.3988,37.2917,6.2448,0.599
ATL,BOS,351,71,0.2023,1522.4356,123.6344,8.2,4.957
ATL,BTR,89,12,0.1348,722.5937,64.7792,8.5844,2.0649
ATL,BUF,119,16,0.1345,1145.8501,90.6408,9.068,1.0291
ATL,BWI,406,64,0.1576,926.9798,79.1672,11.2193,7.7038
ATL,CAE,191,40,0.2094,307.3839,31.7351,7.7881,4.2517
ATL,CAK,75,37,0.4933,849.7315,72.3947,13.6316,-4.0263
ATL,CHS,250,53,0.212,416.8191,40.1574,7.2437,4.1218
ATL,CLE,181,26,0.1436,891.5744,78.5935,10.2065,5.4
ATL,CLT,449,73,0.1626,365.3202,40.0106,3.141,-0.1835
ATL,CMH,222,43,0.1937,717.7656,64.6872,8.6592,4.0503
ATL,COS,59,5,0.0847,1907.0679,148.537,16.3519,1.8148
ATL,CVG,306,51,0.1667,600.2838,58.2165,9.8314,4.8819
ATL,DAB,115,13,0.113,589.0184,53.5196,7.2549,6.5588
ATL,DAY,147,20,0.1361,695.2349,61.6693,8.9213,2.9291
ATL,DCA,412,241,0.585,880.309,76.8434,3.1462,2.4157
ATL,DEN,355,67,0.1887,1929.5987,160.2404,8.9375,-2.9024
ATL,DFW,686,137,0.1997,1178.0369,105.8974,11.3133,3.4322
ATL,DTW,475,82,0.1726,955.948,87.2214,6.6285,1.1501
ATL,ELP,23,8,0.3478,2063.1739,161.2,9.0667,-4.3333
ATL,EWR,564,147,0.2606,1198.9583,103.5855,8.9496,1.3783
ATL,FLL,301,29,0.0963,935.0265,80.7316,8.4522,4.5441
ATL,GSO,248,54,0.2177,492.458,48.2062,7.9021,5.1804
ATL,GSP,158,38,0.2405,246.229,28.2417,9.875,5.0583
ATL,HOU,144,18,0.125,1120.1006,100.9524,9.1587,0.0317
ATL,HSV,198,32,0.1616,243.0103,29.1928,8.5241,3.253
ATL,IAD,455,90,0.1978,857.7782,76.3003,10.1589,5.8705
ATL,IAH,398,79,0.1985,1108.8353,99.0599,8.1034,2.4858
ATL,IND,172,28,0.1628,695.2349,63.0903,6.3681,2.2847
ATL,JAN,147,18,0.1224,548.7849,52.0,12.7829,6.1953
ATL,JAX,326,44,0.135,434.5218,42.9362,8.9787,6.4716
ATL,JFK,90,12,0.1333,1223.0984,100.7308,24.3077,20.8718
ATL,LAS,229,31,0.1354,2811.517,223.2806,10.8535,-2.1378
ATL,LAX,299,35,0.1171,3131.7756,243.1489,16.3826,-4.7481
ATL,LEX,87,10,0.1149,487.63,45.4935,3.987,-3.2338
ATL,LGA,588,142,0.2415,1224.7077,101.2318,11.2691,1.1523
ATL,LIT,137,25,0.1825,729.031,65.4107,8.9107,-0.0179
ATL,MCI,254,50,0.1969,1113.6633,100.1127,11.7549,5.5049
ATL,MCO,389,50,0.1285,648.564,58.767,11.7847,6.3392
ATL,MDT,59,5,0.0847,996.1815,85.2037,10.6481,6.8889
ATL,MDW,87,11,0.1264,949.5106,83.8,10.4474,0.2133
ATL,MEM,420,68,0.1619,534.3009,52.9943,4.3097,-0.7102
ATL,MHT,59,7,0.1186,1532.0917,122.5385,5.1731,-1.5
ATL,MIA,476,71,0.1492,957.5573,82.8765,11.3605,8.4963
ATL,MKE,86,11,0.1279,1076.6485,92.84,12.36,3.4667
ATL,MLB,114,14,0.1228,712.9376,63.74,10.29,7.86
ATL,MLU,28,5,0.1786,720.9843,65.8261,8.087,4.8261
ATL,MOB,196,34,0.1735,486.0207,48.2099,8.1481,3.3025
ATL,MSP,368,50,0.1359,1458.062,127.8694,10.6635,2.6592
ATL,MSY,279,36,0.129,683.9695,65.3678,8.0082,1.1405
ATL,OAK,58,6,0.1034,3427.8942,272.0196,15.1731,15.9804
ATL,OKC,88,13,0.1477,1224.7077,102.8133,10.6533,1.2133
ATL,OMA,59,5,0.0847,1321.2681,113.0741,14.0,0.5926
ATL,ONT,60,9,0.15,3057.746,238.6275,5.3333,-5.5294
ATL,ORD,795,178,0.2239,975.26,90.044,9.0146,3.114
ATL,ORF,264,39,0.1477,830.4194,68.4375,11.0044,7.6161
ATL,PBI,238,28,0.1176,877.0903,75.1196,11.1048,7.2919
ATL,PDX,60,6,0.1,3495.4865,275.963,19.6852,2.1852
ATL,PHL,467,100,0.2141,1070.2111,94.2705,9.7793,6.9153
ATL,PHX,323,36,0.1115,2554.0226,209.2596,11.8571,-2.607
ATL,PIT,310,52,0.1677,846.5128,74.2364,6.1008,1.0349
ATL,PNS,206,34,0.165,437.7405,44.2558,7.064,-0.2616
ATL,PVD,118,11,0.0932,1453.234,113.4057,12.757,8.8962
ATL,PWM,59,6,0.1017,1652.7922,127.7115,24.5849,17.0962
ATL,RDU,288,43,0.1493,572.925,54.1061,7.1102,3.0653
ATL,RIC,244,66,0.2705,774.0925,64.8475,4.6573,2.1864
ATL,ROC,86,18,0.2093,1205.3957,96.4706,11.7794,4.8088
ATL,RSW,238,35,0.1471,828.8101,72.199,10.0788,8.0199
ATL,SAN,119,13,0.1092,3043.2619,240.4952,13.066,-6.2381
ATL,SAT,172,28,0.1628,1406.5632,117.5208,5.7014,-7.2014
ATL,SAV,286,59,0.2063,346.0081,35.2423,8.9912,6.8722
ATL,SDF,202,23,0.1139,516.5981,51.419,10.9665,4.9944
ATL,SEA,105,11,0.1048,3511.5799,280.6413,18.9574,5.4457
ATL,SFO,258,46,0.1783,3442.3783,271.4333,13.033,-4.8
ATL,SHV,87,11,0.1264,888.3557,78.2533,7.4342,-0.2533
ATL,SJC,60,6,0.1,3405.3634,269.4528,8.9074,-12.5472
ATL,SJU,125,21,0.168,2489.649,187.2692,7.0,2.2596
ATL,SLC,267,26,0.0974,2557.2413,205.9205,11.805,-2.431
ATL,SMF,81,14,0.1728,3366.7393,264.1846,14.194,-1.1385
ATL,SNA,87,9,0.1034,3088.3235,247.2105,8.4872,5.2895
ATL,SRQ,176,23,0.1307,716.1563,62.6863,6.0327,0.0196
ATL,STL,417,74,0.1775,777.3112,75.1283,7.3061,-1.4023
ATL,STT,30,3,0.1,2573.3347,193.0,4.2963,-0.6667
ATL,SYR,58,8,0.1379,1276.2066,100.3061,8.18,1.2653
ATL,TLH,117,14,0.1197,358.8828,36.4757,11.466,6.9417
ATL,TPA,350,48,0.1371,653.392,58.9669,8.3212,4.3642
ATL,TUL,114,20,0.1754,1084.6952,93.9785,8.0106,-1.9247
ATL,TYS,209,28,0.134,244.6197,27.6851,9.011,2.2541
ATL,VPS,90,11,0.1222,424.8658,40.8228,10.6835,9.0253
AUS,ATL,171,28,0.1637,1308.3934,106.2797,9.1329,1.7063
AUS,BNA,60,6,0.1,1216.661,100.5,2.4074,-3.0185
AUS,BOS,11,3,0.2727,2732.6593,213.75,7.375,-2.75
AUS,BWI,30,3,0.1,2159.7343,171.0741,6.9259,-0.1481
AUS,CVG,58,10,0.1724,1541.7477,124.8333,4.7083,4.0
AUS,DAL,362,54,0.1492,304.1653,38.329,5.1818,1.3713
AUS,DEN,106,33,0.3113,1247.2385,107.3472,-0.2329,1.0972
AUS,DFW,441,89,0.2018,305.7746,39.2131,11.892,10.8097
AUS,ELP,115,15,0.1304,849.7315,72.91,4.94,0.65
AUS,EWR,61,22,0.3607,2420.4474,195.4474,22.6154,19.7368
AUS,HOU,360,56,0.1556,238.1823,31.6316,4.4539,2.1118
AUS,HRL,30,3,0.1,439.3498,45.2593,0.9259,-2.5556
AUS,IAD,30,8,0.2667,2087.314,170.3182,-1.1364,-10.6818
AUS,IAH,289,63,0.218,225.3076,33.6947,8.0796,4.5664
AUS,LAS,87,9,0.1034,1754.1806,148.5256,4.2949,-1.0641
AUS,LAX,96,15,0.1562,1998.8003,162.675,12.3827,5.85
AUS,LBB,60,7,0.1167,548.7849,50.5472,5.0943,1.7925
AUS,MAF,54,6,0.1111,473.146,45.2292,5.3333,3.0
AUS,MCO,30,3,0.1,1598.0746,127.7407,7.8889,-0.7778
AUS,MEM,90,9,0.1,899.6211,80.7531,-2.642,-3.3457
AUS,MSP,85,11,0.1294,1676.9323,140.9041,-1.7432,-6.9041
AUS,ORD,214,40,0.1869,1573.9345,132.8314,13.0575,11.7674
AUS,PHX,254,32,0.126,1403.3445,122.1892,3.6351,0.8829
AUS,RDU,59,8,0.1356,1870.0531,145.1569,1.3529,-9.4902
AUS,SAN,59,8,0.1356,1873.2718,155.6275,2.2549,-2.9804
AUS,SFO,23,13,0.5652,2420.4474,203.5,2.4,-1.5
AUS,SJC,82,18,0.2195,2375.3858,192.4286,14.0781,15.8095
AUS,SLC,30,3,0.1,1746.1339,147.4074,3.2222,-1.5926
AUS,STL,101,13,0.1287,1161.9435,103.1932,0.5795,-3.9773
AUS,TPA,30,3,0.1,1493.4675,120.0741,6.6667,-3.7778
AVL,CLT,146,40,0.274,148.0593,25.3868,-3.8113,-0.8019
AVP,PHL,30,4,0.1333,168.9807,25.7692,-1.2692,-8.1923
AVP,PIT,88,17,0.1932,391.0696,47.2535,1.0282,0.8451
AZO,DTW,31,3,0.0968,181.8554,31.3929,3.5357,6.7143
AZO,MSP,21,12,0.5714,685.5788,72.4444,6.3333,4.3333
AZO,ORD,144,22,0.1528,196.3395,29.3115,5.2377,-0.377
BDL,ATL,166,24,0.1446,1382.4231,119.8865,7.5915,-1.0071
BDL,BNA,60,8,0.1333,1371.1577,120.2885,4.25,-8.1346
BDL,BOS,1,0,0.0,146.4499,23.0,43.0,39.0
BDL,BWI,341,57,0.1672,455.4432,50.0106,4.7077,0.6937
BDL,CLE,27,4,0.1481,764.4365,83.2174,-3.3913,-3.6957
BDL,CLT,118,22,0.1864,1036.415,93.9792,-0.7812,-3.9271
BDL,CVG,119,10,0.084,1063.7737,96.7339,2.5963,-8.6422
BDL,DCA,100,61,0.61,503.7234,62.6842,3.4103,-1.4211
BDL,DEN,23,11,0.4783,2689.2071,223.2727,1.6667,-10.3636
BDL,DFW,120,14,0.1167,2367.3391,196.9903,17.9811,11.2427
BDL,DTW,125,26,0.208,881.9183,86.5152,1.9192,-7.7172
BDL,FLL,89,12,0.1348,1887.7558,167.0526,1.2078,-5.1579
BDL,IAD,63,18,0.2857,524.6448,57.6222,9.6,7.2444
BDL,IAH,19,8,0.4211,2425.2754,204.7,3.0,1.9
BDL,JFK,120,28,0.2333,170.59,35.0326,4.0109,0.163
BDL,LAS,9,0,0.0,3698.2633,294.5556,6.0,-18.0
BDL,LAX,13,3,0.2308,4066.8022,322.6,-0.7,-15.9
BDL,MCO,210,34,0.1619,1689.807,148.431,-0.5568,-11.3851
BDL,MDW,60,6,0.1,1250.4572,114.5283,4.1111,-7.6792
BDL,MIA,30,3,0.1,1921.552,159.8519,9.4815,16.1111
BDL,MSP,81,17,0.2099,1689.807,148.9841,-0.6562,-12.6825
BDL,ORD,315,67,0.2127,1260.1132,115.7339,10.1492,3.2863
BDL,PBI,87,11,0.1264,1823.3822,160.4605,-0.4605,-6.4342
BDL,PHL,173,47,0.2717,315.4306,50.9841,6.4286,6.4365
BDL,PHX,30,3,0.1,3561.4694,286.1852,7.4815,-5.6296
BDL,PIT,147,24,0.1633,653.392,64.9837,1.7724,-2.2602
BDL,SFO,4,0,0.0,4224.5175,323.75,9.0,-18.75
BDL,SJU,34,4,0.1176,2681.1604,208.2,9.5,-1.4
BDL,STL,119,11,0.0924,1540.1384,137.7264,0.2963,-11.8679
BDL,TPA,60,6,0.1,1787.9767,159.3962,3.1481,10.0
BET,ANC,94,14,0.1489,642.1267,57.925,2.575,3.375
BFL,LAX,175,33,0.1886,175.4181,35.169,-0.1338,-2.2183
BGR,BOS,388,154,0.3969,323.4773,50.7094,5.3333,-5.5043
BGR,LGA,30,5,0.1667,608.3305,65.125,7.76,-21.7917
BHM,ATL,254,56,0.2205,215.6516,30.2677,1.6414,-4.0707
BHM,BNA,84,11,0.131,284.8532,34.2877,4.1096,-1.1781
BHM,BWI,90,10,0.1111,1097.5699,95.8,6.95,0.7625
BHM,CLT,149,43,0.2886,564.8783,56.9528,7.4245,7.6226
BHM,CVG,59,6,0.1017,637.2986,66.2453,0.2075,-1.2642
BHM,DFW,90,13,0.1444,960.776,93.9079,7.961,7.0132
BHM,DTW,49,7,0.1429,1005.8375,91.1951,-0.1429,-2.4146
BHM,HOU,71,8,0.1127,917.3238,88.3387,2.0794,-1.7903
BHM,IAH,54,7,0.1296,904.4491,83.2766,1.9787,0.0
BHM,JAN,23,9,0.3913,339.5707,37.0714,-2.0,-4.4286
BHM,JAX,30,3,0.1,587.4091,53.2222,4.8519,-1.6296
BHM,LAS,30,3,0.1,2603.9121,214.037,7.037,-3.8148
BHM,MCO,30,3,0.1,769.2645,71.037,0.9259,-9.8889
BHM,MDW,60,8,0.1333,917.3238,83.2885,4.2692,0.1538
BHM,MEM,65,9,0.1385,339.5707,40.2857,1.9464,0.3929
BHM,MSY,194,22,0.1134,516.5981,51.2965,4.1047,0.3547
BHM,PHX,30,3,0.1,2341.5897,200.3077,8.1481,-1.9231
BHM,SDF,59,8,0.1356,519.8168,50.1569,8.0196,2.9216
BHM,STL,30,4,0.1333,659.8294,61.4615,0.0,-4.2692
BHM,TPA,59,6,0.1017,740.2964,64.8679,9.2453,3.9245
BIL,DEN,60,13,0.2167,732.2497,65.0638,0.1489,-2.3404
BIL,MSP,81,17,0.2099,1203.7863,101.4062,-6.25,-9.3906
BIL,SLC,89,12,0.1348,622.8146,57.4545,2.4675,-2.0649
BIS,MSP,107,19,0.1776,621.2052,61.1477,-1.3295,-6.0455
BMI,ORD,114,19,0.1667,186.6834,28.0851,-1.7684,-7.1277
BNA,ATL,249,58,0.2329,344.3988,38.6754,5.6649,1.0262
BNA,AUS,59,6,0.1017,1216.661,106.0189,3.566,-4.1132
BNA,BDL,60,6,0.1,1371.1577,114.9815,5.6852,-0.463
BNA,BHM,84,9,0.1071,284.8532,31.3733,4.28,0.6267
BNA,BOS,89,19,0.2135,1517.6076,126.3857,4.4429,-6.1857
BNA,BWI,264,30,0.1136,946.2919,86.1111,6.3205,7.0342
BNA,CLE,114,14,0.1228,720.9843,68.53,2.74,-0.32
BNA,CLT,142,29,0.2042,529.4729,52.8584,1.3894,3.3628
BNA,CMH,50,7,0.14,543.9569,57.8372,1.0465,-0.4186
BNA,CVG,29,3,0.1034,370.1482,41.1923,2.3846,-5.1538
BNA,DCA,46,28,0.6087,904.4491,81.0556,-2.5556,2.0
BNA,DFW,259,69,0.2664,1015.4935,91.1189,9.3474,4.0162
BNA,DTW,270,48,0.1778,735.4684,71.9683,2.8063,-1.2489
BNA,EWR,48,9,0.1875,1203.7863,110.1316,4.2308,-0.9737
BNA,FLL,30,3,0.1,1276.2066,108.3704,10.4074,5.4815
BNA,HOU,194,21,0.1082,1078.2578,97.4046,7.711,3.5954
BNA,IAH,69,11,0.1594,1057.3364,102.2069,7.1897,8.2414
BNA,ISP,70,6,0.0857,1292.3,112.0794,5.5625,0.5079
BNA,JAX,89,10,0.1124,778.9206,68.8101,7.1519,3.6835
BNA,LAS,90,10,0.1111,2555.6319,209.9,3.0875,-7.05
BNA,LAX,120,14,0.1167,2891.984,234.0094,8.0755,-2.0094
BNA,LGA,84,20,0.2381,1229.5358,105.1719,2.5,-6.0
BNA,MCI,116,13,0.1121,790.1859,76.5243,4.2913,-1.4951
BNA,MCO,173,29,0.1676,991.3534,85.7361,4.4792,-0.1389
BNA,MDW,246,30,0.122,635.6893,61.9444,8.5417,5.2731
BNA,MEM,94,10,0.1064,321.868,38.7857,5.75,2.3214
BNA,MHT,60,6,0.1,1509.5609,118.2963,4.5185,-5.7778
BNA,MIA,30,3,0.1,1297.128,105.6667,5.7407,0.6296
BNA,MSP,104,18,0.1731,1118.4913,104.6071,1.7442,-8.7143
BNA,MSY,87,10,0.1149,757.9991,67.8182,6.2987,1.4416
BNA,OAK,30,3,0.1,3152.6971,251.6296,9.4444,-1.1481
BNA,ONT,30,5,0.1667,2817.9543,227.76,0.0,-9.24
BNA,ORD,120,16,0.1333,658.2201,70.1765,3.9327,-1.0882
BNA,PBI,60,7,0.1167,1219.8797,105.3396,1.8113,-4.7925
BNA,PHL,87,12,0.1379,1086.3045,103.4795,6.9067,7.0274
BNA,PHX,89,9,0.1011,2330.3243,194.5769,9.8375,-2.2436
BNA,PIT,120,31,0.2583,743.5151,71.1364,0.9551,2.2273
BNA,PVD,60,7,0.1167,1459.6714,118.9623,4.717,-0.0755
BNA,RDU,146,16,0.1096,712.9376,67.2,6.1692,0.9692
BNA,SAN,60,7,0.1167,2817.9543,228.1132,5.3019,-0.1887
BNA,SAT,30,3,0.1,1322.8775,113.5926,14.5926,6.963
BNA,SEA,30,4,0.1333,3181.6652,267.8846,5.6923,-18.3462
BNA,STL,172,16,0.093,436.1311,48.609,0.5192,-3.6346
BNA,TPA,116,14,0.1207,984.9161,83.6078,3.4216,-2.9216
BOI,DEN,118,27,0.2288,1044.4617,85.8791,-0.022,-3.3626
BOI,GEG,84,11,0.131,461.8806,44.0959,5.4795,1.2466
BOI,LAS,60,8,0.1333,836.8568,84.7115,5.3462,-0.0962
BOI,MSP,80,16,0.2,1837.8663,143.4603,0.8125,-0.619
BOI,OAK,30,3,0.1,822.3727,77.5926,3.963,0.7778
BOI,ORD,32,5,0.1562,2312.6216,177.3333,1.8148,0.5926
BOI,PDX,89,10,0.1124,553.613,53.9114,6.7089,2.1519
BOI,PHX,54,6,0.1111,1182.8649,103.0625,2.25,-0.4792
BOI,RNO,84,11,0.131,539.1289,50.4521,4.2055,-0.4658
BOI,SEA,90,12,0.1333,642.1267,66.2436,2.9103,1.7949
BOI,SFO,110,31,0.2818,840.0755,80.8333,0.4304,-7.0513
BOI,SLC,145,25,0.1724,468.3179,44.2917,2.575,-1.5417
BOS,ALB,85,26,0.3059,233.3543,38.5424,9.7966,2.339
BOS,ATL,325,59,0.1815,1522.4356,132.283,8.9511,-1.5321
BOS,AUS,11,3,0.2727,2732.6593,226.0,-4.25,-15.625
BOS,BGR,388,153,0.3943,323.4773,46.6766,11.0596,3.7234
BOS,BNA,89,20,0.2247,1517.6076,134.0145,14.5507,0.7536
BOS,BTV,143,40,0.2797,291.2905,44.0194,7.7961,-4.8641
BOS,BWI,351,79,0.2251,595.4558,61.636,7.5625,-2.2537
BOS,CLE,118,34,0.2881,906.0584,90.8214,-1.1429,-8.7024
BOS,CLT,228,60,0.2632,1171.5995,106.1548,3.3571,-2.0298
BOS,CMH,114,29,0.2544,1029.9776,97.7529,10.2824,-0.2471
BOS,CVG,177,39,0.2203,1210.2237,106.9124,6.7029,-6.0
BOS,DCA,511,323,0.6321,642.1267,69.5106,0.7713,-4.6543
BOS,DEN,160,51,0.3188,2822.7824,227.5278,6.8807,-11.1296
BOS,DFW,373,94,0.252,2513.7891,208.145,14.6953,2.3829
BOS,DTW,245,54,0.2204,1017.1029,94.4974,7.1152,-3.8063
BOS,EWR,626,246,0.393,321.868,49.3184,8.6368,1.6921
BOS,FLL,212,50,0.2358,1990.7536,177.7267,4.4815,-5.205
BOS,HPN,208,95,0.4567,267.1504,44.5487,6.2743,-1.3628
BOS,IAD,276,84,0.3043,664.6574,69.4817,7.8802,1.5812
BOS,IAH,159,36,0.2264,2570.116,217.178,5.8293,2.1949
BOS,ISP,285,128,0.4491,246.229,40.7452,10.3567,0.293
BOS,JFK,377,83,0.2202,300.9466,47.6497,21.9796,13.8163
BOS,LAS,84,21,0.25,3831.8385,303.8548,5.3492,-12.0
BOS,LAX,278,56,0.2014,4201.9867,326.3545,10.7297,-9.2182
BOS,LGA,859,427,0.4971,297.7279,40.9375,0.4537,-10.1273
BOS,MCO,326,85,0.2607,1804.0701,158.979,5.2407,-3.1681
BOS,MEM,84,14,0.1667,1833.0383,158.1857,-0.0714,-10.3714
BOS,MIA,136,28,0.2059,2024.5497,172.1296,30.0648,21.1296
BOS,MSP,244,51,0.209,1808.8982,156.3927,4.9067,-9.445
BOS,ORD,742,229,0.3086,1395.2978,125.2972,12.961,0.6083
BOS,ORF,90,13,0.1444,753.1711,73.013,9.8052,-1.2727
BOS,PBI,141,35,0.2482,1926.38,169.6635,8.0283,-2.3173
BOS,PHL,697,275,0.3945,450.6152,63.3863,7.2891,1.1706
BOS,PHX,79,21,0.2658,3701.482,296.4655,7.5345,-14.3276
BOS,PIT,261,68,0.2605,798.2326,77.276,3.0518,-3.9323
BOS,PWM,220,64,0.2909,152.8873,25.0962,8.5192,0.891
BOS,RDU,140,22,0.1571,984.9161,92.1017,17.5508,-8.2966
BOS,RIC,115,24,0.2087,762.8272,76.8352,14.2527,2.7802
BOS,ROC,104,25,0.2404,552.0036,82.5316,9.9747,-3.7468
BOS,RSW,89,20,0.2247,2010.0657,182.3824,5.2319,-5.4118
BOS,SAN,43,7,0.1628,4164.9719,330.6389,11.0556,-6.3611
BOS,SEA,34,4,0.1176,4016.9126,325.2759,19.5333,-3.7586
BOS,SFO,270,64,0.237,4351.6554,339.3512,14.165,-8.839
BOS,SJC,71,11,0.1549,4327.5153,338.7288,17.4,-5.2542
BOS,SJU,94,12,0.1277,2694.0352,211.8171,21.8902,11.7439
BOS,SLC,75,14,0.1867,3387.6607,272.2833,6.6066,-12.1833
BOS,STL,187,33,0.1765,1683.3696,150.3158,4.9935,-2.9211
BOS,TPA,174,48,0.2759,1907.0679,171.1032,3.0714,-3.5476
BPT,DFW,143,19,0.1329,434.5218,65.9098,0.0484,-4.8852
BQN,EWR,17,5,0.2941,2550.8039,212.4167,-2.0,-10.25
BRO,IAH,23,5,0.2174,495.6767,54.0,7.3333,5.4444
BRW,ANC,4,2,0.5,1166.7715,95.5,-14.0,-15.5
BRW,FAI,69,18,0.2609,809.498,70.8039,8.2941,7.2353
BTR,ATL,89,12,0.1348,722.5937,65.8961,2.8312,-0.8701
BTR,DFW,177,22,0.1243,616.3772,80.9869,-2.6645,-10.6275
BTR,IAH,25,3,0.12,407.163,46.5909,-2.2273,0.0909
BTR,ORD,54,9,0.1667,1303.5654,116.7273,1.0222,-4.3636
BTV,BOS,144,42,0.2917,291.2905,46.0392,2.0588,-5.4118
BTV,ORD,88,20,0.2273,1227.9264,109.4091,11.1912,3.4242
BTV,PHL,87,18,0.2069,540.7382,64.7826,5.3913,5.8261
BTV,PIT,60,8,0.1333,730.6404,73.3846,-2.8077,-4.2885
BUF,ATL,119,16,0.1345,1145.8501,101.932,0.932,-7.3204
BUF,BWI,205,25,0.122,452.2245,49.0556,2.9,-8.0556
BUF,CLT,89,16,0.1798,878.6996,86.3425,2.8356,1.8356
BUF,CVG,30,3,0.1,659.8294,66.1111,3.1481,-4.5185
BUF,DCA,78,48,0.6154,476.3646,52.1333,-2.4,-2.0667
BUF,DFW,30,3,0.1,1950.5201,162.5769,1.9259,-7.3462
BUF,DTW,136,25,0.1838,386.2416,45.4685,-1.8919,-5.1081
BUF,EWR,104,19,0.1827,453.8339,53.7647,9.9529,6.6824
BUF,JFK,102,30,0.2941,484.4113,84.625,8.7639,7.2083
BUF,LAS,30,3,0.1,3197.7586,252.963,2.0,-21.5556
BUF,LGA,158,55,0.3481,469.9273,53.2941,4.2136,-3.9118
BUF,MCO,35,4,0.1143,1627.0427,133.6452,0.0645,-18.6129
BUF,MSP,60,6,0.1,1181.2556,111.1132,2.2407,-3.4906
BUF,ORD,233,48,0.206,761.2178,74.212,11.7838,3.0924
BUF,PHL,149,34,0.2282,449.0059,56.3333,3.8609,0.5263
BUF,PHX,30,4,0.1333,3077.0581,246.4231,4.0385,-21.1154
BUF,PIT,118,21,0.178,299.3372,40.1237,2.1134,1.7423
BUF,ROC,4,0,0.0,88.5137,15.25,-3.5,-8.0
BUR,DEN,52,21,0.4038,1367.939,111.1613,1.6129,2.5806
BUR,DFW,73,13,0.1781,1981.0975,154.0517,4.55,-0.2241
BUR,LAS,352,40,0.1136,358.8828,40.5,1.5577,-1.2115
BUR,OAK,426,54,0.1268,523.0355,51.5511,2.7715,3.0
BUR,PDX,86,19,0.2209,1314.8308,107.9851,5.2836,0.5373
BUR,PHX,335,50,0.1493,593.8465,63.1439,2.4,0.1544
BUR,SEA,86,20,0.2326,1507.9516,126.5152,1.5455,-1.8636
BUR,SFO,306,115,0.3758,524.6448,51.9684,6.4084,1.7211
BUR,SJC,231,28,0.1212,476.3646,46.7635,2.0493,-0.8522
BUR,SMF,282,38,0.1348,576.1437,54.9426,2.1639,-0.5451
BWI,ABQ,30,4,0.1333,2687.5978,218.9615,2.5,-6.6538
BWI,ALB,192,26,0.1354,463.4899,52.6988,5.8614,5.9458
BWI,ATL,378,62,0.164,926.9798,86.5206,8.3703,3.8317
BWI,AUS,30,4,0.1333,2159.7343,178.7692,7.0769,-2.3077
BWI,BDL,341,53,0.1554,455.4432,49.7674,5.7639,5.3472
BWI,BHM,89,10,0.1124,1097.5699,98.7848,3.3544,-4.7215
BWI,BNA,266,29,0.109,946.2919,86.4895,7.1603,-0.6878
BWI,BOS,353,75,0.2125,595.4558,59.6942,4.4568,-6.3597
BWI,BUF,205,25,0.122,452.2245,46.05,6.35,-6.3611
BWI,CLE,286,44,0.1538,505.3328,53.5,4.7562,1.3182
BWI,CLT,239,35,0.1464,580.9717,59.6716,5.3137,6.1716
BWI,CMH,60,7,0.1167,540.7382,57.3208,7.717,-2.4906
BWI,CVG,104,15,0.1442,692.0162,68.2135,10.0225,1.427
BWI,DEN,122,28,0.2295,2399.5259,192.8022,3.0106,-7.7473
BWI,DFW,172,29,0.1686,1958.5668,161.8662,21.3497,15.3944
BWI,DTW,218,42,0.1927,656.6107,67.2841,7.0455,3.5398
BWI,FLL,181,27,0.1492,1488.6395,137.0719,5.0584,1.5752
BWI,HOU,60,9,0.15,2005.2376,171.5882,2.549,-3.4902
BWI,IAH,165,24,0.1455,1987.5349,167.1387,1.6312,2.3577
BWI,IND,87,11,0.1264,828.8101,79.3947,8.4605,-0.3816
BWI,ISP,236,27,0.1144,354.0548,43.1148,5.2297,2.8756
BWI,JAN,60,7,0.1167,1429.0939,123.9623,3.8868,-4.0
BWI,JAX,148,28,0.1892,1066.9924,96.925,6.3,3.2083
BWI,JFK,180,31,0.1722,296.1186,51.5906,13.5168,7.2282
BWI,LAS,120,12,0.1,3389.27,271.217,15.7222,-0.0377
BWI,LAX,113,28,0.2478,3748.1529,295.5663,9.0353,4.3133
BWI,LIT,30,3,0.1,1467.7181,124.8889,2.1111,-15.4074
BWI,MCI,90,10,0.1111,1556.2318,134.975,7.0125,-5.5
BWI,MCO,326,52,0.1595,1266.5506,113.3358,6.781,4.2956
BWI,MDW,306,65,0.2124,983.3067,94.1548,7.6266,1.5272
BWI,MEM,20,9,0.45,1266.5506,105.8,-4.9091,-20.3
BWI,MHT,350,47,0.1343,606.7212,60.1056,7.5116,6.1287
BWI,MIA,89,17,0.191,1522.4356,135.4085,16.5417,15.6901
BWI,MSP,111,20,0.1802,1506.3422,131.0879,13.7582,6.7363
BWI,MSY,89,19,0.2135,1606.1213,140.1884,4.5857,-0.942
BWI,ORD,322,66,0.205,1001.0095,95.0314,13.4492,7.902
BWI,PBI,88,15,0.1705,1421.0472,128.1918,4.4795,0.3836
BWI,PHL,175,36,0.2057,144.8406,28.554,2.4676,2.3813
BWI,PHX,233,34,0.1459,3217.0707,260.0663,10.0553,-7.0
BWI,PIT,175,32,0.1829,337.9614,37.4965,4.6154,3.8671
BWI,PVD,463,71,0.1533,527.8635,52.1301,6.051,5.2449
BWI,RDU,149,18,0.1208,410.3817,45.3893,7.916,3.5878
BWI,RSW,30,4,0.1333,1478.9835,134.32,5.8077,3.56
BWI,SAT,30,3,0.1,2264.3414,187.8462,4.2593,-2.7308
BWI,SDF,142,15,0.1056,796.6233,79.0714,10.2756,1.1984
BWI,SEA,30,3,0.1,3757.8089,301.0,2.3333,-21.3462
BWI,SFO,89,16,0.1798,3954.1484,313.1549,15.3562,7.3239
BWI,SJU,32,4,0.125,2518.6171,199.6667,23.9643,24.5185
BWI,SLC,30,3,0.1,2999.8098,247.5769,2.037,-16.1538
BWI,STL,268,26,0.097,1186.0836,110.6695,7.6198,-1.7908
BWI,TPA,266,40,0.1504,1355.0643,120.8894,6.7301,3.6593
BZN,MSP,60,7,0.1167,1406.5632,118.8077,7.9057,11.7692
BZN,SLC,60,8,0.1333,558.441,51.6154,2.6923,-1.3462
CAE,ATL,186,36,0.1935,307.3839,38.54,4.8667,-2.7
CAE,CLT,112,36,0.3214,141.6219,27.75,-2.0132,-0.8158
CAK,ATL,69,32,0.4638,849.7315,82.973,5.3243,6.4054
CAK,PIT,83,21,0.253,112.6538,23.129,-1.7742,-0.5323
CDV,ANC,30,3,0.1,257.4944,31.4444,17.1852,18.2963
CDV,YAK,30,3,0.1,342.7894,36.1111,11.5556,12.8889
CHA,CLT,89,38,0.427,389.4603,46.0196,-0.4118,-1.2157
CHA,ORD,84,13,0.1548,806.2793,78.5714,2.8873,-4.5429
CHS,ATL,250,56,0.224,416.8191,45.5155,4.6443,-0.8557
CHS,CLT,209,44,0.2105,270.3691,34.4364,-0.5576,-4.1939
CHS,DCA,27,16,0.5926,714.547,67.3636,-4.0909,-3.4545
CHS,EWR,2,0,0.0,1010.6655,81.0,20.5,7.0
CID,DEN,58,15,0.2586,1113.6633,96.6512,5.2326,-0.907
CID,DFW,90,12,0.1333,1102.3979,100.6154,2.2308,-8.6026
CID,ORD,277,58,0.2094,315.4306,38.5,1.3927,-2.6651
CID,STL,195,24,0.1231,366.9295,40.0058,0.4561,0.1053
CLE,ATL,210,31,0.1476,891.5744,82.9777,-1.6089,-7.2682
CLE,BDL,27,4,0.1481,764.4365,68.3913,-6.0,-7.3913
CLE,BNA,114,13,0.114,720.9843,69.4257,3.297,-7.3663
CLE,BOS,118,34,0.2881,906.0584,80.9286,-2.881,-8.6905
CLE,BWI,289,44,0.1522,505.3328,54.6367,5.4735,1.6163
CLE,CLT,120,25,0.2083,692.0162,69.3684,1.2842,1.6526
CLE,CVG,116,13,0.1121,355.6641,38.8932,-2.9126,-7.9126
CLE,DCA,77,51,0.6623,498.8954,49.8846,-3.8077,-3.7692
CLE,DEN,108,18,0.1667,1932.8173,162.0795,1.4333,-5.0227
CLE,DFW,162,42,0.2593,1643.1361,140.0254,5.7583,0.4322
CLE,DTW,119,14,0.1176,152.8873,27.1238,8.9333,2.8571
CLE,EWR,181,25,0.1381,650.1734,63.9936,7.0321,-2.0
CLE,FLL,50,5,0.1,1709.1191,145.6444,2.2667,0.7333
CLE,IAH,209,25,0.1196,1755.7899,150.4645,-0.9511,-3.0929
CLE,JFK,90,16,0.1778,683.9695,89.3919,13.5676,6.1351
CLE,LAS,140,35,0.25,2937.0455,231.2476,-0.6,-13.7714
CLE,LAX,108,21,0.1944,3303.975,260.8605,-0.8276,-11.9186
CLE,LGA,227,66,0.2907,672.7041,68.4562,7.0745,-5.8562
CLE,MCO,104,28,0.2692,1440.3593,119.56,-3.2237,-8.64
CLE,MDW,244,30,0.123,494.0674,51.3412,6.5,1.9953
CLE,MEM,47,10,0.2128,1001.0095,91.0541,-4.3514,-13.3243
CLE,MIA,52,11,0.2115,1738.0872,144.475,8.2195,5.875
CLE,MSP,112,13,0.1161,1001.0095,95.1753,4.5657,-2.2165
CLE,MSY,30,5,0.1667,1475.7648,125.08,-6.8,-7.36
CLE,ORD,548,139,0.2536,508.5514,55.8173,6.3007,0.1111
CLE,PBI,29,6,0.2069,1641.5268,136.7826,-2.0435,-8.6957
CLE,PHL,160,33,0.2062,584.1904,64.4882,2.3701,-1.6299
CLE,PHX,113,24,0.2124,2795.4236,226.7586,4.2472,-6.2989
CLE,RSW,30,4,0.1333,1649.5735,137.5769,-5.3462,-7.8462
CLE,SEA,5,0,0.0,3252.4761,274.6,-4.4,-17.4
CLE,SFO,60,9,0.15,3477.7837,275.7,-0.7059,-11.02
CLE,SJU,7,1,0.1429,2959.5763,245.3333,-2.1667,1.1667
CLE,STL,231,23,0.0996,783.7486,75.024,9.7019,2.5817
CLE,TPA,56,10,0.1786,1491.8582,127.0667,-4.1087,-8.4444
CLL,DFW,225,43,0.1911,263.9318,45.2363,-1.6429,-2.2747
CLT,ABE,30,3,0.1,774.0925,74.8148,-1.4815,-2.4444
CLT,ALB,60,7,0.1167,1039.6336,94.8491,0.3396,-2.9811
CLT,ATL,420,69,0.1643,365.3202,43.3447,3.8462,-5.2051
CLT,AVL,146,41,0.2808,148.0593,22.3143,0.1143,0.1619
CLT,BDL,117,23,0.1966,1036.415,90.5319,8.383,8.2447
CLT,BHM,149,42,0.2819,564.8783,58.6729,-0.3178,-0.243
CLT,BNA,142,28,0.1972,529.4729,56.5789,1.0965,-1.2807
CLT,BOS,288,75,0.2604,1171.5995,100.6103,4.4131,-1.4695
CLT,BUF,88,16,0.1818,878.6996,78.25,7.9167,4.5556
CLT,BWI,236,38,0.161,580.9717,56.8182,5.9646,3.5859
CLT,CAE,112,38,0.3393,141.6219,21.5405,-1.7432,-4.0405
CLT,CHA,90,39,0.4333,389.4603,41.6471,1.0392,-1.8431
CLT,CHS,209,43,0.2057,270.3691,30.988,-0.3735,-1.3373
CLT,CLE,120,22,0.1833,692.0162,69.551,1.398,-5.2551
CLT,CMH,120,21,0.175,556.8316,56.7677,2.9192,-0.0303
CLT,DAY,60,8,0.1333,595.4558,63.4231,1.7115,-0.9038
CLT,DCA,281,183,0.6512,532.6915,54.5612,2.4898,1.8571
CLT,DEN,90,9,0.1,2151.6876,180.6,6.0741,-2.775
CLT,DFW,319,66,0.2069,1506.3422,133.4365,5.6719,0.5357
CLT,DTW,223,49,0.2197,804.67,80.0925,1.9943,-4.5145
CLT,EWR,312,103,0.3301,851.3409,81.3589,7.6316,2.6842
CLT,FAY,27,6,0.2222,189.9021,23.4762,5.7143,5.5238
CLT,FLL,187,32,0.1711,1015.4935,93.8258,3.0,1.5806
CLT,GSO,199,54,0.2714,133.5752,21.6,1.8069,-1.0138
CLT,GSP,143,52,0.3636,120.7005,19.4396,2.3956,-1.0549
CLT,HSV,59,20,0.339,535.9102,53.6667,0.1282,-3.4103
CLT,IAD,149,25,0.1678,516.5981,53.7177,2.5968,-3.2823
CLT,IAH,169,28,0.1657,1469.3274,130.9209,8.6312,7.4676
CLT,ILM,180,38,0.2111,297.7279,33.3451,0.7746,-0.331
CLT,IND,150,28,0.1867,688.7975,71.5082,4.7377,2.0082
CLT,JAX,154,29,0.1883,529.4729,51.3952,5.048,4.4274
CLT,LAS,88,19,0.2159,3083.4954,245.6765,5.8986,0.3088
CLT,LAX,146,30,0.2055,3419.8475,272.6261,9.3621,3.513
CLT,LGA,326,92,0.2822,875.481,79.5837,7.9487,0.1416
CLT,LWB,13,2,0.1538,297.7279,32.7273,12.2727,8.7273
CLT,MCI,144,24,0.1667,1301.9561,119.625,0.975,-3.9417
CLT,MCO,252,44,0.1746,753.1711,68.7404,4.4183,3.9327
CLT,MDT,60,7,0.1167,664.6574,65.566,0.717,-1.2453
CLT,MEM,204,42,0.2059,823.9821,78.9321,2.5062,-0.8951
CLT,MIA,160,28,0.175,1046.071,94.1212,2.2045,-0.5
CLT,MKE,60,7,0.1167,1047.6803,100.4717,6.4151,5.3396
CLT,MSP,111,21,0.1892,1496.6862,136.6477,6.7333,-2.1023
CLT,MSY,150,29,0.1933,1047.6803,93.9256,1.2727,0.9669
CLT,MYR,232,43,0.1853,251.057,32.2169,1.8254,1.3122
CLT,ORD,523,139,0.2658,963.9947,94.0131,7.0026,5.0969
CLT,ORF,176,43,0.2443,466.7086,45.9173,1.8271,-1.8722
CLT,PBI,128,16,0.125,949.5106,85.75,8.7857,9.6875
CLT,PHL,287,63,0.2195,720.9843,70.442,7.933,7.5714
CLT,PHX,60,8,0.1333,2854.9692,231.9608,2.0962,-0.8627
CLT,PIT,354,68,0.1921,589.0184,57.965,3.4266,0.5629
CLT,PNS,120,26,0.2167,785.3579,72.4681,1.6064,2.0532
CLT,PVD,119,21,0.1765,1099.1792,92.5408,8.398,6.4184
CLT,RDU,251,53,0.2112,209.2142,29.0202,1.1818,0.2778
CLT,RIC,231,68,0.2944,411.991,42.6933,-0.9816,-3.816
CLT,ROA,116,39,0.3362,249.4477,32.3506,-1.3506,-1.2597
CLT,ROC,60,11,0.1833,922.1518,82.7347,1.6531,-0.7143
CLT,RSW,129,16,0.124,965.604,86.3097,1.6991,0.0796
CLT,SAN,67,8,0.1194,3342.5992,266.8448,5.3898,0.6724
CLT,SAV,176,48,0.2727,342.7894,37.9062,4.1562,1.5391
CLT,SDF,90,19,0.2111,540.7382,61.493,0.4366,-0.4085
CLT,SEA,89,17,0.191,3667.6859,297.4648,9.7639,-2.493
CLT,SFO,133,25,0.188,3695.0446,295.1028,8.3981,-0.7944
CLT,SJU,40,5,0.125,2372.1672,191.5143,4.8,12.0857
CLT,SRQ,90,12,0.1333,880.309,80.4231,3.359,2.5897
CLT,STL,231,35,0.1515,925.3705,90.8827,3.5102,-2.449
CLT,STT,9,1,0.1111,2446.1968,194.875,17.875,8.25
CLT,SYR,30,3,0.1,970.432,89.1481,1.4074,1.1481
CLT,TPA,230,40,0.1739,817.5447,74.2646,2.3737,2.6561
CLT,TRI,27,8,0.2963,193.1208,28.7895,1.3158,4.1579
CLT,TYS,88,31,0.3523,284.8532,34.0714,-0.8947,-2.8214
CMH,ATL,195,35,0.1795,717.7656,69.761,4.1062,-1.7296
CMH,BNA,50,6,0.12,543.9569,55.0455,0.9545,-2.8409
CMH,BOS,114,31,0.2719,1029.9776,91.2169,8.0361,-0.9759
CMH,BWI,60,7,0.1167,540.7382,53.8302,5.9811,-7.8491
CMH,CLT,119,19,0.1597,556.8316,57.35,0.11,-1.85
CMH,CVG,145,24,0.1655,186.6834,28.5289,8.438,4.5868
CMH,DCA,145,90,0.6207,518.2075,50.5455,-1.5636,-6.4545
CMH,DEN,59,14,0.2373,1858.7877,156.9091,7.0,-4.4091
CMH,DFW,135,34,0.2519,1491.8582,128.29,6.703,4.39
CMH,DTW,135,25,0.1852,249.4477,37.1273,6.7273,4.8818
CMH,EWR,98,19,0.1939,743.5151,76.3924,4.9747,5.7722
CMH,IAH,79,14,0.1772,1586.8092,140.9692,10.6769,10.6308
CMH,LAS,90,7,0.0778,2851.7505,228.525,3.506,-8.1875
CMH,LAX,30,3,0.1,3212.2426,258.7407,18.1111,16.9259
CMH,LGA,119,22,0.1849,769.2645,74.4375,11.4536,0.4062
CMH,MCO,148,18,0.1216,1290.6907,109.7077,1.4538,-3.4308
CMH,MDW,171,21,0.1228,457.0526,49.1333,6.0,2.6667
CMH,MEM,19,11,0.5789,833.6381,84.0,2.5,8.1429
CMH,MSP,108,18,0.1667,1009.0562,96.4091,6.2333,0.8182
CMH,ORD,426,111,0.2606,476.3646,51.722,10.581,4.2588
CMH,PHL,140,36,0.2571,651.7827,65.9394,4.7692,-3.1818
CMH,PHX,172,18,0.1047,2689.2071,219.1765,8.9805,-3.8366
CMH,PIT,117,24,0.2051,231.745,32.1613,3.1398,1.172
CMH,RSW,30,6,0.2,1496.6862,129.0,-3.6667,-7.5833
CMH,STL,233,22,0.0944,659.8294,65.5782,6.327,1.5355
CMH,TPA,120,13,0.1083,1334.1429,113.6762,7.1776,1.4571
CMI,ORD,149,22,0.1477,217.2609,32.4331,8.2126,7.2598
COS,ATL,53,7,0.1321,1907.0679,143.4,12.9783,9.4667
COS,CVG,59,8,0.1356,1734.8685,135.3725,2.0,1.1176
COS,DEN,140,42,0.3,115.8725,18.7755,3.6429,1.4184
COS,DFW,224,44,0.1964,952.7293,79.7765,5.0611,3.8045
COS,IAH,60,9,0.15,1301.9561,109.8367,-0.7647,-2.7551
COS,LAX,78,24,0.3077,1340.5802,116.6792,7.0926,-0.8491
COS,MSP,60,8,0.1333,1166.7715,97.1538,-2.3077,-4.2692
COS,ORD,52,16,0.3077,1466.1087,117.75,5.6389,3.5278
COS,PHX,84,12,0.1429,886.7463,84.2361,-2.4861,-2.75
COS,SLC,30,4,0.1333,659.8294,71.2308,11.8077,7.1923
COS,STL,77,10,0.1299,1245.6292,102.209,-1.5522,-4.6269
CRP,DFW,221,53,0.2398,569.7064,71.5301,8.3274,6.2048
CRP,HOU,212,29,0.1368,300.9466,34.7637,5.7596,4.3791
CRP,IAH,31,4,0.129,323.4773,39.2593,-3.0741,-5.4815
CRW,PIT,86,29,0.3372,263.9318,32.0526,-1.9298,-2.3684
CVG,ABQ,60,5,0.0833,1995.5816,163.9074,12.0182,-0.9259
CVG,ALB,60,7,0.1167,1002.6188,84.0566,14.7925,17.2075
CVG,ATL,257,33,0.1284,600.2838,62.4375,9.2054,1.9688
CVG,AUS,57,7,0.1228,1541.7477,127.8,6.0,-2.78
CVG,BDL,117,11,0.094,1063.7737,88.7264,7.2547,3.8208
CVG,BHM,57,17,0.2982,637.2986,57.8,3.625,5.675
CVG,BNA,27,8,0.2963,370.1482,43.3684,14.6316,10.8947
CVG,BOS,147,24,0.1633,1210.2237,102.3496,4.0244,1.9431
CVG,BUF,30,3,0.1,659.8294,59.2593,17.4444,9.037
CVG,BWI,75,12,0.16,692.0162,66.6349,6.1746,10.6825
CVG,CLE,145,14,0.0966,355.6641,39.5115,5.687,-0.3511
CVG,CMH,118,13,0.1102,186.6834,28.0952,3.4857,0.7524
CVG,COS,53,14,0.2642,1734.8685,142.8974,8.7949,2.4872
CVG,DCA,112,66,0.5893,661.4387,63.1304,2.6087,-0.9783
CVG,DEN,115,20,0.1739,1720.3845,142.6105,10.1158,0.4526
CVG,DFW,221,49,0.2217,1306.7841,115.0774,7.8198,3.3869
CVG,DTW,44,12,0.2727,368.5389,46.1875,2.9062,5.5
CVG,EWR,118,21,0.178,915.7145,88.2887,11.5876,7.1649
CVG,FLL,60,5,0.0833,1499.9049,125.0182,12.4545,9.3091
CVG,GSO,29,4,0.1379,531.0822,52.28,7.56,2.6
CVG,IND,58,8,0.1379,157.7153,23.3,8.5,12.24
CVG,JAX,58,8,0.1379,988.1348,82.8,1.38,-0.62
CVG,JFK,60,9,0.15,947.9013,96.6667,17.7647,20.3922
CVG,LAS,90,7,0.0778,2700.4725,214.061,18.3253,1.2195
CVG,LAX,120,12,0.1,3057.746,237.0561,17.4167,-2.1402
CVG,LEX,86,14,0.1628,112.6538,18.2917,7.7917,3.5278
CVG,LGA,180,34,0.1889,941.4639,87.6301,9.9932,4.6438
CVG,MCI,87,12,0.1379,867.4343,78.0541,7.2933,-0.3378
CVG,MCO,150,19,0.1267,1216.661,100.7,6.0,3.9923
CVG,MEM,29,9,0.3103,648.564,59.6,8.5,0.4
CVG,MHT,29,3,0.1034,1192.5209,97.6923,11.1923,-8.8077
CVG,MIA,48,20,0.4167,1525.6543,128.3333,13.1786,19.6296
CVG,MKE,75,13,0.1733,511.7701,52.1613,9.6613,4.3548
CVG,MSP,143,16,0.1119,959.1666,93.2756,5.6378,1.9449
CVG,MSY,114,25,0.2193,1126.538,92.6404,8.6292,4.236
CVG,ORD,501,132,0.2635,424.8658,47.7902,8.0108,1.7221
CVG,ORF,26,6,0.2308,780.5299,71.35,20.2,25.15
CVG,PBI,59,6,0.1017,1435.5313,115.9423,12.0755,9.8654
CVG,PDX,90,10,0.1111,3178.4465,247.85,11.7,-2.625
CVG,PHL,142,32,0.2254,815.9354,78.5046,12.8455,11.7339
CVG,PHX,104,17,0.1635,2525.0545,205.7907,10.5632,-7.7558
CVG,PIT,60,9,0.15,411.991,41.1961,11.5294,6.8431
CVG,PVD,60,5,0.0833,1161.9435,96.9273,6.8727,5.3455
CVG,PWM,88,11,0.125,1303.5654,101.8553,4.8571,2.2632
CVG,RDU,87,11,0.1264,627.6426,57.0789,7.4211,6.8553
CVG,RIC,79,31,0.3924,664.6574,58.9583,3.3125,5.5
CVG,RSW,60,7,0.1167,1414.6099,115.2115,0.9623,-3.5
CVG,SAN,89,9,0.1011,3001.4191,239.525,13.7875,2.6125
CVG,SAT,59,7,0.1186,1647.9642,136.3654,12.0385,-4.4808
CVG,SDF,109,30,0.2752,133.5752,21.1646,6.5443,2.7342
CVG,SEA,90,8,0.0889,3160.7438,252.6914,7.7683,-2.8889
CVG,SFO,120,17,0.1417,3276.6162,257.0388,6.165,-12.0291
CVG,SJC,29,4,0.1379,3246.0388,257.32,21.56,6.0
CVG,SJU,14,5,0.3571,2909.6867,226.375,-1.8889,4.25
CVG,SLC,169,24,0.142,2331.9337,190.028,13.1241,1.9371
CVG,SYR,29,4,0.1379,848.1222,71.92,29.0,26.0
CVG,TPA,143,38,0.2657,1244.0198,102.5619,13.581,8.9524
CVG,TUS,58,6,0.1034,2491.2583,199.0577,4.8269,-4.9423
DAB,ATL,115,13,0.113,589.0184,58.7745,5.7843,3.2745
DAB,EWR,17,7,0.4118,1422.6566,133.9,0.5,4.0
DAB,MLB,4,4,1.0,125.5285,,,
DAL,ABQ,228,27,0.1184,933.4172,84.935,6.3433,0.725
DAL,AMA,214,29,0.1355,521.4262,52.1038,6.9459,4.1311
DAL,AUS,364,51,0.1401,304.1653,33.4984,4.8403,2.1278
DAL,ELP,159,20,0.1258,904.4491,79.7122,6.8058,2.1727
DAL,HOU,875,144,0.1646,384.6323,43.9752,5.8071,4.6369
DAL,HRL,1,0,0.0,737.0777,65.0,0.0,-15.0
DAL,IAH,183,31,0.1694,349.2268,42.0921,6.0921,1.6842
DAL,LAX,32,1,0.0312,2005.2376,174.1935,-1.6452,2.5806
DAL,LBB,243,32,0.1317,471.5366,47.1,8.8863,6.7381
DAL,LGA,34,8,0.2353,2222.4985,183.0769,6.9231,9.0
DAL,LIT,218,28,0.1284,476.3646,45.1842,6.2684,2.2368
DAL,MAF,213,27,0.1268,513.3795,49.8602,6.4946,4.6183
DAL,MSY,167,20,0.1198,703.2816,61.932,9.483,5.898
DAL,OKC,204,26,0.1275,291.2905,34.2079,6.2809,3.618
DAL,ORD,45,12,0.2667,1284.2533,115.7879,5.697,3.9091
DAL,SAT,401,59,0.1471,399.1163,42.8129,5.3275,2.0263
DAL,TUL,231,36,0.1558,381.4136,41.7641,7.959,6.5128
DAY,ATL,146,19,0.1301,695.2349,67.1496,3.1496,-3.4567
DAY,CLT,60,10,0.1667,595.4558,61.44,-2.62,-4.08
DAY,DCA,18,11,0.6111,629.2519,58.0,-6.4286,-8.1429
DAY,DFW,60,10,0.1667,1385.6417,122.42,1.0,-2.66
DAY,DTW,49,14,0.2857,267.1504,38.2571,-2.0857,-4.9429
DAY,MSP,51,15,0.2941,923.7612,90.8857,2.8889,-3.2857
DAY,ORD,281,66,0.2349,386.2416,44.8592,5.0744,1.831
DAY,PHL,35,6,0.1714,767.6552,74.5172,-4.2414,0.4828
DAY,PIT,89,19,0.2135,346.0081,38.2286,0.9857,-0.5
DAY,STL,118,11,0.0932,543.9569,56.6449,1.5421,0.5701
DBQ,ORD,112,19,0.1696,236.573,31.0215,2.3871,0.2581
DCA,ALB,78,48,0.6154,511.7701,56.1333,-4.6,-6.2667
DCA,ATL,441,267,0.6054,880.309,81.3678,-0.1207,-7.4598
DCA,BDL,100,62,0.62,503.7234,54.3421,2.6842,2.1316
DCA,BNA,45,28,0.6222,904.4491,82.5882,2.7647,-3.7647
DCA,BOS,512,323,0.6309,642.1267,64.963,-2.1323,-3.037
DCA,BUF,78,49,0.6282,476.3646,48.9259,-1.3448,-4.3704
DCA,CHS,27,17,0.6296,714.547,69.0,-1.6,-8.8
DCA,CLE,77,51,0.6623,498.8954,57.4231,-1.2308,-7.1154
DCA,CLT,295,190,0.6441,532.6915,54.0476,-2.6571,-4.8381
DCA,CMH,146,91,0.6233,518.2075,52.8364,-1.3818,-9.2909
DCA,CVG,87,50,0.5747,661.4387,68.8378,2.6757,-3.9189
DCA,DAY,21,15,0.7143,629.2519,73.0,-4.8333,-2.6667
DCA,DFW,280,154,0.55,1918.3333,162.1382,0.8095,-1.7886
DCA,DTW,246,162,0.6585,651.7827,67.4405,1.0595,-2.6429
DCA,EWR,179,106,0.5922,320.2587,43.4306,17.1644,16.1111
DCA,FLL,114,72,0.6316,1446.7967,129.9487,-1.2619,-8.1795
DCA,IAH,174,102,0.5862,1944.0827,165.4085,6.7361,9.1831
DCA,IND,65,45,0.6923,803.0607,76.7,-1.3,-5.25
DCA,JAX,54,34,0.6296,1020.3216,96.65,0.9,1.65
DCA,JFK,310,192,0.6194,342.7894,48.7265,7.0424,-0.5812
DCA,LAS,23,13,0.5652,3361.9113,265.3333,1.9,-5.7778
DCA,LAX,3,0,0.0,3719.1847,292.3333,-0.6667,-18.3333
DCA,LGA,795,527,0.6629,344.3988,42.5543,0.1791,-5.3933
DCA,MCI,64,41,0.6406,1528.873,138.1818,-2.0435,-2.9545
DCA,MCO,78,47,0.6026,1221.4891,108.0333,-2.1935,-5.4333
DCA,MEM,108,70,0.6481,1226.3171,108.3684,-1.4737,-7.6053
DCA,MHT,51,31,0.6078,655.0014,65.45,-4.5,-5.1
DCA,MIA,216,122,0.5648,1480.5928,128.7234,2.3617,-3.9149
DCA,MSP,213,137,0.6432,1498.2955,134.96,0.1974,-3.2267
DCA,MSY,51,30,0.5882,1559.4505,131.5263,2.9524,-4.4211
DCA,ORD,582,368,0.6323,984.9161,93.277,9.2243,4.5305
DCA,PBI,79,48,0.6076,1379.2044,119.7667,-0.4839,-5.5667
DCA,PHL,116,74,0.6379,191.5115,35.5714,2.0238,0.7381
DCA,PHX,44,24,0.5455,3184.8839,255.8947,2.95,-20.0
DCA,PIT,171,110,0.6433,329.9147,37.1148,-3.8689,-7.6393
DCA,PVD,103,66,0.6408,574.5344,57.2162,-0.7568,-0.2432
DCA,RDU,97,81,0.8351,365.3202,44.875,-3.875,-5.3125
DCA,ROC,78,49,0.6282,476.3646,50.6429,-2.2069,-4.4643
DCA,STL,125,61,0.488,1157.1155,108.2344,5.4219,-1.0156
DCA,SYR,78,50,0.641,479.5833,49.8571,-4.5714,-9.3929
DCA,TPA,78,47,0.6026,1310.0028,114.8333,-3.7097,-4.3333
DEN,ABQ,189,65,0.3439,561.6597,49.5161,6.5968,2.2742
DEN,ANC,23,10,0.4348,3872.072,309.8462,13.3846,22.9231
DEN,ATL,357,72,0.2017,1929.5987,144.2968,6.8561,5.47
DEN,AUS,107,33,0.3084,1247.2385,97.8919,10.2027,10.3108
DEN,BDL,23,12,0.5217,2689.2071,205.0909,7.9091,13.6364
DEN,BIL,60,13,0.2167,732.2497,62.8723,7.1489,2.1064
DEN,BOI,118,24,0.2034,1044.4617,91.3191,0.9255,-6.0319
DEN,BOS,189,61,0.3228,2822.7824,208.3203,6.3047,6.5469
DEN,BUR,52,21,0.4038,1367.939,120.0323,14.6129,10.5806
DEN,BWI,118,27,0.2288,2399.5259,177.2967,4.9231,5.0659
DEN,CID,58,16,0.2759,1113.6633,86.4524,3.1667,5.619
DEN,CLE,108,22,0.2037,1932.8173,149.407,2.9767,3.9651
DEN,CLT,96,25,0.2604,2151.6876,160.4366,0.169,0.6197
DEN,CMH,59,12,0.2034,1858.7877,141.8085,11.4255,10.2766
DEN,COS,140,40,0.2857,115.8725,17.0,2.56,-1.36
DEN,CVG,117,16,0.1368,1720.3845,133.7228,10.1188,12.6931
DEN,DFW,593,125,0.2108,1031.5869,86.5302,10.7671,8.5733
DEN,DSM,85,20,0.2353,947.9013,76.2154,4.7385,4.4769
DEN,DTW,209,52,0.2488,1807.2888,142.2949,15.7643,17.3077
DEN,EUG,30,7,0.2333,1604.512,134.3913,13.913,9.6087
DEN,EWR,260,57,0.2192,2582.9907,199.9505,6.2512,9.4703
DEN,GEG,92,22,0.2391,1345.4082,112.4857,7.5857,2.1429
DEN,IAD,336,90,0.2679,2336.7617,173.3539,3.6463,1.0947
DEN,IAH,394,80,0.203,1385.6417,114.7717,7.2707,4.7138
DEN,ICT,88,19,0.2159,674.3135,56.9275,5.9855,3.7681
DEN,IND,117,32,0.2735,1572.3252,119.5647,9.2471,12.4
DEN,JAC,48,22,0.4583,653.392,63.9615,12.7308,11.3846
DEN,LAS,404,109,0.2698,1012.2749,85.739,7.8508,0.7559
DEN,LAX,526,145,0.2757,1387.2511,113.3474,9.9108,2.6316
DEN,LGA,208,62,0.2981,2605.5215,197.1034,12.8425,12.0828
DEN,MCI,182,67,0.3681,857.7782,72.5565,10.2609,9.6522
DEN,MCO,89,27,0.3034,2486.4303,183.5,6.8065,6.8387
DEN,MEM,60,6,0.1,1403.3445,109.2037,1.6111,1.5185
DEN,MIA,94,19,0.2021,2750.3621,206.0533,5.4133,7.4933
DEN,MSP,395,80,0.2025,1094.3512,90.8248,5.0413,2.9236
DEN,MSY,81,20,0.2469,1709.1191,128.6066,6.0984,6.0328
DEN,OAK,196,53,0.2704,1540.1384,125.7133,9.2028,4.5524
DEN,OKC,105,40,0.381,796.6233,67.1077,7.9692,5.0769
DEN,OMA,141,35,0.2482,759.6085,62.0849,6.2453,4.4434
DEN,ONT,110,35,0.3182,1318.0495,107.8533,13.7867,5.64
DEN,ORD,708,166,0.2345,1429.0939,116.8722,10.8432,11.6593
DEN,PDX,249,70,0.2811,1596.4653,130.3876,10.3631,7.264
DEN,PHL,205,38,0.1854,2505.7424,190.8606,4.7485,6.9758
DEN,PHX,514,126,0.2451,968.8227,86.5065,5.6211,-1.5116
DEN,PIT,120,15,0.125,2076.0486,157.0381,1.3429,4.8762
DEN,RNO,65,13,0.2,1293.9094,106.8654,6.7692,1.1923
DEN,SAN,196,47,0.2398,1372.767,111.9527,6.906,0.6689
DEN,SAT,81,28,0.3457,1277.816,103.4151,7.8491,8.3208
DEN,SEA,321,81,0.2523,1647.9642,139.5792,8.7833,5.5542
DEN,SFO,352,107,0.304,1556.2318,124.9673,8.649,0.3184
DEN,SJC,300,95,0.3167,1525.6543,126.8439,7.9122,1.3951
DEN,SLC,397,94,0.2368,629.2519,61.3465,5.9604,1.0957
DEN,SMF,141,40,0.2837,1464.4994,120.396,9.1287,-0.2574
DEN,SNA,162,45,0.2778,1361.5016,113.0256,3.094,-2.4103
DEN,STL,322,60,0.1863,1239.1918,100.6885,4.2099,5.1846
DEN,TPA,60,16,0.2667,2423.666,181.4773,5.0682,4.8864
DEN,TUL,83,29,0.3494,870.6529,70.2037,8.7963,8.5926
DEN,TUS,88,22,0.25,1028.3683,88.3182,2.6818,-6.7879
DFW,ABI,196,34,0.1735,254.2757,36.3272,5.9383,1.5309
DFW,ABQ,233,44,0.1888,915.7145,80.1852,15.1323,8.8095
DFW,ACT,226,48,0.2124,143.2313,23.7753,3.4944,0.3596
DFW,AMA,177,32,0.1808,503.7234,62.669,14.9241,10.6828
DFW,ATL,671,132,0.1967,1178.0369,97.2007,14.3006,9.974
DFW,AUS,442,90,0.2036,305.7746,33.125,17.0966,12.6875
DFW,BDL,120,15,0.125,2367.3391,184.1238,22.5619,20.3048
DFW,BHM,90,12,0.1333,960.776,80.7179,17.6026,16.4231
DFW,BNA,267,72,0.2697,1015.4935,83.7487,16.5846,16.8513
DFW,BOS,370,89,0.2405,2513.7891,193.9749,12.3203,7.828
DFW,BPT,143,17,0.1189,434.5218,64.1905,2.9365,-0.6667
DFW,BTR,177,21,0.1186,616.3772,75.7949,6.1538,0.6923
DFW,BUF,30,4,0.1333,1950.5201,151.1154,20.3077,14.5385
DFW,BUR,73,12,0.1644,1981.0975,169.1148,11.8852,3.7049
DFW,BWI,170,28,0.1647,1958.5668,154.6338,18.8099,21.1831
DFW,CID,90,13,0.1444,1102.3979,95.1429,11.1948,7.0649
DFW,CLE,160,40,0.25,1643.1361,132.8151,7.8917,1.0756
DFW,CLL,226,44,0.1947,263.9318,40.6484,2.489,-1.8956
DFW,CLT,319,71,0.2226,1506.3422,119.6492,8.9556,7.3952
DFW,CMH,136,34,0.25,1491.8582,120.6139,12.9412,10.9109
DFW,COS,230,48,0.2087,952.7293,85.7527,16.4945,11.5989
DFW,CRP,218,49,0.2248,569.7064,63.4286,8.6746,2.7679
DFW,CVG,222,47,0.2117,1306.7841,107.6,12.0229,11.5314
DFW,DAY,60,10,0.1667,1385.6417,113.96,11.08,6.68
DFW,DCA,277,153,0.5523,1918.3333,147.0082,5.0242,5.8033
DFW,DEN,631,139,0.2203,1031.5869,92.7703,13.2927,10.2073
DFW,DSM,89,21,0.236,1004.2282,88.2794,13.0147,8.3235
DFW,DTW,359,89,0.2479,1588.4186,129.7052,12.6259,10.5858
DFW,ELP,264,58,0.2197,886.7463,75.9951,16.568,11.7233
DFW,EWR,408,116,0.2843,2208.0145,179.1076,16.3973,13.9306
DFW,FAT,30,4,0.1333,2113.0634,178.3462,27.8077,16.7692
DFW,FLL,210,26,0.1238,1800.8515,140.2514,19.6793,17.0656
DFW,FSM,249,54,0.2169,366.9295,52.5436,4.8205,3.2718
DFW,FWA,53,7,0.1321,1382.4231,114.3261,22.3261,19.0
DFW,GGG,148,29,0.1959,225.3076,33.6471,9.0336,9.6639
DFW,GRR,89,8,0.0899,1498.2955,123.0123,11.9136,8.3457
DFW,GSO,59,7,0.1186,1607.7307,127.1373,18.9423,16.7451
DFW,GSP,88,9,0.1023,1387.2511,110.519,13.6329,6.5696
DFW,HNL,60,6,0.1,6089.7426,458.3077,25.6667,31.2885
DFW,HOU,371,85,0.2291,397.507,52.8252,11.6399,9.0
DFW,HRL,89,22,0.2472,741.9057,90.0746,12.5522,7.9552
DFW,HSV,118,34,0.2881,970.432,81.8929,15.2619,14.5833
DFW,IAD,315,77,0.2444,1886.1465,147.9873,18.1008,14.1144
DFW,IAH,592,133,0.2247,360.4922,43.5294,12.9325,11.4837
DFW,ICT,221,57,0.2579,527.8635,65.0745,11.4878,10.4286
DFW,ILE,280,69,0.2464,209.2142,34.3981,3.1517,0.0853
DFW,IND,142,35,0.2465,1226.3171,101.8318,12.8598,8.757
DFW,JAC,32,3,0.0938,1683.3696,143.7241,18.8276,14.5862
DFW,JAN,148,21,0.1419,656.6107,75.3622,14.8583,14.7087
DFW,JAX,150,27,0.18,1478.9835,115.6911,15.9756,16.2276
DFW,JFK,60,9,0.15,2238.5919,181.1961,17.2157,14.0588
DFW,LAS,353,54,0.153,1697.8537,140.0404,14.2441,8.5286
DFW,LAW,194,30,0.1546,225.3076,37.4939,7.2378,5.4512
DFW,LAX,570,120,0.2105,1987.5349,161.7902,18.2378,9.4308
DFW,LBB,268,67,0.25,453.8339,55.9,11.2537,4.76
DFW,LFT,173,22,0.1272,564.8783,81.3444,4.8278,1.7947
DFW,LGA,477,133,0.2788,2235.3733,175.3965,15.4535,6.1458
DFW,LGB,105,21,0.2,1963.3948,162.3976,18.9524,11.7952
DFW,LIT,381,89,0.2336,489.2394,52.726,7.6952,6.024
DFW,LRD,117,13,0.1111,634.08,90.3077,9.1635,7.1923
DFW,MAF,207,33,0.1594,497.2861,67.0751,8.1954,0.8671
DFW,MCI,284,78,0.2746,740.2964,69.0631,14.7136,11.8932
DFW,MCO,288,50,0.1736,1583.5906,125.8017,15.7185,14.5359
DFW,MDW,111,17,0.1532,1282.644,111.9892,10.7021,11.5269
DFW,MEM,360,64,0.1778,695.2349,64.4257,9.3919,7.9358
DFW,MFE,89,18,0.2022,753.1711,66.8732,17.9296,13.6761
DFW,MIA,287,49,0.1707,1804.0701,137.3291,24.1807,21.557
DFW,MKE,115,24,0.2087,1372.767,117.0444,8.967,6.7444
DFW,MSN,25,2,0.08,1321.2681,112.3913,10.913,10.5652
DFW,MSP,402,85,0.2114,1371.1577,117.8498,10.1924,6.623
DFW,MSY,236,48,0.2034,720.9843,63.0479,12.5691,10.4362
DFW,OAK,206,43,0.2087,2343.199,191.1963,12.3436,6.1043
DFW,OGG,30,3,0.1,5972.2607,454.4815,33.2222,34.6296
DFW,OKC,383,102,0.2663,281.6345,37.7509,13.5943,10.8897
DFW,OMA,120,31,0.2583,938.2452,83.3483,13.8427,11.7528
DFW,ONT,184,33,0.1793,1913.5053,155.04,13.6623,5.7333
DFW,ORD,764,205,0.2683,1290.6907,110.045,12.9284,9.2324
DFW,ORF,90,10,0.1111,1952.1294,149.1013,11.35,7.5063
DFW,PBI,120,15,0.125,1775.102,138.5524,11.5429,11.5429
DFW,PDX,156,20,0.1282,2600.6934,205.7426,17.1471,2.9485
DFW,PHL,338,85,0.2515,2095.3607,166.9602,16.3478,17.1474
DFW,PHX,511,94,0.184,1396.9071,122.0839,12.4868,6.0911
DFW,PIT,232,32,0.1379,1718.7751,135.5628,5.595,2.9497
DFW,PSP,56,7,0.125,1812.1168,150.6735,16.3265,11.551
DFW,RDU,250,60,0.24,1709.1191,133.6105,20.8842,19.9053
DFW,RIC,82,19,0.2317,1863.6157,143.0317,9.1746,7.0794
DFW,RNO,119,19,0.1597,2164.5623,175.68,11.12,3.24
DFW,SAN,347,71,0.2046,1884.5371,154.8036,16.4239,10.0255
DFW,SAT,390,96,0.2462,397.507,42.8265,18.2925,13.2687
DFW,SAV,63,5,0.0794,1488.6395,117.1379,21.8103,16.7069
DFW,SDF,114,30,0.2632,1179.6462,100.6867,17.1429,15.012
DFW,SEA,297,43,0.1448,2671.5044,217.6732,14.8898,6.2244
DFW,SFO,441,90,0.2041,2356.0738,191.4629,13.7721,3.8514
DFW,SGF,249,45,0.1807,585.7998,77.3088,9.5686,7.6716
DFW,SHV,386,78,0.2021,305.7746,43.539,3.3961,1.5682
DFW,SJC,257,56,0.2179,2314.2309,189.165,19.9851,16.795
DFW,SJT,173,30,0.1734,366.9295,53.5986,2.3427,-3.4789
DFW,SJU,98,11,0.1122,3484.2211,254.7558,26.6552,24.5
DFW,SLC,270,37,0.137,1590.0279,132.0345,14.6395,4.6121
DFW,SMF,115,19,0.1652,2302.9655,186.8229,18.3854,9.4792
DFW,SNA,298,78,0.2617,1939.2547,159.6621,19.7909,15.1781
DFW,SPS,171,33,0.193,181.8554,30.9275,5.5942,2.9058
DFW,STL,441,76,0.1723,886.7463,82.0495,4.8822,2.1951
DFW,TPA,260,55,0.2115,1495.0769,118.3873,14.3707,11.5441
DFW,TUL,460,115,0.25,381.4136,51.5407,13.6725,11.8517
DFW,TUS,242,71,0.2934,1308.3934,109.462,11.2515,4.6842
DFW,TXK,143,30,0.2098,291.2905,42.4779,5.5575,3.6549
DFW,TYR,266,44,0.1654,165.762,26.1982,4.7252,3.4189
DFW,TYS,90,10,0.1111,1242.4105,99.8875,20.05,14.85
DFW,XNA,313,58,0.1853,452.2245,47.4685,12.8,10.5866
DLG,ANC,34,5,0.1471,529.4729,48.931,-1.8621,-2.3793
DLH,MSP,59,8,0.1356,231.745,31.28,5.9216,1.24
DLH,ORD,85,13,0.1529,638.908,61.9155,8.125,0.7465
DSM,DEN,116,27,0.2328,947.9013,82.7753,5.5281,1.809
DSM,DFW,89,21,0.236,1004.2282,92.3382,11.0147,6.7647
DSM,MSP,43,12,0.2791,373.3669,43.2903,1.871,-1.2903
DSM,ORD,316,71,0.2247,481.1927,50.5451,4.4245,-0.3238
DSM,STL,167,20,0.1198,418.4284,43.4966,0.1429,-0.9456
DTW,ABE,47,13,0.2766,682.3602,61.8824,0.2353,-3.5588
DTW,ALB,136,22,0.1618,785.3579,67.7018,10.0263,8.0877
DTW,ATL,476,82,0.1723,955.948,88.368,5.2665,-1.4442
DTW,AZO,31,3,0.0968,181.8554,25.25,0.75,7.2143
DTW,BDL,125,26,0.208,881.9183,75.6768,4.6667,-0.9293
DTW,BHM,24,3,0.125,1005.8375,87.2381,10.7619,5.4286
DTW,BNA,269,45,0.1673,735.4684,69.0804,4.3482,-0.5357
DTW,BOS,244,52,0.2131,1017.1029,86.3665,9.5417,7.5183
DTW,BUF,136,25,0.1838,386.2416,40.9369,3.0901,4.6126
DTW,BWI,220,41,0.1864,656.6107,66.3128,10.0447,8.2849
DTW,CLE,90,11,0.1222,152.8873,24.4684,8.9494,9.0759
DTW,CLT,216,53,0.2454,804.67,77.0307,5.362,1.9877
DTW,CMH,165,29,0.1758,249.4477,32.9485,6.1397,1.2426
DTW,CVG,73,16,0.2192,368.5389,43.9298,1.2105,1.1053
DTW,DAY,48,14,0.2917,267.1504,32.0,3.1176,4.7059
DTW,DCA,244,146,0.5984,651.7827,61.4643,4.2755,3.9881
DTW,DEN,209,53,0.2536,1807.2888,149.7355,7.7628,3.3548
DTW,DFW,366,88,0.2404,1588.4186,135.6752,11.6367,5.5146
DTW,EWR,407,95,0.2334,783.7486,73.0645,9.4295,3.1226
DTW,FLL,60,9,0.15,1813.7262,152.8824,7.7255,3.6078
DTW,FNT,100,27,0.27,90.123,16.0685,4.4658,2.1507
DTW,FWA,5,0,0.0,205.9955,26.4,-0.2,-3.8
DTW,GRB,85,25,0.2941,463.4899,52.0847,10.2167,5.9831
DTW,GRR,237,54,0.2278,193.1208,27.071,3.8251,4.7596
DTW,GSO,96,19,0.1979,740.2964,73.5844,5.2338,2.3636
DTW,GSP,77,17,0.2208,817.5447,74.5,6.35,2.9
DTW,HPN,74,19,0.2568,812.7167,77.5636,3.4545,0.0909
DTW,IAD,126,27,0.2143,616.3772,60.2929,7.8384,2.798
DTW,IAH,283,50,0.1767,1731.6498,148.0702,2.794,0.1272
DTW,IND,232,42,0.181,371.7575,41.2684,8.1263,7.2579
DTW,JAX,89,9,0.1011,1310.0028,109.65,9.325,1.7875
DTW,JFK,78,18,0.2308,817.5447,80.7833,11.3833,17.6
DTW,LAN,153,28,0.183,119.0912,19.552,6.168,2.52
DTW,LAS,201,30,0.1493,2816.345,224.2202,9.3801,-2.3631
DTW,LAX,194,39,0.201,3184.8839,250.5263,13.9484,1.8026
DTW,LGA,374,74,0.1979,806.2793,75.7047,10.4033,6.2081
DTW,MBS,124,24,0.1935,157.7153,24.54,4.08,-0.28
DTW,MCI,157,32,0.2038,1012.2749,92.6694,4.632,-1.4597
DTW,MCO,202,34,0.1683,1540.1384,125.018,10.9643,11.012
DTW,MDT,78,14,0.1795,595.4558,57.3438,3.8594,1.1094
DTW,MDW,442,77,0.1742,368.5389,43.9096,9.3507,7.5808
DTW,MEM,293,44,0.1502,981.6974,88.1613,5.7028,-2.2258
DTW,MHT,134,23,0.1716,980.0881,79.2703,8.6486,11.1712
DTW,MIA,105,11,0.1048,1842.6943,147.266,11.734,8.4787
DTW,MKE,198,32,0.1616,383.0229,41.7879,9.6867,6.8303
DTW,MSN,132,25,0.1894,502.1141,51.3645,6.215,5.0561
DTW,MSP,500,82,0.164,849.7315,82.1322,9.988,4.4591
DTW,MSY,90,11,0.1222,1490.2488,123.4416,2.0127,-5.961
DTW,ORD,674,139,0.2062,378.1949,45.3121,13.3234,11.2729
DTW,ORF,109,13,0.1193,851.3409,78.6146,9.8125,7.7917
DTW,PBI,60,7,0.1167,1749.3526,142.717,5.1698,2.5094
DTW,PDX,51,14,0.2745,3143.041,249.3243,11.3243,-2.4865
DTW,PHL,374,73,0.1952,729.031,70.9833,6.4352,3.2174
DTW,PHX,227,41,0.1806,2689.2071,218.573,14.9516,1.2811
DTW,PIT,214,49,0.229,323.4773,37.9212,0.5697,-1.5273
DTW,PVD,140,25,0.1786,988.1348,83.8174,5.3913,3.8261
DTW,PWM,60,7,0.1167,1075.0391,88.2264,6.9245,8.283
DTW,RDU,139,19,0.1367,806.2793,74.275,6.1917,6.1167
DTW,RIC,103,18,0.1748,733.859,69.2,0.9882,-1.8235
DTW,ROC,98,13,0.1327,476.3646,47.0952,5.4,7.9524
DTW,RSW,60,8,0.1333,1746.1339,137.8269,16.5,16.8846
DTW,SAN,60,7,0.1167,3149.4784,250.8491,17.0189,8.7925
DTW,SBN,75,9,0.12,252.6664,30.5,4.7879,2.0152
DTW,SDF,124,27,0.2177,492.458,52.3299,5.8144,3.9278
DTW,SEA,136,25,0.1838,3101.1982,252.3153,12.0991,5.2342
DTW,SFO,120,13,0.1083,3345.8179,262.4112,13.2617,-0.8037
DTW,SJC,51,15,0.2941,3320.0684,265.2,5.9722,-6.4571
DTW,SJU,10,0,0.0,3104.4169,252.7,11.8,19.2
DTW,SLC,35,12,0.3429,2383.4325,206.7727,2.4783,-2.0455
DTW,SNA,30,3,0.1,3154.3064,253.0741,11.7037,6.4444
DTW,STL,504,68,0.1349,708.1096,71.5963,6.5413,0.8693
DTW,SYR,125,25,0.2,601.8932,54.36,10.86,5.91
DTW,TPA,141,24,0.1702,1581.9812,127.3846,14.2479,10.2222
DTW,TVC,89,10,0.1124,333.1334,38.7848,2.7342,-1.8861
DTW,TYS,27,4,0.1481,712.9376,66.8261,6.5652,2.3043
DUT,ANC,51,12,0.2353,1274.5973,101.4872,21.5385,21.4103
ELM,ITH,8,0,0.0,51.4989,11.75,-4.375,-3.0
ELM,PIT,21,0,0.0,334.7427,40.8095,-1.8095,-5.8095
ELP,ABQ,110,14,0.1273,358.8828,37.2396,1.3646,-1.3646
ELP,ATL,30,10,0.3333,2063.1739,156.1,10.75,8.45
ELP,AUS,112,12,0.1071,849.7315,69.71,3.08,-4.16
ELP,DAL,159,20,0.1258,904.4491,76.7194,4.3237,1.295
ELP,DFW,262,61,0.2328,886.7463,77.597,13.1144,12.0398
ELP,HOU,117,12,0.1026,1089.5232,87.4857,6.5619,0.8667
ELP,IAH,106,20,0.1887,1073.4298,92.506,1.3488,-2.1807
ELP,LAS,63,6,0.0952,939.8546,84.0877,4.1754,-0.7544
ELP,LAX,126,16,0.127,1149.0688,101.5182,6.0909,-2.2909
ELP,LBB,30,3,0.1,474.7553,42.8889,2.6667,-0.7778
ELP,MAF,30,3,0.1,395.8976,35.9259,4.2593,3.7037
ELP,ORD,72,12,0.1667,1989.1442,157.339,10.6667,12.9153
ELP,PHX,331,42,0.1269,558.441,55.8824,4.519,1.872
ELP,SAN,41,4,0.0976,1023.5402,89.9722,6.2162,2.9722
ELP,SAT,104,13,0.125,798.2326,64.9011,6.7582,4.3736
ERI,PIT,120,38,0.3167,175.4181,28.4024,-3.1829,-4.622
EUG,DEN,30,7,0.2333,1604.512,123.5652,-0.3478,0.3043
EUG,SFO,141,42,0.2979,725.8123,69.1633,9.2424,4.3776
EVV,ORD,160,25,0.1562,439.3498,54.4074,9.4222,6.1111
EWR,ABQ,1,0,0.0,2904.8587,228.0,0.0,-23.0
EWR,ANC,5,0,0.0,5423.4758,425.2,1.6,-4.6
EWR,ATL,559,146,0.2612,1198.9583,106.2937,7.1768,-1.7937
EWR,AUS,60,22,0.3667,2420.4474,196.9189,17.9737,20.7027
EWR,BNA,43,8,0.186,1203.7863,107.6857,-3.2857,-5.2857
EWR,BOS,650,249,0.3831,321.868,40.1222,4.5661,-8.9726
EWR,BQN,17,5,0.2941,2550.8039,201.1667,11.8333,27.9167
EWR,BUF,104,18,0.1731,453.8339,46.8837,8.2674,-2.1977
EWR,CHS,2,0,0.0,1010.6655,89.5,-4.0,-1.0
EWR,CLE,184,24,0.1304,650.1734,65.2125,5.6875,-2.2688
EWR,CLT,300,101,0.3367,851.3409,79.4975,5.0151,0.8894
EWR,CMH,94,19,0.2021,743.5151,71.64,2.8133,-3.4933
EWR,CVG,120,24,0.2,915.7145,88.6771,9.7812,-0.9062
EWR,DAB,21,10,0.4762,1422.6566,122.0909,-4.0909,-15.1818
EWR,DCA,180,107,0.5944,320.2587,37.7534,10.2877,6.9315
EWR,DEN,256,55,0.2148,2582.9907,208.6,9.9303,-2.88
EWR,DFW,408,113,0.277,2208.0145,181.0822,10.6068,5.5548
EWR,DTW,406,96,0.2365,783.7486,77.5581,5.3258,-3.7548
EWR,FLL,273,58,0.2125,1713.9471,147.2736,10.1628,2.8396
EWR,GSO,72,20,0.2778,717.7656,66.3077,3.4038,-8.2885
EWR,HNL,30,3,0.1,7985.5451,573.7037,10.7037,-13.4815
EWR,HOU,44,31,0.7045,2270.7787,186.4615,20.8462,17.8462
EWR,IAD,38,6,0.1579,342.7894,44.5938,7.7812,8.0625
EWR,IAH,266,38,0.1429,2253.076,185.4626,6.1886,-1.652
EWR,IND,73,13,0.1781,1036.415,94.2333,6.45,-1.2167
EWR,JAX,82,15,0.1829,1321.2681,114.209,4.2388,-5.2388
EWR,LAS,222,44,0.1982,3584.0002,282.9435,9.3989,-1.8983
EWR,LAX,383,84,0.2193,3949.3204,310.058,10.5686,-2.2765
EWR,MCI,96,23,0.2396,1757.3993,151.1918,7.9726,-1.4932
EWR,MCO,395,82,0.2076,1509.5609,130.1438,5.5463,-6.5048
EWR,MDW,93,20,0.2151,1144.2407,103.1528,2.8904,-6.125
EWR,MEM,109,18,0.1651,1522.4356,132.6923,3.7582,-5.4945
EWR,MHT,76,16,0.2105,336.3521,39.2667,0.65,-11.8333
EWR,MIA,230,46,0.2,1747.7432,148.7228,12.2283,6.8967
EWR,MLB,17,7,0.4118,1517.6076,129.5,-4.0,-22.1
EWR,MSP,325,59,0.1815,1622.2147,143.2652,5.0113,-8.6629
EWR,MSY,103,24,0.233,1878.0998,156.7722,2.8861,-4.1392
EWR,MYR,30,4,0.1333,885.137,81.0385,3.8846,-3.2692
EWR,OAK,48,14,0.2917,4110.2544,324.8485,0.8235,-6.2121
EWR,ORD,937,279,0.2978,1157.1155,106.7878,9.0046,-3.0702
EWR,ORF,47,8,0.1702,457.0526,48.1538,3.359,-3.6923
EWR,PBI,190,32,0.1684,1647.9642,138.7628,8.7152,1.1731
EWR,PDX,34,3,0.0882,3915.5242,310.8065,4.3548,-23.8065
EWR,PHX,227,52,0.2291,3432.7222,275.5029,6.9314,-13.4971
EWR,PIT,254,68,0.2677,513.3795,58.3333,6.7957,5.5054
EWR,PVD,93,23,0.2473,257.4944,32.1429,5.6429,-0.7
EWR,PWM,5,0,0.0,457.0526,44.8,-6.4,-10.8
EWR,RDU,257,68,0.2646,669.4854,65.9577,4.4603,-8.4815
EWR,RIC,36,13,0.3611,447.3965,51.087,-3.2609,-9.9565
EWR,RSW,108,41,0.3796,1718.7751,152.1667,7.7164,0.9848
EWR,SAN,92,25,0.2717,3902.6495,310.4242,1.6418,-11.7576
EWR,SAT,24,3,0.125,2525.0545,208.1905,16.4762,1.9524
EWR,SAV,1,0,0.0,1139.4127,102.0,-2.0,4.0
EWR,SEA,127,30,0.2362,3864.0253,312.0417,12.9485,-5.6354
EWR,SFO,294,67,0.2279,4127.9571,324.2556,12.1013,-5.6726
EWR,SJC,37,3,0.0811,4100.5983,324.9412,15.2647,-18.1765
EWR,SJU,159,20,0.1258,2587.8187,205.3165,10.7122,2.6187
EWR,SLC,72,11,0.1528,3167.1811,255.9661,14.1967,-8.2712
EWR,SNA,82,24,0.2927,3915.5242,311.7895,10.2931,-4.1404
EWR,SRQ,26,8,0.3077,1664.0576,142.3529,-3.7222,-23.8824
EWR,STL,203,34,0.1675,1403.3445,125.509,3.2781,-7.479
EWR,STT,12,1,0.0833,2629.6616,210.3636,2.0,2.6364
EWR,TPA,132,34,0.2576,1606.1213,135.5204,10.5816,2.9796
EYW,MIA,202,39,0.1931,202.7768,34.7669,0.4785,-3.0307
FAI,ANC,318,41,0.1289,420.0377,43.1805,6.8628,4.7581
FAI,BRW,73,20,0.274,809.498,77.6604,8.6415,10.434
FAI,SCC,12,2,0.1667,600.2838,56.3,8.1,3.8
FAI,SEA,78,9,0.1154,2467.1182,193.0,10.4638,12.5217
FAR,MSP,158,28,0.1772,358.8828,40.4574,0.5923,-3.6667
FAT,DFW,30,4,0.1333,2113.0634,162.7308,3.5769,-0.6154
FAT,LAX,303,76,0.2508,336.3521,55.5463,5.5066,5.0617
FAY,CLT,28,7,0.25,189.9021,34.619,0.7143,8.619
FCA,GTF,30,4,0.1333,234.9636,26.0769,-0.5,-2.2308
FCA,MSP,30,6,0.2,1651.1828,137.375,2.4167,1.9583
FCA,SLC,90,9,0.1,856.1689,71.9383,0.3951,-2.8889
FLL,ATL,300,29,0.0967,935.0265,82.4982,5.6716,-3.8708
FLL,BDL,89,11,0.1236,1887.7558,154.5974,1.8974,-6.4156
FLL,BNA,30,3,0.1,1276.2066,110.1852,6.0741,-1.3704
FLL,BOS,213,56,0.2629,1990.7536,168.4013,6.242,-2.6879
FLL,BWI,183,26,0.1421,1488.6395,127.6667,4.0573,-1.4359
FLL,CLE,55,7,0.1273,1709.1191,148.6042,-3.8125,-7.3958
FLL,CLT,181,36,0.1989,1015.4935,94.8345,5.0552,2.5862
FLL,CVG,89,11,0.1236,1499.9049,124.3077,1.2692,-8.7821
FLL,DCA,111,71,0.6396,1446.7967,126.5,-0.625,-2.025
FLL,DFW,211,29,0.1374,1800.8515,151.8278,10.1813,5.0056
FLL,DTW,60,10,0.1667,1813.7262,150.8,-2.76,-4.66
FLL,EWR,271,58,0.214,1713.9471,145.3029,7.3005,2.0288
FLL,IAD,55,18,0.3273,1450.0153,126.2222,2.1351,-4.75
FLL,IAH,120,25,0.2083,1553.0131,134.9348,0.7263,-0.5
FLL,IND,19,8,0.4211,1617.3867,139.2727,12.8182,23.1818
FLL,ISP,96,11,0.1146,1759.0086,145.9405,16.8706,6.2619
FLL,JAX,192,24,0.125,511.7701,51.0833,3.6488,1.8869
FLL,JFK,120,17,0.1417,1720.3845,141.5545,10.5922,3.0594
FLL,LAS,30,4,0.1333,3498.7052,280.44,14.9231,7.88
FLL,LAX,30,2,0.0667,3769.0743,296.4444,40.5357,31.5185
FLL,LGA,304,83,0.273,1731.6498,149.4429,16.7873,6.7397
FLL,MCO,223,26,0.1166,286.4625,35.5939,5.3046,1.8832
FLL,MDW,60,6,0.1,1876.4904,155.0943,0.2222,-10.8302
FLL,MEM,30,5,0.1667,1369.5483,119.44,-4.44,-11.68
FLL,MSY,30,3,0.1,1083.0858,100.6296,0.7037,-7.5926
FLL,ORD,197,66,0.335,1902.2399,158.5769,5.9008,3.8385
FLL,PHL,157,24,0.1529,1596.4653,139.5789,1.9624,4.0602
FLL,PHX,30,3,0.1,3173.6185,261.8889,5.2963,-2.6667
FLL,PIT,130,16,0.1231,1599.684,134.4956,3.8596,-0.1504
FLL,PVD,30,3,0.1,1911.8959,152.8519,11.1852,6.8519
FLL,SJU,64,13,0.2031,1683.3696,129.4082,21.2157,21.7959
FLL,STL,93,8,0.086,1699.463,146.1786,6.5882,-0.5357
FLL,TPA,328,42,0.128,317.04,37.5699,4.3077,1.5315
FNT,DTW,100,27,0.27,90.123,17.3836,2.5068,-2.7945
FSD,MSP,154,34,0.2208,317.04,38.8417,3.9083,3.4083
FSD,STL,88,8,0.0909,757.9991,69.0125,2.8375,1.2375
FSM,DFW,248,55,0.2218,366.9295,51.6114,-1.7358,-5.9119
FWA,DFW,53,7,0.1321,1382.4231,120.4348,1.413,-11.3043
FWA,DTW,5,0,0.0,205.9955,40.8,-4.4,4.6
FWA,ORD,119,17,0.1429,252.6664,33.2079,2.9902,-2.0297
GEG,BOI,84,11,0.131,461.8806,43.0822,4.2603,1.6849
GEG,DEN,92,22,0.2391,1345.4082,105.7536,1.2571,-7.6522
GEG,MSP,80,16,0.2,1890.9745,146.3594,-2.1562,-5.7188
GEG,OAK,30,3,0.1,1163.5528,106.6667,2.3704,-0.7407
GEG,ORD,34,9,0.2647,2410.7913,181.92,-3.6,-2.12
GEG,PDX,116,13,0.1121,449.0059,45.8738,2.0097,-2.8738
GEG,PHX,59,6,0.1017,1641.5268,138.5283,1.1887,1.2642
GEG,SEA,372,83,0.2231,360.4922,42.6285,3.9412,1.0799
GEG,SLC,120,12,0.1,878.6996,73.2407,4.1296,0.0
GFK,MSP,30,2,0.0667,457.0526,46.4286,73.8571,71.4286
GGG,DFW,148,30,0.2027,225.3076,37.9153,-2.0,-6.9322
GPT,MEM,80,17,0.2125,521.4262,55.9683,1.3333,0.0794
GRB,DTW,110,30,0.2727,463.4899,51.2375,-0.2375,-2.7125
GRB,MSP,60,7,0.1167,405.5537,48.3962,3.6604,-1.7736
GRB,ORD,150,21,0.14,280.0252,36.2734,4.2171,-5.1641
GRR,DFW,89,8,0.0899,1498.2955,129.4074,4.679,-6.0
GRR,DTW,237,50,0.211,193.1208,30.5561,4.2406,1.369
GRR,MEM,1,0,0.0,951.1199,83.0,-4.0,-18.0
GRR,MSP,144,20,0.1389,656.6107,67.6452,1.9194,-2.6855
GRR,ORD,426,113,0.2653,220.4796,30.7827,3.9585,-2.9361
GRR,PIT,60,15,0.25,513.3795,51.4222,-1.4889,-1.3333
GSO,ATL,247,50,0.2024,492.458,53.5736,6.1827,-0.7665
GSO,CLT,231,63,0.2727,133.5752,23.9583,3.3452,2.3869
GSO,CVG,28,5,0.1786,531.0822,57.7391,-2.913,-13.4783
GSO,DFW,60,7,0.1167,1607.7307,144.9245,5.1509,3.6415
GSO,DTW,96,19,0.1979,740.2964,75.2632,-2.0909,-8.4474
GSO,EWR,67,18,0.2687,717.7656,71.7755,6.7551,3.8163
GSO,IAH,54,7,0.1296,1586.8092,137.8511,5.2553,-1.7447
GSO,LGA,134,62,0.4627,741.9057,71.831,9.3056,3.3099
GSO,MEM,21,9,0.4286,917.3238,90.6667,1.0833,-1.75
GSO,ORD,169,46,0.2722,949.5106,90.6942,6.9675,2.0413
GSO,PHL,119,24,0.2017,587.4091,64.9474,1.7579,-1.6421
GSO,PIT,54,9,0.1667,489.2394,53.8889,1.4889,-2.8667
GSO,RDU,1,0,0.0,107.8258,20.0,-46.0,-44.0
GSP,ATL,150,32,0.2133,246.229,32.8898,1.0339,-5.7797
GSP,CLT,143,46,0.3217,120.7005,23.8454,0.4021,2.8763
GSP,DFW,90,10,0.1111,1387.2511,128.425,8.3,2.2875
GSP,DTW,77,18,0.2338,817.5447,81.6034,0.5085,-4.2414
GSP,ORD,119,19,0.1597,928.5892,89.3265,8.05,-2.9898
GSP,PHL,30,12,0.4,827.2008,83.0556,-0.2222,-0.9444
GST,JNU,8,0,0.0,65.9829,13.25,-1.125,-3.25
GTF,FCA,30,6,0.2,234.9636,28.7917,-9.8333,-13.8333
GTF,HLN,30,4,0.1333,107.8258,15.5385,-3.6538,-7.4615
GTF,MSP,60,8,0.1333,1427.4846,118.8846,-0.9808,-2.2115
GTF,SLC,60,5,0.0833,745.1244,64.5455,-1.8909,-6.5818
HLN,FCA,30,3,0.1,255.8851,29.9259,0.6296,-2.5556
HLN,SLC,60,6,0.1,646.9547,58.5741,-5.7407,-10.0185
HNL,DFW,60,6,0.1,6089.7426,409.0185,4.6667,-1.9444
HNL,EWR,30,3,0.1,7985.5451,525.4615,-1.3704,0.3846
HNL,IAH,30,3,0.1,6282.8634,411.3333,2.3333,-5.2593
HNL,ITO,339,31,0.0914,347.6174,37.5974,-0.0097,-0.0487
HNL,KOA,490,55,0.1122,262.3224,29.1885,5.4851,5.6184
HNL,LAX,328,41,0.125,4113.473,280.439,6.3031,-4.2962
HNL,LIH,599,63,0.1052,164.1527,22.4328,0.8265,1.1418
HNL,MSP,30,3,0.1,6392.2985,425.5769,17.5926,-10.3077
HNL,OAK,30,2,0.0667,3876.9001,277.5714,19.3571,15.6786
HNL,OGG,715,73,0.1021,160.934,23.1931,0.7305,1.6449
HNL,ORD,30,3,0.1,6828.4296,465.5556,20.7037,19.9259
HNL,SEA,30,3,0.1,4308.2032,300.3704,6.0741,-0.2222
HNL,SFO,174,25,0.1437,3859.1973,266.557,4.1074,-2.5235
HNL,SJC,29,2,0.069,3888.1654,282.0741,30.5185,26.8148
HNL,SLC,30,3,0.1,4818.364,328.3704,-1.963,-25.8889
HNL,SNA,30,3,0.1,4156.9252,294.2963,9.5185,12.4815
HNL,STL,35,2,0.0571,6644.9649,449.1212,18.8182,13.3636
HOU,ABQ,60,7,0.1167,1221.4891,107.0566,3.1321,-1.0377
HOU,ATL,144,18,0.125,1120.1006,95.4921,5.4286,4.619
HOU,AUS,360,57,0.1583,238.1823,28.8218,9.099,6.6898
HOU,BHM,70,7,0.1,917.3238,78.6825,6.6349,1.619
HOU,BNA,190,21,0.1105,1078.2578,90.3491,7.284,2.4142
HOU,BWI,60,6,0.1,2005.2376,161.4906,7.3889,-0.6226
HOU,CRP,212,31,0.1462,300.9466,33.011,7.3536,6.5967
HOU,DAL,956,156,0.1632,384.6323,41.9975,7.8012,5.8118
HOU,DFW,372,89,0.2392,397.507,54.6855,8.7491,5.3781
HOU,ELP,87,9,0.1034,1089.5232,92.3974,10.1154,6.8718
HOU,EWR,43,29,0.6744,2270.7787,193.3077,-1.9286,-2.3846
HOU,HRL,248,34,0.1371,444.1778,42.1449,8.0701,6.0841
HOU,JAN,119,12,0.1008,577.7531,57.4206,6.9065,4.4019
HOU,LAS,115,13,0.113,1987.5349,167.3039,3.2353,-0.3333
HOU,LAX,54,10,0.1852,2236.9826,183.907,3.4773,-11.4186
HOU,LGA,71,18,0.2535,2298.1375,184.451,16.9245,5.7647
HOU,LIT,30,4,0.1333,632.4706,57.6923,3.8462,2.8077
HOU,MAF,58,11,0.1897,709.7189,64.9362,5.2979,5.234
HOU,MCI,32,3,0.0938,1071.8204,96.3448,8.9655,4.4138
HOU,MCO,19,2,0.1053,1364.7203,114.5294,9.3529,7.2941
HOU,MDW,60,6,0.1,1507.9516,124.9038,8.7222,3.1154
HOU,MSY,587,72,0.1227,487.63,46.5146,6.9728,3.8524
HOU,OKC,105,12,0.1143,674.3135,61.4022,6.4409,2.163
HOU,PHX,149,16,0.1074,1641.5268,141.0303,7.9549,2.2803
HOU,SAT,324,41,0.1265,308.9933,35.576,5.4064,3.4735
HOU,STL,248,32,0.129,1105.6166,97.9437,9.1574,2.0892
HOU,TPA,3,0,0.0,1256.8945,109.6667,15.3333,12.6667
HOU,TUL,132,18,0.1364,729.031,68.114,7.3684,6.7193
HPN,BOS,209,100,0.4785,267.1504,44.2385,1.7615,-2.9541
HPN,DTW,74,20,0.2703,812.7167,79.2407,0.8148,2.2222
HPN,ORD,325,93,0.2862,1187.6929,109.5022,9.6509,5.2597
HPN,PIT,54,22,0.4074,555.2223,60.6562,6.8438,3.125
HRL,AUS,30,3,0.1,439.3498,46.4231,1.8519,-2.7308
HRL,DAL,2,0,0.0,737.0777,84.5,0.0,7.5
HRL,DFW,89,22,0.2472,741.9057,94.8333,4.3134,-3.6515
HRL,HOU,248,33,0.1331,444.1778,46.8651,6.2558,3.9907
HRL,SAT,60,7,0.1167,374.9762,39.6415,3.2264,0.434
HSV,ATL,171,31,0.1813,243.0103,30.2714,1.3857,-4.4857
HSV,CLT,59,20,0.339,535.9102,59.5897,-1.2821,-0.7436
HSV,DFW,117,34,0.2906,970.432,95.1687,0.9759,-0.253
HSV,MLU,30,3,0.1,542.3476,49.0,9.4074,1.3704
HSV,ORD,84,13,0.1548,820.7634,83.1571,1.7887,-7.6
IAD,ATL,444,82,0.1847,857.7782,79.5718,7.3867,0.9917
IAD,AUS,30,8,0.2667,2087.314,175.3182,8.4091,2.0
IAD,BDL,63,18,0.2857,524.6448,55.2889,5.3778,5.3778
IAD,BOS,288,92,0.3194,664.6574,66.6122,10.3929,5.051
IAD,CLT,148,26,0.1757,516.5981,51.9836,1.6721,-1.9836
IAD,DEN,276,76,0.2754,2336.7617,189.9648,8.94,-0.794
IAD,DFW,318,76,0.239,1886.1465,156.1333,22.8471,14.0167
IAD,DTW,123,27,0.2195,616.3772,65.7083,3.6146,-3.3125
IAD,EWR,42,9,0.2143,342.7894,47.6364,11.303,24.4242
IAD,FLL,57,16,0.2807,1450.0153,132.775,10.4878,4.95
IAD,IAH,96,16,0.1667,1915.1146,164.6329,7.95,3.9241
IAD,LAS,56,17,0.3036,3324.8964,260.4615,9.3846,0.1795
IAD,LAX,350,89,0.2543,3682.1699,285.1077,13.0728,2.35
IAD,LGA,205,42,0.2049,368.5389,44.5,10.3067,4.2654
IAD,MCO,355,84,0.2366,1219.8797,108.9519,3.0996,0.9
IAD,MEM,2,0,0.0,1194.1303,93.0,-4.0,-29.5
IAD,MIA,133,17,0.1278,1482.2021,130.7217,16.7155,14.9217
IAD,MSP,113,21,0.1858,1461.2807,130.6264,13.913,5.7143
IAD,MSY,59,11,0.1864,1535.3104,126.5833,27.5208,20.3125
IAD,ORD,401,79,0.197,947.9013,89.1153,14.9876,8.1745
IAD,PDX,34,3,0.0882,3744.9342,292.0,11.0323,-10.1613
IAD,PHL,38,5,0.1316,215.6516,35.2121,7.7879,3.5455
IAD,PHX,30,3,0.1,3147.869,252.3704,14.3704,5.4444
IAD,PIT,30,5,0.1667,294.5092,34.92,-4.28,-6.4
IAD,ROC,30,8,0.2667,465.0993,47.7273,12.7273,8.3182
IAD,SAN,81,24,0.2963,3625.843,282.2679,14.4561,1.6607
IAD,SEA,110,33,0.3,3711.138,296.5325,15.4026,3.6883
IAD,SFO,277,73,0.2635,3892.9935,301.3892,9.2745,-1.5025
IAD,SJC,53,18,0.3396,3862.416,306.6765,8.1429,-0.2059
IAD,SJU,38,3,0.0789,2528.2731,203.6286,12.7143,10.4857
IAD,SLC,87,10,0.1149,2940.2642,238.7763,3.7273,-17.8553
IAD,SMF,30,7,0.2333,3794.8237,298.3478,5.9565,-0.7391
IAD,STL,137,10,0.073,1120.1006,101.127,3.1417,-8.5238
IAD,TPA,146,41,0.2808,1303.5654,110.3942,11.581,10.2981
IAH,ABQ,142,23,0.162,1197.349,100.2605,6.2857,8.2521
IAH,ANC,5,0,0.0,5256.1044,399.2,22.8,26.6
IAH,ATL,403,80,0.1985,1108.8353,93.7547,8.0588,6.7981
IAH,AUS,286,60,0.2098,225.3076,27.6018,4.5841,5.177
IAH,BDL,18,8,0.4444,2425.2754,190.8,10.7,7.3
IAH,BHM,54,8,0.1481,904.4491,75.587,2.087,0.3696
IAH,BNA,74,11,0.1486,1057.3364,86.4921,2.5397,1.8413
IAH,BOS,134,30,0.2239,2570.116,200.7596,7.6058,5.5096
IAH,BRO,24,6,0.25,495.6767,47.9444,8.6111,8.1111
IAH,BTR,25,3,0.12,407.163,40.9545,-1.5909,-3.4091
IAH,BWI,160,25,0.1562,1987.5349,155.0296,6.7333,8.7259
IAH,CLE,218,28,0.1284,1755.7899,137.4709,1.0789,-2.582
IAH,CLT,171,27,0.1579,1469.3274,120.9161,6.2639,7.8811
IAH,CMH,83,13,0.1566,1586.8092,128.0714,1.5571,0.8
IAH,COS,60,8,0.1333,1301.9561,110.5,1.6154,3.2692
IAH,CRP,31,4,0.129,323.4773,33.8519,1.5926,-4.5926
IAH,DAL,183,30,0.1639,349.2268,38.6556,5.183,3.3179
IAH,DCA,173,103,0.5954,1944.0827,152.7857,7.0286,7.0857
IAH,DEN,385,76,0.1974,1385.6417,117.4142,6.3107,7.2006
IAH,DFW,593,135,0.2277,360.4922,42.3326,8.7991,7.6105
IAH,DTW,283,51,0.1802,1731.6498,137.4826,4.6897,2.2739
IAH,ELP,106,20,0.1887,1073.4298,89.0698,1.3256,6.2442
IAH,EWR,296,41,0.1385,2253.076,176.5936,12.8941,6.4821
IAH,FLL,120,26,0.2167,1553.0131,124.0638,7.1277,3.9362
IAH,GSO,50,6,0.12,1586.8092,127.9545,2.0455,0.9545
IAH,HNL,30,3,0.1,6282.8634,453.5556,2.3333,18.9259
IAH,IAD,100,19,0.19,1915.1146,153.0741,4.8272,2.4815
IAH,IND,88,13,0.1477,1359.8923,107.7067,6.0533,0.8267
IAH,JAX,83,14,0.1687,1314.8308,103.8841,8.2754,6.5072
IAH,JFK,41,20,0.4878,2280.4348,187.6667,7.9524,13.2857
IAH,LAS,218,31,0.1422,1966.6135,158.2,6.6791,6.9081
IAH,LAX,326,63,0.1933,2219.2799,177.0076,8.7605,6.6679
IAH,LGA,235,53,0.2255,2278.8254,180.5746,9.5275,9.8895
IAH,MCI,109,17,0.156,1034.8056,90.4945,5.0109,3.044
IAH,MCO,177,33,0.1864,1372.767,111.0278,5.0069,1.6667
IAH,MEM,108,24,0.2222,754.7805,66.3929,3.2857,1.4524
IAH,MFE,166,34,0.2048,508.5514,49.3333,5.8712,7.1742
IAH,MIA,252,44,0.1746,1551.4038,123.7053,6.4712,5.8068
IAH,MKE,25,3,0.12,1583.5906,124.9091,2.5455,5.5
IAH,MSP,271,51,0.1882,1664.0576,139.8761,2.8364,1.0734
IAH,MSY,342,71,0.2076,490.8487,44.5646,5.5092,6.9373
IAH,OAK,81,14,0.1728,2620.0055,212.0448,-0.0896,-2.1045
IAH,OKC,123,23,0.187,635.6893,57.95,4.78,4.34
IAH,OMA,30,3,0.1,1256.8945,105.5185,-0.4444,-2.4444
IAH,ONT,54,9,0.1667,2146.8596,167.3333,7.4667,9.1111
IAH,ORD,536,117,0.2183,1488.6395,125.1739,8.506,9.4034
IAH,ORF,46,11,0.2391,1932.8173,149.0857,4.5143,4.1714
IAH,PBI,54,8,0.1481,1538.529,123.4889,5.7826,3.7111
IAH,PDX,78,19,0.2436,2937.0455,233.7288,7.0678,-0.3559
IAH,PHL,232,42,0.181,2130.7662,173.5947,3.9474,2.7737
IAH,PHX,311,42,0.135,1623.8241,137.1716,6.3792,5.3396
IAH,PIT,191,39,0.2042,1797.6328,146.0133,3.3092,3.4333
IAH,PNS,55,9,0.1636,786.9673,68.413,-1.1522,1.7174
IAH,PVD,5,0,0.0,2508.9611,190.0,8.8,6.6
IAH,RDU,97,21,0.2165,1678.5416,133.4,5.3947,5.1867
IAH,RIC,17,10,0.5882,1862.0064,148.5714,3.7143,0.5714
IAH,RNO,30,3,0.1,2462.2902,195.6296,0.5185,0.5926
IAH,RSW,31,4,0.129,1385.6417,114.7778,7.5185,9.6296
IAH,SAN,142,23,0.162,2096.97,165.1513,5.8571,5.5714
IAH,SAT,294,59,0.2007,307.3839,35.0043,5.9319,6.8894
IAH,SDF,34,4,0.1176,1268.1599,104.8667,2.2667,4.6333
IAH,SEA,150,24,0.16,3015.9032,243.8571,6.9921,3.7619
IAH,SFO,225,38,0.1689,2631.2709,214.2757,12.4385,10.5568
IAH,SJC,109,18,0.1651,2587.8187,212.1319,2.3846,5.4835
IAH,SJU,31,4,0.129,3229.9454,239.9259,7.1111,7.8889
IAH,SLC,123,16,0.1301,1923.1613,160.3585,5.5514,2.7075
IAH,SMF,53,8,0.1509,2589.4281,210.0222,3.4444,0.7556
IAH,SNA,129,26,0.2016,2167.781,175.7087,0.8932,1.0485
IAH,STL,122,14,0.1148,1075.0391,94.4019,9.6667,8.5701
IAH,TPA,162,26,0.1605,1266.5506,102.5852,5.0074,2.5704
IAH,TUL,118,24,0.2034,690.4069,62.8298,6.2979,3.9149
IAH,TUS,60,9,0.15,1506.3422,121.0392,12.1373,12.1765
ICT,DEN,87,20,0.2299,674.3135,63.0746,-0.7313,-3.5224
ICT,DFW,221,58,0.2624,527.8635,66.6687,4.6687,2.8773
ICT,MEM,20,8,0.4,729.031,64.5,-6.0,-7.5
ICT,ORD,88,24,0.2727,946.2919,83.6094,9.0938,14.2969
ICT,PHX,55,4,0.0727,1400.1258,124.1961,1.8039,-2.1176
ICT,STL,171,21,0.1228,630.8613,60.2416,0.6133,0.953
ILE,DFW,281,74,0.2633,209.2142,38.8883,-0.0097,-2.199
ILM,CLT,180,37,0.2056,297.7279,38.3846,-2.3217,-1.4126
IND,ATL,172,27,0.157,695.2349,67.2897,2.4414,3.4276
IND,BWI,87,10,0.1149,828.8101,75.7532,3.7922,-0.3117
IND,CLT,160,25,0.1562,688.7975,69.5481,1.7037,0.5481
IND,CVG,58,9,0.1552,157.7153,24.5102,3.7959,2.5306
IND,DCA,63,43,0.6825,803.0607,73.85,-3.7,-5.2
IND,DEN,117,32,0.2735,1572.3252,134.3294,9.6706,4.4706
IND,DFW,141,34,0.2411,1226.3171,109.1792,7.6168,5.5755
IND,DTW,233,44,0.1888,371.7575,44.2713,8.4762,5.883
IND,EWR,73,12,0.1644,1036.415,95.4667,14.918,12.35
IND,FLL,19,8,0.4211,1617.3867,138.7273,-5.0,9.4545
IND,IAH,88,14,0.1591,1359.8923,119.7297,10.2162,9.5676
IND,JAX,30,3,0.1,1107.2259,93.7037,23.7407,20.9259
IND,LAS,34,3,0.0882,2560.4599,209.1,4.4516,-8.8
IND,LAX,30,4,0.1333,2919.3428,237.1923,7.8846,-5.9231
IND,LGA,11,2,0.1818,1060.5551,104.6667,5.8889,10.0
IND,MCI,30,3,0.1,725.8123,67.2963,0.6296,-3.3704
IND,MCO,111,17,0.1532,1332.5335,112.8936,1.5106,-2.734
IND,MDW,142,17,0.1197,260.7131,33.6,8.912,8.864
IND,MEM,105,20,0.1905,613.1585,60.1412,1.6235,0.8471
IND,MSP,160,26,0.1625,809.498,82.609,6.7015,3.2256
IND,MSY,30,4,0.1333,1139.4127,97.2308,8.4231,1.1154
IND,ORD,514,129,0.251,284.8532,39.5117,7.7013,3.2805
IND,PHL,135,38,0.2815,944.6826,87.268,3.1134,4.7732
IND,PHX,90,7,0.0778,2396.3073,196.9634,1.3855,-2.2195
IND,PIT,172,47,0.2733,523.0355,52.7742,1.568,1.1613
IND,RSW,18,9,0.5,1522.4356,129.3333,12.3333,20.8889
IND,STL,308,34,0.1104,368.5389,42.1172,3.4051,-0.1978
IND,TPA,30,3,0.1,1348.6269,111.7778,12.5185,8.1111
ISP,BNA,70,8,0.1143,1292.3,126.0484,8.3871,6.7742
ISP,BOS,284,127,0.4472,246.229,38.7261,1.828,-6.9427
ISP,BWI,236,26,0.1102,354.0548,51.9286,5.1905,1.2048
ISP,FLL,95,10,0.1053,1759.0086,160.9524,8.0235,1.4286
ISP,JAX,30,5,0.1667,1382.4231,124.64,3.88,-2.36
ISP,MCO,90,11,0.1222,1564.2785,139.2911,-0.6709,-6.1772
ISP,MDW,87,9,0.1034,1231.1451,114.3289,11.8205,-1.5921
ISP,PBI,19,2,0.1053,1693.0257,156.2353,5.1765,-7.8235
ISP,PVD,106,13,0.1226,173.8087,26.4516,3.086,-0.2473
ISP,TPA,60,7,0.1167,1664.0576,150.7308,5.6604,-5.4615
ITH,ELM,13,0,0.0,51.4989,11.7692,-5.0,-1.0769
ITH,PIT,16,0,0.0,384.6323,43.8125,-5.75,-10.6875
ITO,HNL,316,30,0.0949,347.6174,37.2168,-2.4336,-1.8322
ITO,KOA,23,3,0.1304,102.9978,17.6,-1.85,-3.0
ITO,OGG,46,7,0.1522,194.7301,26.1538,-4.3333,-4.359
JAC,DEN,48,21,0.4375,653.392,59.9259,3.9259,-0.5185
JAC,DFW,32,3,0.0938,1683.3696,129.0345,18.069,19.3448
JAC,ORD,1,0,0.0,1870.0531,141.0,-1.0,13.0
JAN,ATL,147,22,0.1497,548.7849,52.976,5.68,0.176
JAN,BHM,30,3,0.1,339.5707,35.2222,7.2222,4.3333
JAN,BWI,60,7,0.1167,1429.0939,119.4717,4.3396,-0.0755
JAN,DFW,141,29,0.2057,656.6107,84.9286,2.1875,-5.1071
JAN,HOU,119,14,0.1176,577.7531,60.1714,2.8095,3.019
JAN,MCO,30,3,0.1,944.6826,85.3704,9.6296,4.963
JAN,MDW,60,7,0.1167,1071.8204,96.3208,8.0755,2.7358
JAN,MEM,46,13,0.2826,304.1653,35.2424,-2.697,-9.8788
JAN,MLU,28,4,0.1429,186.6834,23.0417,10.0417,7.625
JAN,PNS,29,4,0.1379,341.1801,33.68,14.56,14.96
JAX,ATL,296,40,0.1351,434.5218,46.0781,4.8008,0.4766
JAX,BHM,30,3,0.1,587.4091,55.2222,4.4444,0.7407
JAX,BNA,89,9,0.1011,778.9206,70.575,7.1,2.6375
JAX,BWI,148,27,0.1824,1066.9924,90.0992,5.8678,1.4793
JAX,CLT,157,33,0.2102,529.4729,55.5403,5.7016,4.2258
JAX,CVG,59,8,0.1356,988.1348,86.098,3.7059,-4.8627
JAX,DCA,54,32,0.5926,1020.3216,89.4762,0.0,0.5714
JAX,DFW,179,31,0.1732,1478.9835,130.8435,4.2162,0.517
JAX,DTW,89,9,0.1011,1310.0028,115.3671,-0.025,-6.8101
JAX,EWR,82,14,0.1707,1321.2681,111.209,18.2353,12.9254
JAX,FLL,192,25,0.1302,511.7701,54.6168,5.3413,2.024
JAX,IAH,83,15,0.1807,1314.8308,116.2727,-0.8088,-2.7727
JAX,IND,30,3,0.1,1107.2259,97.8889,12.4815,7.5556
JAX,ISP,30,3,0.1,1382.4231,111.037,7.8148,-0.8889
JAX,LGA,89,26,0.2921,1342.1896,114.3226,9.0794,-2.3065
JAX,MEM,50,13,0.26,926.9798,84.1667,6.4595,0.2778
JAX,MIA,175,37,0.2114,537.5196,88.6087,3.0072,-0.1377
JAX,MSY,30,5,0.1667,825.5914,74.72,0.56,-3.56
JAX,PHL,89,11,0.1236,1194.1303,104.2949,7.9744,4.641
JAX,STL,87,8,0.092,1211.833,109.481,6.8734,6.9114
JAX,TPA,79,12,0.1519,289.6812,34.5224,10.0299,5.8955
JFK,ALB,120,30,0.25,233.3543,38.5778,10.9889,2.8889
JFK,ATL,90,15,0.1667,1223.0984,104.04,22.96,11.64
JFK,BDL,120,25,0.2083,170.59,28.2842,9.2737,3.8842
JFK,BOS,378,84,0.2222,300.9466,45.017,14.2891,4.932
JFK,BUF,102,29,0.2843,484.4113,77.2466,14.4658,8.1644
JFK,BWI,180,28,0.1556,296.1186,50.0197,11.3092,3.9605
JFK,CLE,90,14,0.1556,683.9695,93.3467,11.7368,1.2133
JFK,CVG,60,11,0.1833,947.9013,89.3878,24.6122,25.1837
JFK,DCA,311,189,0.6077,342.7894,51.6949,8.8197,-0.2881
JFK,DFW,60,10,0.1667,2238.5919,183.9592,24.04,15.4898
JFK,DTW,78,19,0.2436,817.5447,85.1525,34.7288,27.678
JFK,FLL,120,17,0.1417,1720.3845,152.8137,16.5437,6.0686
JFK,IAH,42,21,0.5,2280.4348,191.1905,5.6667,10.1429
JFK,LAS,188,53,0.2819,3617.7963,285.3158,12.8667,-4.6842
JFK,LAX,634,180,0.2839,3983.1165,308.294,14.8833,3.3163
JFK,MCO,210,33,0.1571,1519.217,134.6761,2.3333,-6.7955
JFK,MIA,213,45,0.2113,1754.1806,147.6786,22.6905,12.4821
JFK,MSP,60,9,0.15,1654.4015,150.8571,11.7255,-1.898
JFK,MSY,58,16,0.2759,1902.2399,159.2381,10.5952,0.9524
JFK,ORD,5,2,0.4,1190.9116,112.0,13.6667,-8.3333
JFK,ORH,30,18,0.6,241.401,35.8333,6.5833,1.5
JFK,PDX,30,5,0.1667,3949.3204,310.44,12.64,-5.92
JFK,PHX,113,26,0.2301,3464.909,276.6163,11.1264,-4.3605
JFK,PIT,93,31,0.3333,547.1756,92.4516,14.9516,6.629
JFK,PVD,150,34,0.2267,231.745,36.5565,8.181,3.4087
JFK,RDU,154,26,0.1688,685.5788,103.7344,11.375,5.0469
JFK,ROC,98,19,0.1939,424.8658,68.1772,9.9873,-1.7848
JFK,SAN,90,23,0.2556,3936.4456,306.7727,17.3731,7.6364
JFK,SEA,94,24,0.2553,3896.2121,315.3824,27.8286,12.6324
JFK,SFO,489,139,0.2843,4161.7532,324.4409,14.1286,-0.1556
JFK,SJC,72,10,0.1389,4134.3945,327.3167,13.9677,7.7167
JFK,SJU,220,31,0.1409,2570.116,202.0529,20.9418,14.0794
JFK,SLC,90,16,0.1778,3200.9773,255.6575,11.5541,-9.589
JFK,STL,124,15,0.121,1435.5313,125.9074,8.5596,0.5093
JFK,STT,17,6,0.3529,2611.9588,205.0909,7.0,4.9091
JFK,SYR,90,25,0.2778,336.3521,55.0462,12.2154,3.7692
JFK,TPA,60,10,0.1667,1617.3867,144.36,6.76,-2.32
JNU,ANC,98,10,0.102,918.9331,82.9318,5.5909,4.2955
JNU,GST,8,0,0.0,65.9829,15.125,2.875,4.875
JNU,KTN,37,3,0.0811,376.5856,39.1875,3.5588,3.875
JNU,PSG,30,4,0.1333,197.9488,28.6364,30.6538,21.5455
JNU,SEA,131,14,0.1069,1462.8901,119.8,14.265,14.287
JNU,SIT,76,6,0.0789,152.8873,24.8143,9.0571,9.1714
JNU,YAK,30,5,0.1667,320.2587,36.52,16.32,19.48
KOA,HNL,458,53,0.1157,262.3224,30.1802,6.5753,7.6049
KOA,ITO,23,4,0.1739,102.9978,21.8421,-2.3158,-0.8947
KOA,LAX,90,8,0.0889,4029.7874,278.3902,5.3537,2.7195
KOA,OAK,17,3,0.1765,3827.0105,277.5,1.2857,-4.4286
KOA,OGG,80,9,0.1125,135.1846,19.9155,-0.4085,0.2394
KOA,SFO,30,3,0.1,3809.3078,263.037,-2.0741,-9.2593
KTN,JNU,38,4,0.1053,376.5856,42.4706,-1.9706,-0.3824
KTN,SEA,127,13,0.1024,1094.3512,92.8684,17.9298,21.5965
KTN,SIT,30,2,0.0667,294.5092,35.5,0.0357,-1.5357
KTN,WRG,30,5,0.1667,131.9659,26.28,7.2,12.72
LAN,DTW,153,30,0.1961,119.0912,25.7805,-0.2764,-1.2276
LAN,MSP,51,12,0.2353,732.2497,73.6154,1.6923,-4.8462
LAS,ABQ,172,19,0.1105,783.7486,64.7647,2.7778,-2.1699
LAS,ALB,30,3,0.1,3600.0936,260.6667,5.7778,-3.9259
LAS,AMA,30,3,0.1,1219.8797,96.1111,1.963,-4.1111
LAS,ATL,259,31,0.1197,2811.517,202.0531,8.6228,6.792
LAS,AUS,89,10,0.1124,1754.1806,134.1538,4.8101,-6.2564
LAS,BDL,8,0,0.0,3698.2633,266.75,9.0,-7.0
LAS,BHM,30,4,0.1333,2603.9121,191.3846,4.5769,-13.3846
LAS,BNA,90,11,0.1222,2555.6319,190.481,2.0633,-6.1899
LAS,BOI,60,6,0.1,836.8568,79.4074,13.537,4.8519
LAS,BOS,84,19,0.2262,3831.8385,278.7846,2.1846,7.4
LAS,BUF,30,3,0.1,3197.7586,234.8889,2.1481,-3.8889
LAS,BUR,350,42,0.12,358.8828,41.3941,4.3701,0.0326
LAS,BWI,120,15,0.125,3389.27,249.0952,9.5238,8.6286
LAS,CLE,141,34,0.2411,2937.0455,216.2617,1.486,-2.4393
LAS,CLT,88,20,0.2273,3083.4954,222.3088,6.0441,4.0147
LAS,CMH,121,12,0.0992,2851.7505,208.7523,9.8073,8.367
LAS,CVG,119,12,0.1008,2700.4725,198.6636,7.8879,8.6168
LAS,DCA,23,14,0.6087,3361.9113,245.2222,3.7778,-1.1111
LAS,DEN,402,102,0.2537,1012.2749,84.9167,5.76,2.29
LAS,DFW,352,55,0.1562,1697.8537,129.7424,10.5185,5.7695
LAS,DTW,201,31,0.1542,2816.345,210.9053,1.9647,2.5325
LAS,ELP,60,6,0.1,939.8546,75.8704,5.6296,-2.2593
LAS,EWR,221,46,0.2081,3584.0002,264.0686,4.7943,8.2971
LAS,FLL,30,4,0.1333,3498.7052,249.3077,21.0,14.3077
LAS,HOU,118,13,0.1102,1987.5349,154.781,4.0476,-5.7524
LAS,IAD,56,17,0.3036,3324.8964,241.2051,5.6667,6.4615
LAS,IAH,218,30,0.1376,1966.6135,151.3883,2.2872,-0.9096
LAS,IND,34,3,0.0882,2560.4599,195.4839,6.9677,3.1935
LAS,JFK,186,51,0.2742,3617.7963,273.1852,11.5481,21.2296
LAS,LAX,1292,212,0.1641,379.8042,42.5227,8.075,2.8434
LAS,LBB,30,3,0.1,1247.2385,96.2963,2.9259,-6.4074
LAS,LIT,30,4,0.1333,2084.0953,153.5385,4.8077,-21.3462
LAS,MAF,30,3,0.1,1281.0346,99.9259,2.9259,-5.3333
LAS,MCI,165,19,0.1152,1834.6476,142.2123,3.0205,-4.6164
LAS,MCO,60,9,0.15,3281.4443,231.5098,14.2157,12.5882
LAS,MDW,90,10,0.1111,2447.8061,185.0,4.025,-0.225
LAS,MEM,30,3,0.1,2278.8254,169.5926,0.7778,0.6667
LAS,MIA,30,2,0.0667,3500.3145,251.5357,10.2143,7.1071
LAS,MKE,13,3,0.2308,2452.6342,179.5,29.6,32.3
LAS,MSP,144,22,0.1528,2092.142,156.4876,2.0984,2.6529
LAS,MSY,30,3,0.1,2415.6193,177.4074,7.5926,-5.037
LAS,OAK,379,44,0.1161,655.0014,65.0866,3.8328,1.5433
LAS,OMA,92,9,0.0978,1768.6647,136.5542,8.8554,2.988
LAS,ONT,285,33,0.1158,317.04,35.4246,4.4246,0.75
LAS,ORD,423,75,0.1773,2438.1501,184.8064,12.9368,12.0202
LAS,PDX,163,37,0.227,1226.3171,108.8016,5.1429,-0.7937
LAS,PHL,140,29,0.2071,3501.9238,257.1982,9.4144,8.9369
LAS,PHX,1041,143,0.1374,411.991,44.5334,9.0802,5.784
LAS,PIT,88,14,0.1591,3073.8394,222.8243,1.4595,1.527
LAS,RDU,5,0,0.0,3262.1322,238.2,6.0,-8.2
LAS,RNO,348,40,0.1149,555.2223,54.4286,5.3474,1.776
LAS,SAN,459,59,0.1285,415.2097,44.4586,7.805,4.5238
LAS,SAT,115,13,0.113,1720.3845,130.6961,3.7353,-7.8431
LAS,SDF,30,4,0.1333,2613.5682,192.76,2.9231,-33.64
LAS,SEA,273,68,0.2491,1393.6884,125.9113,4.5024,0.5172
LAS,SFO,465,107,0.2301,666.2668,64.9438,8.7235,4.2051
LAS,SJC,347,48,0.1383,621.2052,61.1237,9.4181,4.8696
LAS,SLC,384,46,0.1198,592.2371,54.8047,3.7663,-0.4201
LAS,SMF,263,31,0.1179,638.908,62.2586,4.1552,0.3405
LAS,SNA,306,42,0.1373,363.7108,43.2311,6.5341,3.8939
LAS,STL,150,17,0.1133,2208.0145,169.1353,5.6541,5.5865
LAS,TPA,60,6,0.1,3192.9306,229.3889,6.3519,-8.9074
LAS,TUL,30,3,0.1,1731.6498,131.5926,8.4074,-6.4815
LAS,TUS,124,11,0.0887,587.4091,53.0177,3.2743,-0.9823
LAW,DFW,194,30,0.1546,225.3076,35.319,1.6829,-0.3129
LAX,ABQ,166,22,0.1325,1089.5232,87.4375,4.2431,-4.2986
LAX,ANC,38,4,0.1053,3773.9023,301.9706,0.5294,-12.5294
LAX,ATL,327,44,0.1346,3131.7756,221.8728,13.0742,6.1378
LAX,AUS,96,13,0.1354,1998.8003,147.9639,12.5663,1.9277
LAX,BDL,13,3,0.2308,4066.8022,301.2,1.6,0.5
LAX,BFL,176,33,0.1875,175.4181,28.4825,2.0839,-0.6923
LAX,BNA,120,14,0.1167,2891.984,211.3302,13.5472,4.5943
LAX,BOS,282,55,0.195,4201.9867,304.4867,4.0837,2.9558
LAX,BWI,141,37,0.2624,3748.1529,271.0,8.1442,8.625
LAX,CLE,107,21,0.1963,3303.975,243.7674,2.2093,-0.2907
LAX,CLT,133,31,0.2331,3419.8475,247.1373,5.7059,3.2255
LAX,CMH,30,3,0.1,3212.2426,233.5185,3.1852,9.3333
LAX,COS,78,24,0.3077,1340.5802,108.7963,17.5741,11.1111
LAX,CVG,120,10,0.0833,3057.746,220.4273,12.3455,10.5182
LAX,DAL,33,0,0.0,2005.2376,158.0606,-0.303,-6.3939
LAX,DCA,3,0,0.0,3719.1847,265.0,4.3333,-12.3333
LAX,DEN,516,141,0.2733,1387.2511,109.2995,7.456,3.8957
LAX,DFW,596,121,0.203,1987.5349,150.7182,14.3537,7.6716
LAX,DTW,194,39,0.201,3184.8839,236.8839,3.3355,3.3806
LAX,ELP,156,16,0.1026,1149.0688,91.7429,9.3143,-0.5714
LAX,EWR,379,76,0.2005,3949.3204,288.8245,7.4554,7.5397
LAX,FAT,302,73,0.2417,336.3521,49.6638,3.1397,-0.3712
LAX,FLL,30,2,0.0667,3769.0743,266.1071,10.6786,7.9643
LAX,HNL,333,38,0.1141,4113.473,309.2746,10.9288,6.2136
LAX,HOU,54,11,0.2037,2236.9826,168.3488,0.3721,-10.6744
LAX,IAD,358,86,0.2402,3682.1699,262.3493,10.4853,9.75
LAX,IAH,322,69,0.2143,2219.2799,168.6972,2.1779,0.0159
LAX,IND,30,5,0.1667,2919.3428,215.08,1.24,-12.08
LAX,JFK,635,175,0.2756,3983.1165,295.7516,11.2913,18.8475
LAX,KOA,90,8,0.0889,4029.7874,309.0366,13.8902,12.6341
LAX,LAS,1326,221,0.1667,379.8042,42.1249,5.4543,0.5946
LAX,LIH,30,3,0.1,4208.4241,323.9259,19.5185,17.963
LAX,MCI,150,16,0.1067,2193.5304,167.806,4.7015,-4.3209
LAX,MCO,202,39,0.1931,3567.9068,257.8704,5.0491,1.5679
LAX,MEM,109,19,0.1743,2605.5215,189.9326,0.5444,-5.4045
LAX,MFR,30,7,0.2333,1013.8842,84.8261,-0.3913,-9.913
LAX,MIA,193,24,0.1244,3769.0743,265.1006,13.2663,7.1538
LAX,MRY,209,37,0.177,429.6938,64.6395,-0.0988,-2.8663
LAX,MSP,256,41,0.1602,2471.9462,184.4439,4.7163,2.2804
LAX,MSY,83,24,0.2892,2689.2071,193.661,9.0169,-1.7458
LAX,OAK,944,163,0.1727,542.3476,53.959,4.1767,0.4097
LAX,OGG,154,13,0.0844,4000.8192,302.8085,16.461,13.7092
LAX,ORD,850,216,0.2541,2808.2983,209.0475,10.0647,5.6851
LAX,PDX,369,75,0.2033,1342.1896,112.9215,4.6871,-2.4915
LAX,PHL,235,41,0.1745,3864.0253,283.6528,5.366,6.8912
LAX,PHX,1121,210,0.1873,595.4558,57.7245,5.3677,-1.2733
LAX,PIT,144,31,0.2153,3437.5502,248.3097,3.8761,-0.0796
LAX,PSP,325,65,0.2,177.0274,35.1892,2.2808,0.0849
LAX,RNO,275,60,0.2182,627.6426,57.786,9.1581,1.9814
LAX,SAN,1066,321,0.3011,175.4181,33.5745,5.302,3.8792
LAX,SAT,58,6,0.1034,1947.3014,143.6731,1.8654,-5.7692
LAX,SBA,389,96,0.2468,143.2313,23.4778,3.2969,1.6177
LAX,SBP,200,30,0.15,249.4477,39.1257,5.0941,1.9042
LAX,SEA,635,164,0.2583,1535.3104,129.7558,5.6964,2.5499
LAX,SFO,1144,313,0.2736,542.3476,51.8601,5.7401,-2.0338
LAX,SJC,898,183,0.2038,495.6767,47.3119,7.2685,2.1846
LAX,SJU,1,0,0.0,5449.2252,383.0,-4.0,-30.0
LAX,SLC,407,57,0.14,949.5106,81.0516,4.5,-2.8825
LAX,SMF,420,78,0.1857,600.2838,57.693,4.6813,-0.1579
LAX,STL,214,24,0.1121,2563.6786,190.5842,3.7316,1.2895
LAX,TPA,60,6,0.1,3472.9557,245.0926,3.5741,-2.1296
LAX,TUL,30,3,0.1,2064.7832,155.9259,26.037,28.7407
LAX,TUS,265,44,0.166,725.8123,62.1312,4.9412,-1.4932
LBB,ABQ,59,6,0.1017,465.0993,45.6792,3.8491,-1.4151
LBB,AUS,60,6,0.1,548.7849,49.2453,1.6667,-2.1321
LBB,DAL,243,33,0.1358,471.5366,47.5333,6.2762,2.1952
LBB,DFW,268,69,0.2575,453.8339,56.8342,4.9698,1.7588
LBB,ELP,30,3,0.1,474.7553,42.963,6.4815,0.6667
LBB,LAS,30,3,0.1,1247.2385,107.6667,1.963,-2.3704
LEX,ATL,116,16,0.1379,487.63,51.31,1.15,-4.36
LEX,CVG,85,13,0.1529,112.6538,21.9722,-2.0139,-9.4306
LEX,PIT,28,8,0.2857,465.0993,50.35,-1.5,0.4
LFT,DFW,173,23,0.1329,564.8783,83.6242,0.6,-4.5235
LGA,ATL,583,147,0.2521,1224.7077,108.069,5.4748,-16.4368
LGA,BGR,30,5,0.1667,608.3305,54.52,10.04,-15.2
LGA,BNA,84,20,0.2381,1229.5358,108.8125,9.0781,-6.3438
LGA,BOS,861,425,0.4936,297.7279,36.9243,-0.4794,-14.1904
LGA,BUF,158,60,0.3797,469.9273,49.2755,3.4184,-7.3571
LGA,CLE,227,67,0.2952,672.7041,67.9062,8.2438,-11.4438
LGA,CLT,316,85,0.269,875.481,81.8788,2.2641,-9.0649
LGA,CMH,118,20,0.1695,769.2645,74.4184,9.949,-8.8673
LGA,CVG,150,28,0.1867,941.4639,90.2951,4.0082,-10.5
LGA,DAL,35,8,0.2286,2222.4985,188.6154,0.9259,-5.0769
LGA,DCA,786,519,0.6603,344.3988,39.7865,-1.4307,-12.2135
LGA,DEN,204,53,0.2598,2605.5215,210.9067,11.5298,-7.1267
LGA,DFW,472,143,0.303,2235.3733,185.3037,11.5532,2.362
LGA,DTW,374,75,0.2005,806.2793,77.906,12.6656,-4.2047
LGA,FLL,335,85,0.2537,1731.6498,151.516,10.668,-3.76
LGA,GSO,158,71,0.4494,741.9057,70.9195,6.8736,-8.9655
LGA,HOU,72,18,0.25,2298.1375,196.0,10.2222,-2.2264
LGA,IAD,183,36,0.1967,368.5389,47.5411,9.8503,0.6233
LGA,IAH,234,51,0.2179,2278.8254,191.4326,6.2077,-1.7978
LGA,IND,10,2,0.2,1060.5551,98.25,-6.125,-6.375
LGA,JAX,89,28,0.3146,1342.1896,121.3115,6.5902,-7.0164
LGA,MCO,334,74,0.2216,1528.873,132.3541,6.4462,-7.9261
LGA,MEM,120,18,0.15,1549.7944,132.2157,8.3235,-8.0588
LGA,MHT,89,48,0.5393,313.8213,45.9512,4.3415,-13.439
LGA,MIA,262,62,0.2366,1765.446,151.57,15.84,4.475
LGA,MSP,219,46,0.21,1641.5268,140.7778,9.4393,-7.3918
LGA,MSY,29,8,0.2759,1903.8492,165.5238,4.3333,-9.8095
LGA,ORD,918,294,0.3203,1179.6462,107.1736,10.9183,-3.045
LGA,ORF,124,39,0.3145,476.3646,50.8824,3.8471,-5.6235
LGA,PBI,203,49,0.2414,1665.6669,143.3052,12.013,-1.3247
LGA,PHL,30,8,0.2667,154.4966,31.0909,2.4091,-11.7727
LGA,PIT,305,86,0.282,539.1289,57.0183,3.3836,-4.0913
LGA,PVD,174,71,0.408,230.1356,34.2136,6.3981,-6.7961
LGA,PWM,144,47,0.3264,434.5218,43.8542,10.433,-8.1562
LGA,RDU,228,69,0.3026,693.6255,67.3585,10.478,-5.1069
LGA,RIC,99,19,0.1919,469.9273,53.4,3.6625,-10.5375
LGA,ROC,103,49,0.4757,408.7724,44.2037,-2.5185,-12.2963
LGA,RSW,55,26,0.4727,1738.0872,157.5517,1.0,-13.6552
LGA,STL,222,38,0.1712,1427.4846,127.3169,2.6359,-9.2514
LGA,TPA,225,69,0.3067,1627.0427,142.9677,8.6667,-4.4452
LGA,XNA,38,8,0.2105,1845.913,160.4333,9.6667,-8.0667
LGB,DFW,106,22,0.2075,1963.3948,154.4167,5.7262,2.5
LGB,PHX,127,24,0.189,571.3157,56.9223,4.2913,3.6019
LIH,HNL,593,65,0.1096,164.1527,21.108,-0.6648,-0.2121
LIH,LAX,30,3,0.1,4208.4241,289.2222,9.3333,7.2593
LIH,OGG,53,8,0.1509,325.0867,35.5111,1.7778,3.0889
LIH,SFO,31,3,0.0968,3938.055,277.8889,5.6429,-5.4074
LIT,ATL,137,25,0.1825,729.031,63.4196,3.0893,-1.8214
LIT,BWI,30,4,0.1333,1467.7181,122.8462,2.6154,-4.0
LIT,DAL,188,24,0.1277,476.3646,47.3963,3.5549,1.0976
LIT,DFW,385,82,0.213,489.2394,55.7294,6.6766,0.5743
LIT,HOU,30,4,0.1333,632.4706,61.8846,4.3846,1.9615
LIT,LAS,30,4,0.1333,2084.0953,171.7692,7.6923,-9.7308
LIT,MDW,30,3,0.1,875.481,79.8148,11.4444,9.5556
LIT,MEM,134,36,0.2687,207.6049,29.3061,-1.2857,-1.9082
LIT,PHX,30,3,0.1,1828.2102,158.7407,5.2222,-7.8148
LIT,STL,306,38,0.1242,476.3646,52.4478,3.8246,-0.5
LNK,STL,58,5,0.0862,595.4558,57.1321,0.4151,1.4906
LRD,DFW,118,13,0.1102,634.08,93.7767,7.4667,7.0
LSE,MSP,18,8,0.4444,193.1208,28.5,-4.6,-16.8
LSE,ORD,114,21,0.1842,346.0081,38.587,2.4624,-2.0652
LWB,CLT,13,2,0.1538,297.7279,40.1818,6.9091,7.0909
MAF,ABQ,60,7,0.1167,534.3009,50.8868,5.3774,1.5283
MAF,AUS,54,6,0.1111,473.146,44.1277,3.9583,3.9574
MAF,DAL,189,29,0.1534,513.3795,49.9684,4.4562,2.5316
MAF,DFW,208,35,0.1683,497.2861,70.0983,1.422,0.1445
MAF,ELP,30,4,0.1333,395.8976,36.8077,0.7308,-1.4231
MAF,HOU,52,6,0.1154,709.7189,62.3696,3.8478,0.4348
MAF,LAS,30,3,0.1,1281.0346,110.4444,2.4444,-2.1852
MBS,DTW,129,24,0.186,157.7153,27.1714,-0.1143,-1.1048
MBS,MSP,48,11,0.2292,745.1244,73.2703,-4.4324,-8.4865
MCI,ABQ,90,9,0.1,1155.5061,100.5556,4.5556,-4.0494
MCI,ATL,224,45,0.2009,1113.6633,94.0559,7.7263,4.419
MCI,BNA,116,12,0.1034,790.1859,70.2115,1.8942,-1.5385
MCI,BWI,90,9,0.1,1556.2318,126.0864,1.6173,-1.5185
MCI,CLT,119,20,0.1681,1301.9561,106.0918,-0.5556,-2.8163
MCI,CVG,87,11,0.1264,867.4343,76.6579,0.3289,-0.6447
MCI,DCA,60,38,0.6333,1528.873,127.0476,-4.6364,0.0952
MCI,DEN,216,76,0.3519,857.7782,78.2214,1.7643,-0.9
MCI,DFW,282,76,0.2695,740.2964,71.1707,18.3204,16.2585
MCI,DTW,157,31,0.1975,1012.2749,91.16,1.5794,-1.144
MCI,EWR,96,23,0.2396,1757.3993,143.8333,1.3151,0.7222
MCI,HOU,32,3,0.0938,1071.8204,94.3103,22.7241,16.9655
MCI,IAH,109,16,0.1468,1034.8056,98.2366,3.3548,0.3333
MCI,IND,30,3,0.1,725.8123,63.8148,3.5185,0.1481
MCI,LAS,165,19,0.1152,1834.6476,153.4276,6.4247,-3.9931
MCI,LAX,150,16,0.1067,2193.5304,180.9699,10.6493,-8.4962
MCI,MCO,143,25,0.1748,1725.2125,138.822,3.3305,-0.7542
MCI,MDW,510,62,0.1216,651.7827,61.3491,4.971,3.5428
MCI,MEM,113,14,0.1239,630.8613,60.8182,0.404,-2.1111
MCI,MHT,30,3,0.1,1989.1442,152.0741,6.1111,8.4074
MCI,MSP,216,45,0.2083,632.4706,64.3216,2.3567,-0.7076
MCI,OAK,60,7,0.1167,2396.3073,195.3208,5.4528,-3.6226
MCI,OKC,155,22,0.1419,503.7234,48.6617,5.8647,0.5865
MCI,ORD,317,71,0.224,648.564,60.9715,11.1098,8.5976
MCI,PDX,30,3,0.1,2383.4325,194.5926,5.7778,-8.8148
MCI,PHL,114,25,0.2193,1670.4949,134.4045,3.7753,0.191
MCI,PHX,280,44,0.1571,1680.151,143.9661,8.6525,-0.3093
MCI,PIT,120,22,0.1833,1244.0198,102.2062,-1.7143,-4.1856
MCI,PVD,30,3,0.1,1985.9256,152.6296,6.1852,2.8519
MCI,RDU,30,3,0.1,1454.8434,114.8148,2.037,-5.5926
MCI,SAN,30,3,0.1,2145.2502,176.4074,2.8889,-6.4074
MCI,SEA,30,4,0.1333,2396.3073,204.5385,0.0,-16.2308
MCI,SJC,30,4,0.1333,2380.2139,196.0769,0.7308,-12.8462
MCI,SLC,147,17,0.1156,1478.9835,128.5308,10.1462,1.3692
MCI,SMF,30,3,0.1,2320.6683,192.4815,10.3704,0.8519
MCI,STL,522,67,0.1284,381.4136,41.489,3.0879,-0.8326
MCI,TPA,30,3,0.1,1686.5883,134.3333,8.1111,4.037
MCI,TUL,113,14,0.1239,358.8828,36.2929,6.101,1.9697
MCO,ABE,59,11,0.1864,1458.062,125.7083,-2.4375,-5.75
MCO,ABQ,60,6,0.1,2497.6957,203.9245,3.1111,-6.1132
MCO,ALB,87,16,0.1839,1726.8218,140.6197,8.0986,-2.4225
MCO,ATL,360,47,0.1306,648.564,61.6358,8.1406,0.8914
MCO,AUS,30,3,0.1,1598.0746,138.6296,11.7037,9.2222
MCO,BDL,209,34,0.1627,1689.807,139.1437,4.1886,-3.408
MCO,BHM,30,3,0.1,769.2645,70.0,1.4074,-8.3704
MCO,BNA,173,28,0.1618,991.3534,89.9586,6.1586,-0.8483
MCO,BOS,327,86,0.263,1804.0701,151.9378,7.1452,2.6349
MCO,BUF,35,4,0.1143,1627.0427,131.0667,2.2903,-15.3667
MCO,BWI,327,52,0.159,1266.5506,107.1277,2.7018,-3.8759
MCO,CLE,108,29,0.2685,1440.3593,122.0897,-1.3671,-6.2821
MCO,CLT,249,44,0.1767,753.1711,73.2293,5.4146,3.4049
MCO,CMH,148,17,0.1149,1290.6907,110.8702,2.3435,-4.9771
MCO,CVG,150,20,0.1333,1216.661,104.1615,5.3692,-2.3846
MCO,DCA,78,47,0.6026,1221.4891,108.3226,-3.3226,-0.6774
MCO,DEN,114,35,0.307,2486.4303,196.9103,5.5696,1.5769
MCO,DFW,288,49,0.1701,1583.5906,135.7257,15.9582,8.8228
MCO,DTW,201,32,0.1592,1540.1384,129.6667,6.2071,1.6012
MCO,EWR,391,81,0.2072,1509.5609,129.215,6.3226,-0.3518
MCO,FLL,223,26,0.1166,286.4625,38.4569,5.3604,0.3553
MCO,HOU,19,3,0.1579,1364.7203,127.25,1.25,-9.9375
MCO,IAD,352,81,0.2301,1219.8797,105.1365,4.0923,-0.6052
MCO,IAH,176,30,0.1705,1372.767,120.7708,3.4178,2.6736
MCO,IND,114,21,0.1842,1332.5335,119.6957,3.5161,-2.6848
MCO,ISP,90,10,0.1111,1564.2785,129.3797,7.8125,-2.3544
MCO,JAN,30,3,0.1,944.6826,85.7037,0.4444,-2.6667
MCO,JFK,210,32,0.1524,1519.217,126.3596,4.2135,-0.0506
MCO,LAS,59,9,0.1525,3281.4443,258.92,9.12,-3.46
MCO,LAX,202,38,0.1881,3567.9068,280.6296,6.689,-4.0679
MCO,LGA,364,82,0.2253,1528.873,129.3203,11.0177,-0.1851
MCO,MCI,143,25,0.1748,1725.2125,148.7966,2.6186,-5.4915
MCO,MDT,5,0,0.0,1369.5483,118.0,3.2,4.2
MCO,MDW,60,7,0.1167,1591.6373,132.5577,4.6604,-4.2692
MCO,MEM,81,18,0.2222,1099.1792,97.0159,3.6508,1.0635
MCO,MHT,65,9,0.1385,1837.8663,149.375,1.2321,-8.1786
MCO,MIA,444,94,0.2117,310.6026,50.9143,5.0,2.48
MCO,MSP,120,15,0.125,2108.2354,173.1619,1.9429,-3.819
MCO,MSY,174,19,0.1092,885.137,82.0196,6.7161,0.3922
MCO,ORD,331,83,0.2508,1617.3867,139.6098,6.9113,2.4797
MCO,PBI,90,9,0.1,228.5263,30.3457,2.8395,-2.0494
MCO,PHL,268,55,0.2052,1385.6417,122.4218,5.0704,2.7346
MCO,PHX,90,14,0.1556,2974.0603,242.76,1.8421,-10.52
MCO,PIT,237,43,0.1814,1342.1896,112.399,3.0928,-0.2332
MCO,PVD,155,18,0.1161,1726.8218,139.8905,3.7007,-3.4526
MCO,RDU,30,3,0.1,859.3876,79.6296,8.0,4.1852
MCO,ROC,5,1,0.2,1662.4482,140.75,-0.75,1.75
MCO,SAT,30,4,0.1333,1673.7136,142.5769,0.5385,-8.3846
MCO,SDF,30,3,0.1,1155.5061,105.3333,3.1111,-9.4444
MCO,SFO,30,5,0.1667,3934.8363,310.9583,2.48,-0.5
MCO,SJU,78,11,0.141,1913.5053,144.1818,11.4627,8.7273
MCO,SLC,60,8,0.1333,3104.4169,246.68,5.4231,-9.32
MCO,STL,258,27,0.1047,1416.2192,124.1435,4.0173,0.4087
MCO,SYR,27,9,0.3333,1694.635,145.7778,9.4444,13.6667
MCO,TPA,28,4,0.1429,128.7472,23.0833,11.25,6.0
MDT,ABE,57,11,0.193,123.9192,18.587,2.8696,1.9348
MDT,ATL,60,5,0.0833,996.1815,96.8545,4.5818,-2.1091
MDT,CLT,60,7,0.1167,664.6574,70.1132,-2.0189,2.6604
MDT,DTW,78,14,0.1795,595.4558,62.9524,3.4844,-1.0476
MDT,MCO,5,0,0.0,1369.5483,126.2,-4.6,14.6
MDT,ORD,200,53,0.265,955.948,91.4898,8.3061,-1.0884
MDT,PIT,118,30,0.2542,297.7279,35.6023,-1.1136,-1.5568
MDW,ABQ,30,3,0.1,1804.0701,151.1111,27.1852,-0.4815
MDW,ATL,86,13,0.1512,949.5106,88.863,3.5068,11.4932
MDW,BDL,60,8,0.1333,1250.4572,100.7115,8.6538,5.25
MDW,BHM,60,6,0.1,917.3238,78.5,12.4074,9.3704
MDW,BNA,249,32,0.1285,635.6893,59.6129,8.3871,6.9954
MDW,BWI,309,62,0.2006,983.3067,87.1134,11.4089,8.1053
MDW,CLE,243,29,0.1193,494.0674,49.1776,8.3972,5.6776
MDW,CMH,171,20,0.117,457.0526,46.4106,6.8411,3.2715
MDW,DFW,111,18,0.1622,1282.644,113.6413,13.3118,11.5
MDW,DTW,442,73,0.1652,368.5389,45.6098,10.4986,10.2249
MDW,EWR,93,21,0.2258,1144.2407,98.4444,11.6944,6.3194
MDW,FLL,60,7,0.1167,1876.4904,152.9808,11.3585,1.2115
MDW,HOU,60,8,0.1333,1507.9516,128.9423,9.2308,-0.5
MDW,IND,139,17,0.1223,260.7131,31.0902,10.7705,9.7049
MDW,ISP,87,11,0.1264,1231.1451,112.1316,5.8421,10.6184
MDW,JAN,60,7,0.1167,1071.8204,89.6981,8.2453,3.0943
MDW,LAS,90,9,0.1,2447.8061,198.225,8.5185,-3.7125
MDW,LIT,30,4,0.1333,875.481,75.3846,8.8077,4.2692
MDW,MCI,507,61,0.1203,651.7827,62.7663,10.0919,7.3124
MDW,MCO,60,9,0.15,1591.6373,128.12,2.0784,-1.44
MDW,MHT,60,8,0.1333,1348.6269,105.9423,15.1154,11.4231
MDW,MSP,244,42,0.1721,561.6597,62.8713,3.9901,-2.0693
MDW,OMA,171,20,0.117,680.7508,63.5497,10.9205,6.8742
MDW,PHX,90,11,0.1222,2323.887,191.9873,7.8608,-5.6203
MDW,PVD,89,10,0.1124,1355.0643,111.7308,6.9114,6.0641
MDW,RDU,90,11,0.1222,1017.1029,88.8101,11.557,4.8354
MDW,SDF,186,25,0.1344,436.1311,46.1615,10.3478,8.8696
MDW,STL,391,55,0.1407,403.9443,47.6366,11.0774,6.2853
MDW,TPA,90,10,0.1111,1604.512,128.0,7.3,3.481
MEM,ATL,395,73,0.1848,534.3009,51.5621,2.9037,-3.1988
MEM,AUS,90,11,0.1222,899.6211,81.7215,1.0,-0.519
MEM,BHM,90,11,0.1222,339.5707,36.0886,-1.1139,-4.2658
MEM,BNA,94,11,0.117,321.868,35.1807,2.1807,0.3012
MEM,BOS,84,14,0.1667,1833.0383,146.2286,0.6714,-0.0286
MEM,BWI,20,9,0.45,1266.5506,98.1818,11.5455,9.4545
MEM,CLE,47,11,0.234,1001.0095,87.0278,7.3056,6.4722
MEM,CLT,180,39,0.2167,823.9821,76.6596,2.6312,1.3333
MEM,CMH,20,11,0.55,833.6381,71.1111,9.0,5.7778
MEM,CVG,52,14,0.2692,648.564,61.3947,8.1579,2.7632
MEM,DCA,108,57,0.5278,1226.3171,99.1351,7.8627,5.5946
MEM,DEN,60,6,0.1,1403.3445,120.4444,5.6111,7.0741
MEM,DFW,363,65,0.1791,695.2349,67.2915,7.2517,5.522
MEM,DTW,293,43,0.1468,981.6974,88.508,5.912,6.372
MEM,EWR,109,19,0.1743,1522.4356,133.1667,5.6333,1.5
MEM,FLL,30,5,0.1667,1369.5483,115.2,2.0,-0.08
MEM,GPT,80,18,0.225,521.4262,51.629,2.7742,5.7742
MEM,GRR,30,4,0.1333,951.1199,81.0,9.5769,5.3462
MEM,GSO,21,10,0.4762,917.3238,75.7273,-0.5455,-11.5455
MEM,IAD,1,0,0.0,1194.1303,102.0,6.0,11.0
MEM,IAH,109,24,0.2202,754.7805,72.381,5.0471,1.5238
MEM,ICT,20,9,0.45,729.031,73.8182,5.1818,15.8182
MEM,IND,105,20,0.1905,613.1585,57.0,4.5529,3.5059
MEM,JAN,46,12,0.2609,304.1653,31.9412,-1.2941,-4.6765
MEM,JAX,51,14,0.2745,926.9798,83.1892,-0.3784,0.7838
MEM,LAS,30,3,0.1,2278.8254,186.3704,4.6667,1.7037
MEM,LAX,109,19,0.1743,2605.5215,209.6556,8.1889,5.1667
MEM,LGA,90,11,0.1222,1549.7944,127.9241,9.2278,-0.519
MEM,LIT,138,31,0.2246,207.6049,26.3832,2.8318,2.6168
MEM,MCI,113,15,0.1327,630.8613,62.9592,3.7245,2.4184
MEM,MCO,82,21,0.2561,1099.1792,94.2131,21.8852,20.2295
MEM,MIA,56,14,0.25,1384.0324,114.0476,10.8095,4.7143
MEM,MKE,88,10,0.1136,894.793,77.1923,6.9872,6.2051
MEM,MSP,226,34,0.1504,1126.538,97.4219,9.1354,4.9271
MEM,MSY,120,16,0.1333,561.6597,52.8058,3.6731,3.5146
MEM,OKC,111,26,0.2342,695.2349,64.5412,2.6588,1.0706
MEM,OMA,30,2,0.0667,865.8249,83.0,8.2857,11.75
MEM,ORD,261,40,0.1533,790.1859,79.7773,5.5475,1.5909
MEM,PHL,84,13,0.1548,1406.5632,122.9437,-0.9155,3.338
MEM,PHX,30,4,0.1333,2032.5964,172.2308,8.5,-3.7308
MEM,RDU,84,10,0.119,1020.3216,89.2162,4.9054,1.5405
MEM,SAN,21,10,0.4762,2521.8358,202.7273,-0.4545,-7.8182
MEM,SAT,90,10,0.1111,1005.8375,89.425,-0.225,0.225
MEM,SDF,30,3,0.1,514.9888,52.4815,2.8148,3.1852
MEM,SEA,60,8,0.1333,3009.4658,245.0577,6.7692,-2.6346
MEM,SFO,59,7,0.1186,2908.0774,234.4038,1.0385,-5.7885
MEM,SJU,10,0,0.0,2998.2004,231.7,0.6,6.4
MEM,STL,25,4,0.16,411.991,44.2381,1.9524,-2.9524
MEM,TPA,90,12,0.1333,1055.727,87.8462,7.6154,6.9359
MEM,TYS,3,0,0.0,550.3943,55.0,-2.3333,-5.3333
MEM,VPS,118,12,0.1017,593.8465,55.9811,0.4528,-0.8113
MFE,DFW,89,18,0.2022,753.1711,73.0423,10.7465,10.338
MFE,IAH,166,33,0.1988,508.5514,54.4887,11.7368,11.1353
MFR,LAX,30,8,0.2667,1013.8842,91.1364,0.3182,-1.2273
MFR,SFO,88,23,0.2614,529.4729,55.9688,10.4154,5.4844
MHT,ATL,59,7,0.1186,1532.0917,132.7308,-0.0769,-8.2115
MHT,BNA,60,6,0.1,1509.5609,132.3148,5.3519,-3.7407
MHT,BWI,350,50,0.1429,606.7212,61.86,5.7667,2.9867
MHT,CVG,29,3,0.1034,1192.5209,108.5,4.5,-8.5385
MHT,DCA,51,31,0.6078,655.0014,66.6,-0.45,1.45
MHT,DTW,135,23,0.1704,980.0881,89.0446,7.6964,-0.4286
MHT,EWR,76,15,0.1974,336.3521,50.1,3.3934,-1.9167
MHT,LGA,89,49,0.5506,313.8213,48.925,10.75,-2.175
MHT,MCI,30,4,0.1333,1989.1442,174.0385,2.7308,-13.0769
MHT,MCO,65,8,0.1231,1837.8663,158.0714,1.5614,-8.6786
MHT,MDW,60,6,0.1,1348.6269,120.8519,3.9444,-8.5926
MHT,ORD,111,31,0.2793,1356.6736,117.8101,4.5875,-2.7215
MHT,PHL,150,25,0.1667,466.7086,64.7097,4.752,1.5161
MHT,PIT,90,10,0.1111,780.5299,74.1875,0.8375,-5.425
MHT,TPA,30,3,0.1,1937.6454,167.6667,4.4815,-10.3704
MIA,ATL,473,69,0.1459,957.5573,85.8114,10.2104,3.4516
MIA,BDL,30,3,0.1,1921.552,150.5926,17.9259,15.7037
MIA,BNA,30,3,0.1,1297.128,105.0741,22.7778,12.963
MIA,BOS,136,26,0.1912,2024.5497,162.2385,28.9364,15.9725
MIA,BWI,89,16,0.1798,1522.4356,126.5753,9.4521,1.8493
MIA,CLE,52,12,0.2308,1738.0872,141.35,18.775,6.1
MIA,CLT,160,27,0.1688,1046.071,96.7669,0.3459,-1.2105
MIA,CVG,53,12,0.2264,1525.6543,127.2927,15.4634,6.4878
MIA,DCA,215,120,0.5581,1480.5928,125.8947,6.6421,6.1895
MIA,DEN,94,14,0.1489,2750.3621,217.7468,10.0625,8.4177
MIA,DFW,293,44,0.1502,1804.0701,149.008,30.2972,26.4297
MIA,DTW,110,12,0.1091,1842.6943,151.7604,4.7245,1.2708
MIA,EWR,231,44,0.1905,1747.7432,145.3838,15.6738,7.7622
MIA,EYW,203,36,0.1773,202.7768,35.1138,2.6886,-0.9521
MIA,IAD,134,22,0.1642,1482.2021,120.3304,21.5446,14.3036
MIA,IAH,253,45,0.1779,1551.4038,135.3627,11.7644,8.201
MIA,JAX,175,35,0.2,537.5196,83.5971,5.8214,1.2302
MIA,JFK,208,53,0.2548,1754.1806,140.0519,24.3871,21.3766
MIA,LAS,30,2,0.0667,3500.3145,282.9643,6.9643,1.2857
MIA,LAX,192,24,0.125,3769.0743,290.9939,21.7083,13.9515
MIA,LGA,262,57,0.2176,1765.446,148.81,24.3317,12.82
MIA,MCO,445,89,0.2,310.6026,47.0449,7.3848,2.427
MIA,MEM,51,13,0.2549,1384.0324,121.4865,-4.6579,-6.3243
MIA,MSP,51,13,0.2549,2415.6193,196.0,7.2105,1.6579
MIA,MSY,90,12,0.1333,1084.6952,94.3974,18.641,15.1667
MIA,ORD,355,77,0.2169,1926.38,159.0253,18.6043,12.6173
MIA,PHL,180,31,0.1722,1630.2614,138.7635,10.7248,7.2365
MIA,PHX,30,4,0.1333,3173.6185,262.5,18.7692,13.5385
MIA,PIT,88,18,0.2045,1630.2614,133.9265,-0.6429,-5.4118
MIA,RDU,60,13,0.2167,1126.538,97.5957,16.8298,6.1915
MIA,RSW,175,33,0.1886,168.9807,31.4859,3.6197,-0.8803
MIA,SAV,60,36,0.6,708.1096,105.9583,-1.0,-5.7083
MIA,SEA,30,2,0.0667,4383.8422,343.9259,18.0357,4.8889
MIA,SFO,119,15,0.1261,4160.1439,326.4412,18.4231,12.451
MIA,SJC,13,5,0.3846,4118.3011,321.75,11.75,22.5
MIA,SJU,234,46,0.1966,1681.7603,127.8457,24.8351,19.8989
MIA,STL,121,13,0.1074,1718.7751,145.9907,6.1944,-3.1296
MIA,STT,33,4,0.1212,1781.5394,136.7241,23.6207,21.4138
MIA,STX,30,4,0.1333,1833.0383,136.2308,29.6923,24.9615
MIA,TPA,260,62,0.2385,328.3054,50.4643,6.1919,4.0714
MKE,ATL,88,11,0.125,1076.6485,95.2632,1.6104,-2.7895
MKE,CLT,60,4,0.0667,1047.6803,94.2321,2.6071,1.5357
MKE,CVG,73,12,0.1644,511.7701,55.2787,1.4918,-1.8033
MKE,DFW,115,25,0.2174,1372.767,123.8989,11.0556,3.1685
MKE,DTW,198,33,0.1667,383.0229,45.5333,3.3879,1.5273
MKE,IAH,25,3,0.12,1583.5906,136.1818,16.3182,8.8636
MKE,LAS,13,4,0.3077,2452.6342,198.3333,0.8889,1.3333
MKE,MEM,88,10,0.1136,894.793,82.6538,-0.0385,-3.7949
MKE,MSP,191,30,0.1571,477.974,53.8509,4.2981,-1.0559
MKE,ORD,229,50,0.2183,107.8258,20.1341,6.8156,-0.257
MKE,PHX,60,5,0.0833,2349.6364,191.7593,2.8364,-1.1667
MKE,PIT,116,32,0.2759,693.6255,64.1566,-0.119,0.988
MKE,STL,174,16,0.092,510.1608,56.1456,-0.1139,-3.4557
MLB,ATL,114,14,0.1228,712.9376,67.64,3.77,-1.11
MLB,EWR,21,11,0.5238,1517.6076,139.3,3.6,1.2
MLI,STL,171,20,0.117,300.9466,37.702,0.6556,-2.4305
MLU,ATL,28,4,0.1429,720.9843,66.9583,-3.125,-4.7917
MLU,DFW,30,3,0.1,471.5366,49.1852,5.5556,-1.8148
MLU,JAN,28,5,0.1786,186.6834,23.7391,-4.8261,-3.6522
MOB,ATL,197,37,0.1878,486.0207,48.2375,-1.075,-7.3188
MOT,MSP,89,12,0.1348,722.5937,66.6579,-2.2338,-8.6842
MQT,ORD,30,7,0.2333,487.63,55.7391,-2.7826,-6.2174
MRY,LAX,210,39,0.1857,429.6938,71.7018,1.7544,2.345
MSN,DFW,25,3,0.12,1321.2681,116.3182,8.8636,-1.7727
MSN,DTW,132,25,0.1894,502.1141,54.4906,-1.2056,-0.2547
MSN,MSP,143,18,0.1259,366.9295,47.6,0.664,-2.16
MSN,ORD,205,47,0.2293,175.4181,26.1013,0.1266,-5.9557
MSO,GTF,30,3,0.1,215.6516,25.2222,-2.2593,-4.3704
MSO,MSP,60,6,0.1,1630.2614,136.9259,38.6852,35.7593
MSO,SLC,60,8,0.1333,701.6722,61.0385,-3.5385,-9.5577
MSP,ABQ,60,7,0.1167,1578.7625,127.7736,1.7925,-1.0377
MSP,ANC,89,12,0.1348,4052.3181,317.039,11.3377,-3.4935
MSP,ATL,367,52,0.1417,1458.062,120.6561,7.5937,1.9936
MSP,AUS,85,9,0.1059,1676.9323,135.0132,4.1316,-5.6974
MSP,AZO,21,12,0.5714,685.5788,60.5,-4.8889,-5.875
MSP,BDL,81,15,0.1852,1689.807,131.5385,8.9545,8.7538
MSP,BIL,81,17,0.2099,1203.7863,103.0938,6.4688,-0.2188
MSP,BIS,107,20,0.1869,621.2052,60.2759,5.4368,-0.023
MSP,BNA,104,20,0.1923,1118.4913,95.3214,1.5,-2.25
MSP,BOI,80,18,0.225,1837.8663,148.6935,8.9355,3.8065
MSP,BOS,244,51,0.209,1808.8982,142.526,7.0363,9.776
MSP,BUF,60,6,0.1,1181.2556,98.4815,6.9259,10.963
MSP,BWI,111,20,0.1802,1506.3422,122.044,15.7143,19.5824
MSP,BZN,60,7,0.1167,1406.5632,117.8868,10.9057,-1.7358
MSP,CLE,142,17,0.1197,1001.0095,86.016,5.432,4.088
MSP,CLT,140,31,0.2214,1496.6862,119.4495,1.0826,1.8257
MSP,CMH,78,15,0.1923,1009.0562,83.7619,8.5714,7.5238
MSP,COS,60,8,0.1333,1166.7715,97.1923,-0.5962,-3.5192
MSP,CVG,84,10,0.119,959.1666,83.7973,6.8784,4.3378
MSP,DAY,50,14,0.28,923.7612,78.5278,1.1111,2.9444
MSP,DCA,209,130,0.622,1498.2955,120.1233,7.5063,9.2466
MSP,DEN,418,85,0.2033,1094.3512,92.9337,8.2613,3.7681
MSP,DFW,404,90,0.2228,1371.1577,119.3397,8.8312,4.3397
MSP,DLH,59,9,0.1525,231.745,27.66,0.06,1.0
MSP,DSM,43,12,0.2791,373.3669,39.5161,3.129,3.2258
MSP,DTW,479,75,0.1566,849.7315,76.9035,6.1015,5.7624
MSP,EWR,320,57,0.1781,1622.2147,132.908,8.0798,6.6475
MSP,FAR,158,29,0.1835,358.8828,40.3643,7.2171,5.3411
MSP,FCA,30,4,0.1333,1651.1828,145.68,4.2308,-1.4
MSP,FSD,154,35,0.2273,317.04,35.3277,2.9076,2.1597
MSP,GEG,80,16,0.2,1890.9745,153.9844,6.8125,-0.3594
MSP,GFK,30,3,0.1,457.0526,48.037,3.2963,3.963
MSP,GRB,85,13,0.1529,405.5537,41.4722,12.3889,15.625
MSP,GRR,115,12,0.1043,656.6107,58.5146,5.4466,7.8155
MSP,GTF,60,8,0.1333,1427.4846,121.18,4.1154,-12.32
MSP,HNL,30,3,0.1,6392.2985,464.2593,31.0741,-3.3704
MSP,IAD,112,22,0.1964,1461.2807,120.4889,11.4444,14.3889
MSP,IAH,275,50,0.1818,1664.0576,144.7602,1.2178,-0.3077
MSP,IND,160,31,0.1938,809.498,71.0853,4.186,8.0078
MSP,JFK,60,9,0.15,1654.4015,142.8039,12.4314,12.5098
MSP,LAN,51,13,0.2549,732.2497,65.3158,5.7632,10.1053
MSP,LAS,143,21,0.1469,2092.142,166.5207,13.4016,6.0331
MSP,LAX,256,38,0.1484,2471.9462,195.8341,15.4587,3.023
MSP,LGA,249,50,0.2008,1641.5268,134.9082,11.206,7.449
MSP,LSE,18,9,0.5,193.1208,23.4444,16.5556,18.5556
MSP,MBS,53,12,0.2264,745.1244,66.7073,1.0488,1.8537
MSP,MCI,214,42,0.1963,632.4706,62.8314,6.4767,4.9535
MSP,MCO,120,14,0.1167,2108.2354,161.6381,5.0943,7.4286
MSP,MDW,244,37,0.1516,561.6597,63.1268,4.2947,4.2488
MSP,MEM,201,29,0.1443,1126.538,94.4795,7.6279,5.6959
MSP,MIA,51,13,0.2549,2415.6193,186.1622,10.6842,7.4595
MSP,MKE,191,29,0.1518,477.974,46.9259,4.3272,4.9259
MSP,MOT,89,12,0.1348,722.5937,67.5584,3.6883,0.1039
MSP,MSN,143,17,0.1189,366.9295,37.8095,4.3889,8.4286
MSP,MSO,60,6,0.1,1630.2614,138.7407,3.9074,-7.3889
MSP,MSY,81,16,0.1975,1673.7136,132.9231,5.4308,1.4462
MSP,OMA,205,38,0.1854,453.8339,44.6867,3.5928,1.6506
MSP,ONT,60,8,0.1333,2404.354,189.1731,6.2692,-0.4231
MSP,ORD,1005,274,0.2726,537.5196,54.3246,10.7811,10.7304
MSP,PDX,141,22,0.156,2294.9188,185.563,14.0252,3.7647
MSP,PHL,248,65,0.2621,1577.1532,129.768,2.2077,2.7182
MSP,PHX,281,40,0.1423,2053.5178,167.0628,7.9336,-1.5941
MSP,PIT,174,21,0.1207,1168.3808,95.6184,-1.1438,-0.7829
MSP,RAP,110,22,0.2,788.5766,72.6364,5.3409,-1.7614
MSP,RDU,90,10,0.1111,1578.7625,124.6625,1.5375,2.95
MSP,RNO,60,7,0.1167,2262.732,180.2264,7.1698,-4.0755
MSP,RST,59,9,0.1525,122.3098,19.3,-0.28,-0.98
MSP,SAN,119,15,0.1261,2465.5089,194.8365,10.5577,1.4519
MSP,SAT,60,6,0.1,1765.446,141.9074,0.2778,-5.6481
MSP,SDF,60,8,0.1333,970.432,84.9038,3.75,2.8462
MSP,SEA,195,26,0.1333,2251.4667,181.7904,14.7929,7.485
MSP,SFO,173,18,0.104,2557.2413,206.3529,8.4065,0.0
MSP,SJC,84,10,0.119,2536.3198,205.3425,6.5946,-4.274
MSP,SLC,150,15,0.1,1594.8559,135.637,9.5926,5.4296
MSP,SMF,90,11,0.1222,2442.9781,193.6667,6.4177,-3.2692
MSP,SNA,77,15,0.1948,2449.4155,196.3387,9.0484,0.629
MSP,STL,391,53,0.1355,722.5937,67.5565,2.6923,0.8423
MSP,TPA,60,7,0.1167,2103.4074,162.4808,6.4906,7.9808
MSP,TUS,30,4,0.1333,2088.9233,167.6923,7.9615,0.6923
MSY,ATL,313,42,0.1342,683.9695,61.0443,3.5277,2.0886
MSY,BHM,193,23,0.1192,516.5981,47.8647,6.1824,2.4647
MSY,BNA,84,9,0.1071,757.9991,67.6667,4.6133,1.6133
MSY,BWI,89,20,0.2247,1606.1213,129.8235,-0.029,-5.6912
MSY,CLE,30,4,0.1333,1475.7648,123.8077,-3.5385,-5.5
MSY,CLT,150,31,0.2067,1047.6803,89.916,-0.7647,-3.1261
MSY,CVG,88,16,0.1818,1126.538,99.7639,1.5556,-3.4167
MSY,DAL,165,19,0.1152,703.2816,66.5379,6.7055,3.731
MSY,DCA,49,30,0.6122,1559.4505,130.2778,3.9474,2.4444
MSY,DEN,86,18,0.2093,1709.1191,142.9706,-1.25,-3.8235
MSY,DFW,230,53,0.2304,720.9843,71.2203,9.6836,8.2034
MSY,DTW,90,12,0.1333,1490.2488,128.3974,-1.1154,-7.3205
MSY,EWR,103,24,0.233,1878.0998,154.4557,5.557,-1.1013
MSY,FLL,30,3,0.1,1083.0858,97.037,5.6296,-1.3333
MSY,HOU,591,77,0.1303,487.63,51.4678,5.644,4.0799
MSY,IAD,60,13,0.2167,1535.3104,123.2174,-0.0213,-5.8478
MSY,IAH,342,74,0.2164,490.8487,51.9813,7.0075,8.6045
MSY,IND,30,3,0.1,1139.4127,99.7778,10.3704,8.7407
MSY,JAX,30,4,0.1333,825.5914,71.1538,5.5,-0.6154
MSY,JFK,58,16,0.2759,1902.2399,148.0476,9.9048,10.4762
MSY,LAS,30,4,0.1333,2415.6193,199.6538,5.0385,-3.6154
MSY,LAX,83,24,0.2892,2689.2071,217.1552,4.6102,-5.6379
MSY,LGA,29,8,0.2759,1903.8492,159.1429,28.619,31.7619
MSY,MCO,175,18,0.1029,885.137,83.0962,3.8408,-3.0513
MSY,MEM,120,15,0.125,561.6597,57.0286,-0.4381,-4.4857
MSY,MIA,90,12,0.1333,1084.6952,90.1026,11.5897,9.2436
MSY,MSP,81,18,0.2222,1673.7136,141.7213,4.8889,-2.5574
MSY,ORD,159,46,0.2893,1347.0176,115.5315,12.7345,4.8919
MSY,PHL,62,14,0.2258,1750.9619,146.625,2.3125,0.6667
MSY,PHX,93,10,0.1075,2093.7513,177.8313,5.8675,3.5301
MSY,PIT,62,14,0.2258,1477.3741,121.8542,-2.0208,-3.1458
MSY,PNS,28,4,0.1429,299.3372,32.5833,3.375,-0.2083
MSY,SAN,30,3,0.1,2573.3347,208.7407,8.4815,-6.1852
MSY,SFO,30,8,0.2667,3075.4487,246.381,-1.5455,-7.9524
MSY,STL,150,13,0.0867,972.0414,86.9854,1.4599,-2.2701
MSY,TPA,178,20,0.1124,783.7486,73.8291,5.8924,-0.5696
MYR,CLT,232,44,0.1897,251.057,32.4468,-0.9468,-1.3989
MYR,EWR,30,4,0.1333,885.137,84.8077,-1.0385,-10.9231
MYR,PHL,5,1,0.2,761.2178,80.25,-7.0,4.25
MYR,PIT,5,1,0.2,766.0458,70.0,2.5,-6.25
OAK,ABQ,57,7,0.1228,1430.7033,112.48,4.86,0.08
OAK,ATL,58,7,0.1207,3427.8942,243.1176,19.7255,14.6667
OAK,BNA,30,4,0.1333,3152.6971,229.9231,1.1154,-3.6154
OAK,BOI,30,3,0.1,822.3727,68.4815,4.3704,-0.1852
OAK,BUR,422,55,0.1303,523.0355,49.9864,2.4033,-0.4905
OAK,DEN,196,55,0.2806,1540.1384,122.2302,5.4113,5.4173
OAK,DFW,206,43,0.2087,2343.199,179.4658,7.227,1.4596
OAK,EWR,48,15,0.3125,4110.2544,295.303,1.1515,-1.5152
OAK,GEG,30,4,0.1333,1163.5528,94.2692,6.6923,-0.5385
OAK,HNL,30,4,0.1333,3876.9001,303.4615,0.3462,1.1538
OAK,IAH,81,14,0.1728,2620.0055,206.1061,-2.5522,-8.8182
OAK,KOA,17,1,0.0588,3827.0105,304.625,6.6875,-2.3125
OAK,LAS,378,45,0.119,655.0014,64.4595,4.012,0.1712
OAK,LAX,941,158,0.1679,542.3476,57.3862,5.5594,-0.4297
OAK,MCI,60,7,0.1167,2396.3073,181.3019,2.8679,-1.8491
OAK,OGG,30,4,0.1333,3780.3397,298.1154,4.7692,4.3462
OAK,ONT,410,52,0.1268,580.9717,57.0335,3.7067,1.4553
OAK,ORD,115,23,0.2,2953.1389,221.7033,7.7283,7.9451
OAK,PDX,317,48,0.1514,873.8716,74.5651,3.7546,-2.7546
OAK,PHX,343,44,0.1283,1039.6336,93.7617,1.8662,-1.8087
OAK,RNO,171,21,0.1228,289.6812,31.8467,6.4467,3.54
OAK,SAN,436,51,0.117,717.7656,69.6299,7.0468,3.5486
OAK,SEA,430,80,0.186,1079.8671,94.4343,4.66,0.0743
OAK,SLC,120,14,0.1167,946.2919,79.217,2.6226,-0.1321
OAK,SNA,359,59,0.1643,597.0651,66.5117,4.0733,2.4783
OGG,DFW,30,3,0.1,5972.2607,398.2222,12.4815,11.6296
OGG,HNL,779,80,0.1027,160.934,23.3162,0.2189,1.3348
OGG,ITO,23,3,0.1304,194.7301,25.95,0.9,1.3
OGG,KOA,46,8,0.1739,135.1846,22.0263,2.3684,3.8947
OGG,LAX,155,13,0.0839,4000.8192,274.2411,12.6338,3.1206
OGG,LIH,46,6,0.1304,325.0867,35.1,1.5,2.05
OGG,OAK,30,4,0.1333,3780.3397,271.2308,24.0385,19.5769
OGG,SFO,90,12,0.1333,3762.6369,263.2051,6.0513,2.2949
OGG,SJC,30,4,0.1333,3791.605,273.7308,35.9231,30.9231
OGG,SNA,30,4,0.1333,4044.2714,285.1923,6.8462,5.3077
OGG,STL,30,2,0.0667,6541.9671,439.6071,16.1429,3.9643
OKC,ATL,88,13,0.1477,1224.7077,97.7333,8.1733,2.1867
OKC,DAL,204,25,0.1225,291.2905,36.6145,4.5363,0.3128
OKC,DEN,104,39,0.375,796.6233,70.9692,1.5846,0.0154
OKC,DFW,383,102,0.2663,281.6345,38.5089,5.0427,2.3452
OKC,HOU,105,15,0.1429,674.3135,63.5056,1.5778,-1.0449
OKC,IAH,124,24,0.1935,635.6893,64.27,6.5,5.7
OKC,MCI,155,21,0.1355,503.7234,50.1504,3.291,2.1053
OKC,MEM,111,26,0.2342,695.2349,65.2471,-1.8471,-1.9765
OKC,ORD,90,19,0.2111,1115.2726,96.3521,11.3239,8.7465
OKC,PHX,95,9,0.0947,1340.5802,119.314,3.5698,-3.6512
OKC,SLC,52,19,0.3654,1393.6884,116.3939,2.8788,-1.4242
OKC,STL,238,27,0.1134,743.5151,68.91,5.9384,3.7156
OKC,TUL,30,3,0.1,178.6367,23.8077,7.3704,-7.1154
OMA,ATL,59,6,0.1017,1321.2681,105.7547,-0.566,-6.0566
OMA,DEN,177,45,0.2542,759.6085,67.7576,3.3636,-0.6667
OMA,DFW,120,31,0.2583,938.2452,84.4494,12.1236,7.8989
OMA,IAH,30,3,0.1,1256.8945,115.1538,-1.4074,-1.0769
OMA,LAS,91,10,0.1099,1768.6647,147.3333,9.9136,0.1605
OMA,MDW,171,19,0.1111,680.7508,64.1126,5.9671,4.5033
OMA,MEM,30,4,0.1333,865.8249,81.7692,-2.1154,-0.0385
OMA,MSP,205,38,0.1854,453.8339,51.1386,6.7605,4.7048
OMA,ORD,268,49,0.1828,669.4854,64.5525,4.0183,-2.411
OMA,PHX,172,24,0.1395,1668.8856,143.5,9.0068,2.1149
OMA,STL,222,27,0.1216,550.3943,53.1804,6.3744,3.8505
OME,ANC,81,9,0.1111,867.4343,75.2083,11.4306,11.5833
ONT,ATL,59,8,0.1356,3057.746,219.6471,9.9412,3.6275
ONT,BNA,30,4,0.1333,2817.9543,208.3462,4.2692,-3.0769
ONT,DEN,109,34,0.3119,1318.0495,110.2162,0.9733,1.7027
ONT,DFW,184,35,0.1902,1913.5053,149.4228,10.443,7.5302
ONT,IAH,54,9,0.1667,2146.8596,168.9773,13.7778,12.4773
ONT,LAS,316,36,0.1139,317.04,37.95,1.875,-0.5607
ONT,MSP,60,8,0.1333,2404.354,187.0,0.2115,0.1373
ONT,OAK,380,52,0.1368,580.9717,54.939,3.5549,3.189
ONT,ORD,59,16,0.2712,2735.878,213.8095,2.6047,-0.5238
ONT,PDX,82,21,0.2561,1348.6269,113.0492,0.4754,-1.9672
ONT,PHX,575,77,0.1339,523.0355,51.0823,2.2088,-0.739
ONT,SEA,133,28,0.2105,1538.529,131.0381,6.7048,5.6667
ONT,SFO,148,38,0.2568,584.1904,55.5872,4.7182,-1.055
ONT,SJC,265,36,0.1358,535.9102,50.2052,2.5895,-1.1965
ONT,SLC,89,9,0.1011,898.0117,78.025,2.1,-6.1875
ONT,SMF,357,44,0.1232,626.0333,58.3546,1.4249,-2.3195
ONT,STL,44,7,0.1591,2489.649,189.5946,3.4595,2.0
ORD,ABE,81,31,0.3827,1052.5084,86.06,9.7,10.4
ORD,ABQ,73,8,0.1096,1799.2421,147.0,14.6462,5.8769
ORD,ALB,183,39,0.2131,1163.5528,93.5972,13.1319,13.9306
ORD,ANC,37,3,0.0811,4580.1816,365.2647,6.2353,-7.4412
ORD,ATL,808,188,0.2327,975.26,85.4556,7.8403,2.6753
ORD,AUS,214,41,0.1916,1573.9345,129.5,13.0058,3.7791
ORD,AZO,144,21,0.1458,196.3395,24.8293,10.4472,7.122
ORD,BDL,315,63,0.2,1260.1132,100.3571,13.1984,11.7817
ORD,BMI,114,17,0.1491,186.6834,25.3196,10.4948,3.3299
ORD,BNA,120,18,0.15,658.2201,60.7745,7.8725,4.7157
ORD,BOI,32,6,0.1875,2312.6216,189.0769,9.1154,-1.8077
ORD,BOS,711,219,0.308,1395.2978,112.2102,9.9939,5.998
ORD,BTR,54,7,0.1296,1303.5654,106.8913,14.0638,-2.3478
ORD,BTV,87,19,0.2184,1227.9264,96.3971,11.7941,8.8971
ORD,BUF,238,47,0.1975,761.2178,65.6021,10.2513,10.2723
ORD,BWI,320,65,0.2031,1001.0095,84.8706,12.5529,7.8941
ORD,CHA,84,15,0.1786,806.2793,69.1739,12.2754,5.4348
ORD,CID,276,57,0.2065,315.4306,34.0228,9.1005,4.1461
ORD,CLE,552,135,0.2446,508.5514,49.5396,7.3477,4.2326
ORD,CLT,514,141,0.2743,963.9947,84.4987,9.7989,8.2788
ORD,CMH,426,109,0.2559,476.3646,46.9748,12.776,9.3722
ORD,CMI,150,24,0.16,217.2609,26.119,12.3095,5.8492
ORD,COS,52,18,0.3462,1466.1087,115.7941,15.1176,7.8529
ORD,CVG,508,137,0.2697,424.8658,47.1725,7.9623,5.2534
ORD,DAL,45,12,0.2667,1284.2533,114.0,0.9091,-3.1818
ORD,DAY,281,64,0.2278,386.2416,41.1567,9.2673,6.7143
ORD,DBQ,114,19,0.1667,236.573,28.6211,3.9684,-2.0842
ORD,DCA,582,367,0.6306,984.9161,84.0234,8.2047,10.8271
ORD,DEN,641,150,0.234,1429.0939,118.6184,11.6741,4.5306
ORD,DFW,768,211,0.2747,1290.6907,111.5425,11.3465,6.4846
ORD,DLH,85,12,0.1412,638.908,61.125,12.3014,2.6389
ORD,DSM,345,73,0.2116,481.1927,46.5588,10.2243,4.2574
ORD,DTW,704,143,0.2031,378.1949,48.9554,11.8217,9.9804
ORD,ELP,72,13,0.1806,1989.1442,157.9661,15.4915,8.4407
ORD,EVV,159,23,0.1447,439.3498,42.9485,8.7794,1.9412
ORD,EWR,906,268,0.2958,1157.1155,97.4748,10.3009,6.2666
ORD,FLL,197,60,0.3046,1902.2399,153.6866,12.2993,12.0522
ORD,FWA,119,18,0.1513,252.6664,28.95,7.3069,-0.73
ORD,GEG,34,8,0.2353,2410.7913,199.6923,5.6154,-0.7692
ORD,GRB,150,20,0.1333,280.0252,30.7462,9.2,2.3769
ORD,GRR,426,109,0.2559,220.4796,27.2303,8.735,5.7035
ORD,GSO,170,45,0.2647,949.5106,81.912,16.344,13.76
ORD,GSP,119,18,0.1513,928.5892,80.697,8.2376,4.1616
ORD,HNL,30,3,0.1,6828.4296,508.7037,18.2963,11.4444
ORD,HPN,324,87,0.2685,1187.6929,103.3856,10.1603,9.2331
ORD,HSV,84,13,0.1548,820.7634,69.5493,13.5634,3.4225
ORD,IAD,398,86,0.2161,947.9013,81.3023,11.0481,6.9807
ORD,IAH,528,108,0.2045,1488.6395,130.5107,9.519,9.9761
ORD,ICT,87,24,0.2759,946.2919,80.4516,17.3175,9.9839
ORD,IND,515,124,0.2408,284.8532,32.8977,8.8286,4.4399
ORD,JAC,1,0,0.0,1870.0531,156.0,36.0,25.0
ORD,JFK,3,2,0.6667,1190.9116,91.0,169.0,159.0
ORD,LAS,421,68,0.1615,2438.1501,193.8148,12.864,2.3362
ORD,LAX,820,205,0.25,2808.2983,218.9165,17.574,7.4026
ORD,LGA,903,293,0.3245,1179.6462,99.4267,12.0164,7.8402
ORD,LSE,114,19,0.1667,346.0081,40.5684,9.9368,3.1474
ORD,MCI,351,81,0.2308,648.564,60.3704,13.2889,8.3778
ORD,MCO,355,87,0.2451,1617.3867,127.8839,10.556,5.9888
ORD,MDT,228,61,0.2675,955.948,79.6587,12.5329,9.5449
ORD,MEM,261,33,0.1264,790.1859,73.2588,11.2105,2.8596
ORD,MHT,109,32,0.2936,1356.6736,102.4286,10.2727,11.5325
ORD,MIA,354,70,0.1977,1926.38,152.2473,16.5599,15.2438
ORD,MKE,229,51,0.2227,107.8258,18.9775,9.3596,2.7079
ORD,MQT,30,5,0.1667,487.63,47.12,5.68,-3.72
ORD,MSN,204,45,0.2206,175.4181,25.1456,7.5975,1.1139
ORD,MSP,1007,282,0.28,537.5196,60.8246,9.7848,6.7652
ORD,MSY,161,45,0.2795,1347.0176,108.2328,11.8879,8.0948
ORD,OAK,117,22,0.188,2953.1389,237.4105,14.2632,9.5684
ORD,OKC,90,20,0.2222,1115.2726,96.4571,10.2286,3.4
ORD,OMA,296,58,0.1959,669.4854,60.8782,9.3782,0.9664
ORD,ONT,59,15,0.2542,2735.878,217.9545,17.75,7.7955
ORD,ORF,174,31,0.1782,1153.8968,100.2797,14.1958,9.5385
ORD,ORH,60,8,0.1333,1324.4868,107.7308,13.3462,-2.5385
ORD,PBI,30,7,0.2333,1841.085,145.3478,2.5652,-1.7391
ORD,PDX,260,55,0.2115,2798.6423,221.9561,9.522,-1.1659
ORD,PHL,772,206,0.2668,1091.1325,95.066,8.2615,6.8717
ORD,PHX,479,113,0.2359,2317.4496,187.3984,12.9645,4.1951
ORD,PIA,144,25,0.1736,209.2142,27.3445,6.5378,-0.9664
ORD,PIT,546,130,0.2381,663.0481,60.9663,7.6659,6.7188
ORD,PSP,26,4,0.1538,2658.6297,213.3182,8.0,-11.6364
ORD,PVD,237,50,0.211,1366.3297,109.5538,12.754,12.6613
ORD,PWM,123,21,0.1707,1448.406,113.8515,13.1471,8.3861
ORD,RDU,273,60,0.2198,1041.243,89.9953,11.8075,10.6291
ORD,RIC,198,39,0.197,1033.1963,90.5975,12.7799,10.4214
ORD,RNO,65,11,0.1692,2689.2071,212.2037,18.463,5.9074
ORD,ROC,292,65,0.2226,849.7315,71.2965,11.4229,10.354
ORD,RST,120,18,0.15,431.3031,46.3824,14.0098,9.2255
ORD,RSW,30,5,0.1667,1802.4608,137.9167,9.28,2.7917
ORD,SAN,329,73,0.2219,2772.8928,219.4843,17.8984,7.2165
ORD,SAT,177,34,0.1921,1675.3229,140.1259,12.6503,5.2867
ORD,SEA,435,98,0.2253,2769.6741,225.3027,13.368,3.7774
ORD,SFO,645,148,0.2295,2970.8416,231.3083,14.5835,1.8032
ORD,SJC,309,81,0.2621,2943.4829,233.6974,13.0921,6.9254
ORD,SJU,94,14,0.1489,3334.5525,251.3924,18.575,18.3291
ORD,SLC,230,45,0.1957,2010.0657,170.0,13.8486,5.4372
ORD,SMF,139,39,0.2806,2866.2345,230.07,12.25,2.68
ORD,SNA,297,74,0.2492,2777.7208,220.4955,8.8161,-0.2477
ORD,STL,599,120,0.2003,415.2097,48.2505,7.5511,5.2505
ORD,STT,5,1,0.2,3405.3634,263.25,-1.0,-6.75
ORD,SWF,103,19,0.1845,1149.0688,97.6548,12.0238,12.8571
ORD,SYR,173,32,0.185,976.8694,79.1418,14.0284,10.4752
ORD,TOL,172,40,0.2326,344.3988,36.5455,10.0,1.6894
ORD,TPA,212,45,0.2123,1628.6521,128.6747,9.2814,4.9639
ORD,TUL,133,31,0.2331,941.4639,83.6436,9.4706,3.1881
ORD,TUS,90,19,0.2111,2312.6216,184.7042,14.1127,1.0423
ORD,TVC,149,22,0.1477,360.4922,40.3622,11.6614,5.4882
ORD,TYS,60,12,0.2,764.4365,67.4681,0.1042,-2.1064
ORD,XNA,133,22,0.1654,840.0755,76.9182,11.7387,1.4182
ORF,ATL,264,38,0.1439,830.4194,82.4867,3.1593,-4.469
ORF,BOS,90,13,0.1444,753.1711,70.0519,5.1688,-3.9481
ORF,CLT,174,41,0.2356,466.7086,52.8872,0.6692,0.7218
ORF,CVG,51,20,0.3922,780.5299,74.8065,3.9032,-5.0968
ORF,DFW,90,11,0.1222,1952.1294,168.1519,4.5443,2.1899
ORF,DTW,109,13,0.1193,851.3409,89.4737,2.9167,-2.1474
ORF,EWR,47,9,0.1915,457.0526,56.3158,6.3158,3.0
ORF,IAH,46,11,0.2391,1932.8173,164.1429,3.5429,-1.4
ORF,LGA,123,35,0.2846,476.3646,59.7045,5.4205,-1.6591
ORF,ORD,173,33,0.1908,1153.8968,108.9856,9.5143,2.5971
ORF,PHL,150,42,0.28,339.5707,43.271,3.4907,0.7944
ORF,PIT,86,17,0.1977,531.0822,63.6667,3.4058,1.7971
ORF,RIC,30,8,0.2667,120.7005,20.0909,11.4091,10.5
ORF,STL,88,8,0.0909,1261.7226,118.8861,4.3125,-1.1899
ORH,JFK,30,18,0.6,241.401,39.3333,4.8333,1.6667
ORH,ORD,60,9,0.15,1324.4868,121.64,3.9412,-31.74
OTZ,ANC,19,2,0.1053,883.5277,78.0,13.4118,15.1765
OTZ,OME,60,6,0.1,294.5092,34.1296,18.3889,16.1111
PBI,ATL,267,33,0.1236,877.0903,80.3176,5.1282,-2.073
PBI,BDL,87,12,0.1379,1823.3822,152.7432,3.72,0.0811
PBI,BNA,60,7,0.1167,1219.8797,105.8491,2.8302,-1.5849
PBI,BOS,141,37,0.2624,1926.38,162.534,4.625,-2.767
PBI,BWI,87,14,0.1609,1421.0472,124.2603,4.3288,-9.1096
PBI,CLE,29,6,0.2069,1641.5268,140.0,-3.5217,-6.6087
PBI,CLT,127,17,0.1339,949.5106,91.1376,-2.8818,-6.5688
PBI,CVG,60,8,0.1333,1435.5313,121.8846,9.8654,1.9231
PBI,DCA,78,47,0.6026,1379.2044,121.0323,-4.6452,-2.9355
PBI,DFW,120,16,0.1333,1775.102,152.8654,3.2308,-1.7981
PBI,DTW,60,8,0.1333,1749.3526,147.8654,5.4423,-2.2885
PBI,EWR,190,33,0.1737,1647.9642,140.1603,4.0764,-6.1987
PBI,IAH,54,7,0.1296,1538.529,137.3191,1.4043,1.4681
PBI,ISP,19,3,0.1579,1693.0257,140.9375,0.3125,-11.9375
PBI,LGA,173,44,0.2543,1665.6669,144.9291,8.3798,0.3465
PBI,MCO,90,10,0.1111,228.5263,30.65,3.0375,-3.0
PBI,ORD,30,7,0.2333,1841.085,156.7826,1.6087,-3.3913
PBI,PHL,90,14,0.1556,1530.4823,133.9737,-0.7763,0.8553
PBI,PIT,60,10,0.1667,1532.0917,131.1429,-0.74,-3.2245
PBI,STL,2,0,0.0,1646.3548,135.5,0.0,-9.0
PBI,TPA,204,24,0.1176,280.0252,33.4581,2.0611,-6.5531
PDX,ABQ,30,3,0.1,1787.9767,136.1538,1.037,-21.2308
PDX,ANC,66,8,0.1212,2481.6023,200.5862,-0.9138,-6.6379
PDX,ATL,90,11,0.1222,3495.4865,250.5443,7.8354,9.8987
PDX,BOI,89,11,0.1236,553.613,49.6667,4.8462,-0.5385
PDX,BUR,80,19,0.2375,1314.8308,109.9508,4.459,2.3115
PDX,CVG,89,11,0.1236,3178.4465,232.7436,0.6667,-8.0513
PDX,DEN,223,63,0.2825,1596.4653,122.2,0.9812,-1.2375
PDX,DFW,158,22,0.1392,2600.6934,193.1353,8.9338,8.5038
PDX,DTW,51,14,0.2745,3143.041,236.0,7.2703,10.5
PDX,EWR,34,5,0.1471,3915.5242,288.0,13.069,15.069
PDX,GEG,116,13,0.1121,449.0059,42.0097,4.301,0.0
PDX,IAD,34,3,0.0882,3744.9342,269.3871,3.2258,2.7742
PDX,IAH,78,17,0.2179,2937.0455,220.7833,2.7049,-2.6333
PDX,JFK,30,5,0.1667,3949.3204,297.88,-0.72,10.12
PDX,LAS,163,38,0.2331,1226.3171,106.728,4.424,0.952
PDX,LAX,364,83,0.228,1342.1896,117.2491,3.8221,-0.5552
PDX,MCI,30,4,0.1333,2383.4325,177.5769,9.6154,-1.6154
PDX,MSP,141,23,0.1631,2294.9188,174.1017,8.7034,6.839
PDX,OAK,317,47,0.1483,873.8716,82.8778,3.7852,1.8222
PDX,ONT,82,20,0.2439,1348.6269,115.5645,7.3065,8.1129
PDX,ORD,292,64,0.2192,2798.6423,206.531,7.0395,6.4292
PDX,PHX,321,43,0.134,1623.8241,133.7509,2.0647,-2.3718
PDX,RNO,100,14,0.14,714.547,63.3023,2.3372,-1.407
PDX,SAN,133,37,0.2782,1501.5142,126.0842,4.8021,3.4842
PDX,SEA,75,19,0.2533,207.6049,31.9464,6.4643,5.1786
PDX,SFO,434,123,0.2834,885.137,84.0355,6.1158,2.3645
PDX,SJC,359,74,0.2061,915.7145,86.4211,1.6351,-0.4982
PDX,SLC,204,21,0.1029,1013.8842,84.3791,1.3005,-2.2582
PDX,SMF,150,16,0.1067,770.8739,68.6642,3.7164,0.4851
PDX,SNA,78,29,0.3718,1382.4231,122.7959,3.0612,-3.1224
PDX,STL,91,14,0.1538,2748.7527,210.1688,5.1299,3.9481
PHL,ALB,150,31,0.2067,341.1801,44.4202,4.479,3.1849
PHL,ATL,528,112,0.2121,1070.2111,98.7524,5.4087,0.0337
PHL,AVP,29,7,0.2414,168.9807,24.3182,4.5909,-2.0
PHL,BDL,174,41,0.2356,315.4306,40.4962,4.3759,0.3985
PHL,BNA,90,13,0.1444,1086.3045,102.2597,7.5844,0.8701
PHL,BOS,664,272,0.4096,450.6152,55.0204,6.8316,-0.3036
PHL,BTV,117,23,0.1966,540.7382,58.6064,4.5532,4.0851
PHL,BUF,149,34,0.2282,449.0059,47.9565,5.9652,0.9652
PHL,BWI,94,16,0.1702,144.8406,24.1795,6.7051,-2.1282
PHL,CLE,139,30,0.2158,584.1904,61.9358,4.7248,-2.7706
PHL,CLT,292,46,0.1575,720.9843,69.3429,6.5122,0.9918
PHL,CMH,110,28,0.2545,651.7827,65.622,5.5732,-2.0
PHL,CVG,114,31,0.2719,815.9354,76.3373,2.0723,-7.0964
PHL,DAY,6,0,0.0,767.6552,69.8333,11.1667,3.8333
PHL,DCA,143,93,0.6503,191.5115,27.2,7.14,-1.66
PHL,DEN,197,43,0.2183,2505.7424,206.9145,8.6883,-3.2368
PHL,DFW,339,86,0.2537,2095.3607,172.3414,12.0079,5.5261
PHL,DTW,344,63,0.1831,729.031,74.6975,6.2847,3.3701
PHL,FLL,185,25,0.1351,1596.4653,142.1139,9.2375,7.1772
PHL,GSO,119,26,0.2185,587.4091,60.0645,0.5269,-4.3333
PHL,GSP,30,8,0.2667,827.2008,79.9545,6.3182,2.2727
PHL,IAD,38,5,0.1316,215.6516,32.5152,7.9697,3.1515
PHL,IAH,253,44,0.1739,2130.7662,180.8911,6.0191,0.9901
PHL,IND,165,44,0.2667,944.6826,88.6364,4.3058,-0.7686
PHL,JAX,91,13,0.1429,1194.1303,105.3896,6.0128,-2.9481
PHL,LAS,141,28,0.1986,3501.9238,277.375,13.4602,-8.0982
PHL,LAX,253,47,0.1858,3864.0253,304.4776,12.7864,0.4776
PHL,LGA,30,8,0.2667,154.4966,29.1818,2.2273,-3.2727
PHL,MCI,84,18,0.2143,1670.4949,142.7385,3.7576,-12.4
PHL,MCO,267,47,0.176,1385.6417,120.8545,11.5364,7.7136
PHL,MEM,84,13,0.1548,1406.5632,125.2817,-1.5493,-3.5634
PHL,MHT,150,25,0.1667,466.7086,55.512,5.488,6.76
PHL,MIA,180,29,0.1611,1630.2614,138.68,15.4834,11.6733
PHL,MSP,247,60,0.2429,1577.1532,139.8324,9.4225,-2.7676
PHL,MSY,62,12,0.1935,1750.9619,152.449,10.3,2.7959
PHL,MYR,5,1,0.2,761.2178,71.5,-3.5,-20.5
PHL,ORD,775,232,0.2994,1091.1325,102.061,9.5764,4.9168
PHL,ORF,150,38,0.2533,339.5707,39.1161,2.5714,-3.4464
PHL,PBI,90,14,0.1556,1530.4823,133.0,5.9474,6.0667
PHL,PHX,169,35,0.2071,3339.3805,267.5606,15.8507,-1.197
PHL,PIT,377,71,0.1883,429.6938,45.4477,5.4216,3.4248
PHL,PVD,147,35,0.2381,383.0229,43.4286,5.4107,0.3036
PHL,PWM,149,31,0.2081,587.4091,57.9492,2.5847,0.1864
PHL,RDU,269,59,0.2193,540.7382,56.9048,7.2667,-1.5429
PHL,RIC,179,62,0.3464,318.6493,41.1453,1.0342,-3.5641
PHL,ROC,150,50,0.3333,413.6004,46.1515,2.16,-6.6061
PHL,RSW,65,7,0.1077,1596.4653,145.7368,3.6034,-0.7368
PHL,SAN,68,7,0.1029,3812.5265,302.1803,9.0328,-4.3607
PHL,SEA,113,22,0.1947,3827.0105,308.5222,13.4505,-6.7111
PHL,SFO,227,52,0.2291,4057.1461,318.2023,13.9429,-2.7457
PHL,SJU,125,14,0.112,2536.3198,203.7297,19.4955,12.6036
PHL,SLC,60,6,0.1,3099.5888,252.5849,11.8148,-1.0755
PHL,STL,232,36,0.1552,1308.3934,116.3418,9.9082,2.6888
PHL,STT,30,4,0.1333,2582.9907,206.44,2.8462,-16.88
PHL,SYR,119,44,0.3697,366.9295,42.5467,-0.7867,-4.6667
PHL,TPA,208,36,0.1731,1480.5928,131.0234,3.3605,2.2222
PHX,ABQ,529,64,0.121,527.8635,46.6538,6.3269,0.243
PHX,ANC,4,0,0.0,4105.4263,319.0,0.0,1.75
PHX,ATL,351,51,0.1453,2554.0226,186.4333,3.9467,1.94
PHX,AUS,255,35,0.1373,1403.3445,110.1045,6.8364,-1.1
PHX,BDL,30,3,0.1,3561.4694,260.5926,11.9259,24.5926
PHX,BHM,30,3,0.1,2341.5897,170.8519,5.4074,-15.7037
PHX,BNA,89,10,0.1124,2330.3243,170.5696,3.2405,-10.4937
PHX,BOI,54,6,0.1111,1182.8649,102.8958,17.0208,14.9792
PHX,BOS,80,22,0.275,3701.482,274.2069,9.5517,17.0517
PHX,BUF,30,3,0.1,3077.0581,224.037,2.3704,-10.4815
PHX,BUR,334,49,0.1467,593.8465,65.8947,3.8702,0.0737
PHX,BWI,234,32,0.1368,3217.0707,236.5941,13.6683,5.1683
PHX,CLE,113,25,0.2212,2795.4236,208.4432,4.9318,3.1818
PHX,CLT,60,9,0.15,2854.9692,207.0392,-3.0,-6.0392
PHX,CMH,142,14,0.0986,2689.2071,197.8047,18.3047,15.0234
PHX,COS,84,11,0.131,886.7463,77.726,11.7534,10.6438
PHX,CVG,106,19,0.1792,2525.0545,186.5172,0.9425,2.7816
PHX,DCA,46,26,0.5652,3184.8839,233.0,1.15,1.5
PHX,DEN,515,134,0.2602,968.8227,82.5407,7.7192,2.8871
PHX,DFW,482,94,0.195,1396.9071,114.5365,9.7448,7.0182
PHX,DTW,227,37,0.163,2689.2071,203.963,7.4368,8.9312
PHX,ELP,331,41,0.1239,558.441,50.1448,3.8207,-1.0586
PHX,EWR,228,52,0.2281,3432.7222,259.4057,5.9432,8.5943
PHX,FLL,30,3,0.1,3173.6185,240.4074,22.0,25.2593
PHX,GEG,59,6,0.1017,1641.5268,136.6792,9.5849,11.7358
PHX,HOU,171,19,0.1111,1641.5268,126.6159,6.9342,-7.0596
PHX,IAD,30,3,0.1,3147.869,229.9259,3.3704,-2.0
PHX,IAH,311,39,0.1254,1623.8241,132.0996,7.114,0.8819
PHX,ICT,55,5,0.0909,1400.1258,112.66,7.84,6.76
PHX,IND,90,8,0.0889,2396.3073,178.1585,9.7561,2.9024
PHX,JFK,113,24,0.2124,3464.909,265.7528,3.7865,9.3146
PHX,LAS,1049,127,0.1211,411.991,43.8033,7.9642,4.0717
PHX,LAX,1152,198,0.1719,595.4558,57.98,6.7956,-1.1628
PHX,LGB,126,23,0.1825,571.3157,56.2427,8.7573,5.165
PHX,LIT,30,3,0.1,1828.2102,138.5556,7.7778,-2.5556
PHX,MCI,281,43,0.153,1680.151,131.5148,7.2941,1.1941
PHX,MCO,90,11,0.1222,2974.0603,221.557,11.4684,0.3797
PHX,MDW,90,10,0.1111,2323.887,173.85,7.1875,-2.85
PHX,MEM,30,3,0.1,2032.5964,154.4815,3.1852,4.1111
PHX,MIA,30,3,0.1,3173.6185,239.7037,6.7778,4.7778
PHX,MKE,60,6,0.1,2349.6364,177.4444,12.6481,17.8704
PHX,MSP,281,40,0.1423,2053.5178,158.2083,8.1577,8.7792
PHX,MSY,92,11,0.1196,2093.7513,158.9012,11.5185,-3.2469
PHX,OAK,346,42,0.1214,1039.6336,96.7895,6.2961,3.0921
PHX,OKC,95,9,0.0947,1340.5802,103.6977,5.9302,-6.2209
PHX,OMA,172,25,0.1453,1668.8856,131.1429,9.5918,4.5918
PHX,ONT,576,79,0.1372,523.0355,49.6343,6.7706,1.9576
PHX,ORD,477,110,0.2306,2317.4496,176.4251,11.2888,9.3515
PHX,PDX,323,43,0.1331,1623.8241,138.8107,7.3821,0.875
PHX,PHL,170,37,0.2176,3339.3805,249.7652,8.2556,6.6439
PHX,PIT,119,20,0.1681,2917.7334,211.5859,3.101,-0.4747
PHX,PVD,60,7,0.1167,3664.4672,266.3208,12.3962,-6.6226
PHX,RNO,230,23,0.1,967.2133,86.6812,8.5362,3.2705
PHX,SAN,681,85,0.1248,489.2394,48.6934,6.1007,1.3595
PHX,SAT,205,22,0.1073,1356.6736,105.3934,5.4317,-2.6011
PHX,SDF,30,3,0.1,2423.666,181.0741,6.7037,-11.5556
PHX,SEA,395,61,0.1544,1781.5394,150.858,6.7395,1.6495
PHX,SFO,349,68,0.1948,1047.6803,96.275,8.1922,3.6357
PHX,SJC,433,64,0.1478,999.4001,92.1518,5.9593,-0.1951
PHX,SLC,454,64,0.141,815.9354,71.5116,3.3513,-1.1388
PHX,SMF,315,35,0.1111,1041.243,94.8964,7.9964,2.2321
PHX,SNA,315,44,0.1397,543.9569,54.1513,3.8192,0.3395
PHX,STL,410,57,0.139,2030.9871,156.4176,7.4873,0.8267
PHX,TPA,86,11,0.1279,2877.4999,213.52,6.6267,-0.9467
PHX,TUL,95,11,0.1158,1504.7329,116.4048,8.1071,-4.3214
PHX,TUS,378,55,0.1455,177.0274,24.3467,4.8576,2.2012
PIA,ORD,144,24,0.1667,209.2142,29.1167,1.9333,0.575
PIT,ABE,119,24,0.2017,407.163,42.1368,4.6632,4.2421
PIT,ALB,120,19,0.1583,590.6278,56.3861,3.099,1.7624
PIT,ATL,302,39,0.1291,846.5128,80.0496,4.4449,-1.4809
PIT,AVP,89,14,0.1573,391.0696,40.8,4.1067,2.1333
PIT,BDL,147,25,0.1701,653.392,62.1475,3.041,0.9836
PIT,BNA,117,31,0.265,743.5151,72.8235,4.9651,4.4941
PIT,BOS,234,59,0.2521,798.2326,75.56,4.1086,1.7771
PIT,BTV,30,5,0.1667,730.6404,62.52,1.92,-1.32
PIT,BUF,120,18,0.15,299.3372,33.8922,3.9608,-0.7255
PIT,BWI,230,42,0.1826,337.9614,42.2128,5.9043,5.2713
PIT,CAK,83,22,0.2651,112.6538,18.7213,2.0656,-1.918
PIT,CLT,402,89,0.2214,589.0184,61.5335,3.4824,2.607
PIT,CMH,147,32,0.2177,231.745,29.6435,2.9913,-0.487
PIT,CRW,86,30,0.3488,263.9318,30.0,3.5357,0.1071
PIT,CVG,56,6,0.1071,411.991,43.62,3.02,-0.68
PIT,DAY,114,24,0.2105,346.0081,38.4556,5.3,4.7556
PIT,DCA,173,112,0.6474,329.9147,37.9836,3.0984,1.6885
PIT,DEN,127,16,0.126,2076.0486,169.8649,4.7477,-6.4865
PIT,DFW,235,40,0.1702,1718.7751,145.829,6.5282,0.8808
PIT,DTW,244,62,0.2541,323.4773,40.7857,0.7143,-6.4341
PIT,ELM,15,0,0.0,334.7427,36.4667,-3.7333,-6.3333
PIT,ERI,120,36,0.3,175.4181,22.9762,1.5119,-4.1667
PIT,EWR,247,61,0.247,513.3795,58.6505,8.5699,5.4301
PIT,FLL,93,14,0.1505,1599.684,137.2949,3.3165,1.4487
PIT,GRR,60,16,0.2667,513.3795,52.0,1.0227,-4.75
PIT,GSO,60,8,0.1333,489.2394,48.6731,5.3077,4.3654
PIT,HPN,54,23,0.4259,555.2223,65.0645,1.0,2.9355
PIT,IAD,30,4,0.1333,294.5092,35.7692,-1.2692,-2.8077
PIT,IAH,188,38,0.2021,1797.6328,158.3401,2.8333,2.4762
PIT,IND,149,33,0.2215,523.0355,53.7652,4.7328,4.5652
PIT,ITH,20,0,0.0,384.6323,41.7,1.9,1.2
PIT,JFK,94,35,0.3723,547.1756,82.5932,15.3729,11.0
PIT,LAS,88,14,0.1591,3073.8394,243.8919,6.2838,-2.9324
PIT,LAX,143,35,0.2448,3437.5502,271.7685,12.1944,3.8333
PIT,LEX,27,7,0.2593,465.0993,51.4,-1.4,-0.55
PIT,LGA,316,86,0.2722,539.1289,57.9261,4.7348,0.5217
PIT,MCI,120,21,0.175,1244.0198,109.0505,1.0606,-6.2727
PIT,MCO,234,43,0.1838,1342.1896,112.5632,6.7644,6.3211
PIT,MDT,118,30,0.2542,297.7279,34.4773,0.125,-1.7614
PIT,MHT,90,10,0.1111,780.5299,67.1125,4.3375,0.0
PIT,MIA,88,18,0.2045,1630.2614,140.7714,2.4571,5.6286
PIT,MKE,116,28,0.2414,693.6255,69.5682,2.5227,0.6818
PIT,MSP,174,28,0.1609,1168.3808,106.3333,4.3082,-3.9375
PIT,MSY,60,11,0.1833,1477.3741,127.3469,-2.1224,-8.1837
PIT,MYR,5,1,0.2,766.0458,68.75,3.25,7.25
PIT,ORD,545,121,0.222,663.0481,66.875,7.25,1.2476
PIT,ORF,84,13,0.1548,531.0822,59.8169,2.4085,2.1831
PIT,PBI,60,9,0.15,1532.0917,127.9804,2.3922,-0.1961
PIT,PHL,347,67,0.1931,429.6938,48.5143,6.375,6.4071
PIT,PHX,119,19,0.1597,2917.7334,233.2,7.05,-2.35
PIT,PVD,119,26,0.2185,751.5618,70.9785,0.9785,1.6989
PIT,PWM,59,15,0.2542,893.1837,74.9091,7.5,6.4318
PIT,RDU,114,20,0.1754,527.8635,55.0745,0.1596,0.1596
PIT,RIC,85,23,0.2706,416.8191,49.3065,1.2581,-1.2258
PIT,ROA,57,15,0.2632,352.4455,40.0476,7.5952,7.3333
PIT,ROC,120,29,0.2417,360.4922,38.8462,7.0,3.8901
PIT,RSW,60,8,0.1333,1554.6224,131.5769,9.3269,7.0192
PIT,SAN,88,15,0.1705,3389.27,268.1528,6.9726,-2.6944
PIT,SBN,59,20,0.339,527.8635,53.5385,1.641,-0.5641
PIT,SDF,115,26,0.2261,539.1289,58.6966,-0.0337,-1.3596
PIT,SEA,119,19,0.1597,3419.8475,275.36,14.02,1.09
PIT,SFO,145,24,0.1655,3627.4524,285.5882,7.2314,-6.6975
PIT,SJU,9,3,0.3333,2798.6423,221.6,-4.1667,-5.6
PIT,SNA,60,10,0.1667,3403.7541,269.7551,2.64,-6.898
PIT,STL,252,51,0.2024,889.965,82.71,1.99,-2.875
PIT,SYR,120,26,0.2167,449.0059,45.2447,4.1702,1.2979
PIT,TPA,150,20,0.1333,1404.9538,119.9457,5.4769,7.6357
PNS,ATL,206,34,0.165,437.7405,44.6802,-0.4767,-5.7442
PNS,CLT,120,28,0.2333,785.3579,72.4457,-2.9457,-3.1522
PNS,IAH,55,9,0.1636,786.9673,73.2826,-3.0435,-4.6739
PNS,JAN,29,6,0.2069,341.1801,36.3478,-6.3478,-5.913
PNS,MSY,28,4,0.1429,299.3372,34.375,-6.3333,-8.625
PSC,GEG,30,4,0.1333,193.1208,23.8077,-1.0385,-2.1538
PSC,SLC,58,6,0.1034,838.4661,70.75,-0.9615,-4.7692
PSG,JNU,30,5,0.1667,197.9488,29.2,14.32,15.68
PSG,WRG,30,8,0.2667,49.8895,13.9545,22.0,26.2273
PSP,DFW,56,7,0.125,1812.1168,140.0204,2.1429,-2.3878
PSP,LAX,325,67,0.2062,177.0274,31.0039,2.6705,-0.1783
PSP,ORD,26,4,0.1538,2658.6297,198.3182,4.0909,-4.3636
PSP,SEA,23,4,0.1739,1588.4186,138.1579,2.2632,2.1053
PSP,SFO,60,8,0.1333,677.5321,65.6863,-0.1154,0.7647
PVD,ATL,119,12,0.1008,1453.234,131.1495,4.785,-3.1495
PVD,BNA,60,6,0.1,1459.6714,130.7963,6.0741,-4.7222
PVD,BWI,463,76,0.1641,527.8635,60.1886,5.0052,-0.1189
PVD,CLT,119,21,0.1765,1099.1792,102.5204,0.4388,-2.8367
PVD,CVG,59,4,0.0678,1161.9435,106.7818,2.0727,-7.6909
PVD,DCA,101,63,0.6238,574.5344,64.5789,-0.0263,-0.7895
PVD,DTW,139,25,0.1799,988.1348,90.8158,2.4123,-8.4035
PVD,EWR,93,24,0.2581,257.4944,42.8551,5.6667,0.5797
PVD,FLL,30,4,0.1333,1911.8959,172.08,11.2308,8.8
PVD,IAH,5,0,0.0,2508.9611,221.0,-3.4,6.0
PVD,ISP,106,13,0.1226,173.8087,24.0108,3.2258,-2.0753
PVD,JFK,150,38,0.2533,231.745,36.4732,5.5357,-1.1339
PVD,LGA,173,68,0.3931,230.1356,37.1619,10.5333,-3.7905
PVD,MCI,30,3,0.1,1985.9256,169.7692,1.4444,-12.8077
PVD,MCO,155,18,0.1161,1726.8218,151.2206,5.5109,-3.4779
PVD,MDW,89,12,0.1348,1355.0643,122.2338,5.8571,-5.974
PVD,ORD,238,50,0.2101,1366.3297,121.7112,8.8511,-0.3209
PVD,PHL,147,39,0.2653,383.0229,55.9907,2.6019,2.8505
PVD,PHX,60,6,0.1,3664.4672,304.5283,2.9259,-12.3019
PVD,PIT,118,27,0.2288,751.5618,74.0879,1.967,-0.1319
PVD,TPA,60,7,0.1167,1829.8196,164.2308,3.0566,-2.25
PWM,ATL,59,7,0.1186,1652.7922,141.0577,7.9615,-2.9808
PWM,BOS,221,66,0.2986,152.8873,28.8323,4.3806,0.4581
PWM,CVG,88,11,0.125,1303.5654,115.1039,8.4156,-0.6494
PWM,DTW,60,7,0.1167,1075.0391,99.0377,2.2264,-6.717
PWM,EWR,5,0,0.0,457.0526,64.2,6.6,9.0
PWM,LGA,144,51,0.3542,434.5218,53.3656,7.6452,-5.7849
PWM,MHT,3,0,0.0,120.7005,19.0,17.0,14.0
PWM,ORD,120,21,0.175,1448.406,129.5,10.303,1.1939
PWM,PHL,120,24,0.2,587.4091,71.8854,2.4167,-0.1771
PWM,PIT,88,21,0.2386,893.1837,85.1642,1.2985,1.7164
RAP,MSP,110,22,0.2,788.5766,71.7045,4.8295,2.7159
RDU,ATL,292,39,0.1336,572.925,57.336,2.664,-4.668
RDU,AUS,59,7,0.1186,1870.0531,156.7843,2.4423,-4.9608
RDU,BNA,146,18,0.1233,712.9376,67.6641,4.0391,-2.1797
RDU,BOS,142,23,0.162,984.9161,87.5882,4.9916,-15.7983
RDU,BWI,149,19,0.1275,410.3817,43.1923,3.5308,-0.5692
RDU,CLT,252,49,0.1944,209.2142,30.8374,0.4286,-1.9852
RDU,CVG,81,16,0.1975,627.6426,64.1077,7.8769,-1.1385
RDU,DCA,99,83,0.8384,365.3202,40.9375,-4.1875,-5.1875
RDU,DFW,249,55,0.2209,1709.1191,147.134,13.6907,7.7165
RDU,DTW,139,20,0.1439,806.2793,84.5932,0.8319,-5.8898
RDU,EWR,257,69,0.2685,669.4854,66.8564,6.383,-1.3457
RDU,IAH,98,23,0.2347,1678.5416,146.2432,2.8,-4.9459
RDU,JFK,155,29,0.1871,685.5788,95.9524,10.0317,1.9921
RDU,LAS,5,0,0.0,3262.1322,264.6,0.0,-16.8
RDU,LGA,229,73,0.3188,693.6255,67.4487,12.3846,2.4551
RDU,MCI,30,3,0.1,1454.8434,131.037,0.0,-9.7037
RDU,MCO,30,3,0.1,859.3876,81.1481,0.963,-2.8519
RDU,MDW,90,10,0.1111,1017.1029,97.2911,4.675,-3.6582
RDU,MEM,84,9,0.1071,1020.3216,94.0267,1.1467,-4.92
RDU,MIA,60,15,0.25,1126.538,101.2444,19.2222,18.1333
RDU,MSP,90,11,0.1222,1578.7625,140.3462,-1.4557,-10.1795
RDU,ORD,274,61,0.2226,1041.243,100.2911,9.8498,6.0798
RDU,PHL,269,58,0.2156,540.7382,59.3697,9.4502,1.5545
RDU,PIT,110,22,0.2,527.8635,59.5341,1.9432,0.7727
RDU,STL,113,10,0.0885,1073.4298,103.4369,6.3107,1.0583
RDU,TPA,60,6,0.1,944.6826,87.463,11.6667,3.7407
RIC,ATL,243,76,0.3128,774.0925,75.6766,3.0359,-1.6527
RIC,BOS,115,25,0.2174,762.8272,70.9667,1.8778,-5.9444
RIC,CLT,230,70,0.3043,411.991,46.9188,-2.0812,-2.825
RIC,CVG,57,9,0.1579,664.6574,66.9792,0.7917,-8.6875
RIC,DFW,82,19,0.2317,1863.6157,157.6774,15.2222,11.8065
RIC,DTW,103,18,0.1748,733.859,77.5647,-0.7529,-6.4706
RIC,EWR,35,14,0.4,447.3965,53.381,8.8095,13.4286
RIC,IAH,19,10,0.5263,1862.0064,153.6667,4.7778,-4.5556
RIC,LGA,99,18,0.1818,469.9273,52.8889,0.1605,-8.9259
RIC,ORD,200,45,0.225,1033.1963,100.1623,4.2065,-3.7532
RIC,ORF,52,22,0.4231,120.7005,19.9333,15.8,17.5333
RIC,PHL,179,55,0.3073,318.6493,42.4146,0.7581,3.3984
RIC,PIT,85,24,0.2824,416.8191,52.4918,-3.1148,-6.6393
RIC,STL,57,6,0.1053,1150.6781,107.2549,8.8824,0.3922
RNO,BOI,84,11,0.131,539.1289,48.9315,4.9041,-0.137
RNO,DEN,65,14,0.2154,1293.9094,103.549,8.1373,5.098
RNO,DFW,119,19,0.1597,2164.5623,162.9495,13.73,13.5152
RNO,IAH,30,3,0.1,2462.2902,188.7308,4.6296,-2.5
RNO,LAS,315,38,0.1206,555.2223,53.0903,2.1191,-1.2996
RNO,LAX,277,59,0.213,627.6426,63.133,8.5826,1.8853
RNO,MSP,60,8,0.1333,2262.732,173.3654,-3.1346,-3.0
RNO,OAK,203,27,0.133,289.6812,36.4205,2.5114,-0.0682
RNO,ORD,65,11,0.1692,2689.2071,201.6604,21.5,18.0
RNO,PDX,100,11,0.11,714.547,65.618,5.9101,1.1348
RNO,PHX,230,23,0.1,967.2133,82.7681,0.942,-4.3092
RNO,SEA,169,30,0.1775,907.6678,84.3237,1.9928,-4.0
RNO,SFO,119,28,0.2353,308.9933,44.5222,12.6923,8.4333
RNO,SJC,176,18,0.1023,302.5559,42.3608,2.6076,0.0253
RNO,SLC,60,7,0.1167,679.1415,60.6226,2.2264,-3.5283
ROA,CLT,85,30,0.3529,249.4477,32.2182,2.2909,-0.7818
ROA,PIT,87,22,0.2529,352.4455,43.0,-2.1846,-2.0923
ROC,ATL,88,16,0.1818,1205.3957,102.831,-1.0694,-13.2817
ROC,BOS,104,27,0.2596,552.0036,77.2078,0.039,-5.1948
ROC,CLT,60,11,0.1833,922.1518,88.6939,-4.1633,-7.9592
ROC,DCA,78,47,0.6026,476.3646,51.8065,-4.5484,-6.9677
ROC,DTW,98,14,0.1429,476.3646,51.1905,0.3929,-4.2381
ROC,IAD,30,7,0.2333,465.0993,56.2174,6.6522,11.9565
ROC,JFK,98,20,0.2041,424.8658,73.2436,5.359,0.6923
ROC,LGA,102,47,0.4608,408.7724,48.5636,-1.2364,-4.1091
ROC,MCO,5,0,0.0,1662.4482,138.4,-5.0,-11.2
ROC,ORD,295,68,0.2305,849.7315,80.4336,11.6035,5.9159
ROC,PHL,150,49,0.3267,413.6004,56.98,1.7129,0.29
ROC,PIT,120,33,0.275,360.4922,41.6667,-0.2069,-3.3678
ROC,SYR,28,8,0.2857,127.1379,21.05,-0.1,-3.45
RST,MSP,59,9,0.1525,122.3098,24.08,2.52,-0.22
RST,ORD,120,18,0.15,431.3031,47.7745,9.2843,5.9804
RSW,ATL,238,37,0.1555,828.8101,78.2388,3.9204,-3.2786
RSW,BOS,89,20,0.2247,2010.0657,163.3913,1.4638,-6.971
RSW,BWI,30,5,0.1667,1478.9835,123.24,0.44,-7.72
RSW,CLE,31,4,0.129,1649.5735,135.4444,-6.5556,-12.3704
RSW,CLT,128,13,0.1016,965.604,88.5789,-0.8522,-2.0175
RSW,CMH,30,5,0.1667,1496.6862,125.36,-7.28,-12.32
RSW,CVG,60,8,0.1333,1414.6099,117.3462,-1.3462,-5.7885
RSW,DTW,60,10,0.1667,1746.1339,139.72,10.26,6.4
RSW,EWR,108,44,0.4074,1718.7751,148.7188,11.7344,10.9062
RSW,IAH,31,2,0.0645,1385.6417,129.5517,-3.3448,-1.5517
RSW,IND,18,9,0.5,1522.4356,129.0,8.7778,14.8889
RSW,LGA,55,27,0.4909,1738.0872,150.75,15.9643,5.2857
RSW,MIA,173,34,0.1965,168.9807,30.2302,-1.8921,-6.4173
RSW,ORD,30,6,0.2,1802.4608,150.9583,2.9583,-1.3333
RSW,PHL,65,9,0.1385,1596.4653,131.9107,-5.4107,-15.3929
RSW,PIT,60,9,0.15,1554.6224,126.451,-2.6471,-4.7255
RSW,STL,61,5,0.082,1575.5439,135.1636,2.8929,1.0
SAN,ABQ,117,15,0.1282,1010.6655,80.9804,9.3824,3.3431
SAN,ATL,149,18,0.1208,3043.2619,217.3511,3.1069,-0.7176
SAN,AUS,59,8,0.1356,1873.2718,140.8824,3.7255,-7.6078
SAN,BNA,60,7,0.1167,2817.9543,208.3962,20.4528,10.1887
SAN,BOS,43,7,0.1628,4164.9719,305.8889,13.0833,13.4167
SAN,CLT,68,9,0.1324,3342.5992,241.9831,0.7119,-3.0339
SAN,CVG,89,9,0.1011,3001.4191,216.5375,2.65,-0.9625
SAN,DEN,200,52,0.26,1372.767,111.6014,5.0,5.6892
SAN,DFW,315,72,0.2286,1884.5371,147.4733,10.7037,7.4486
SAN,DTW,60,7,0.1167,3149.4784,241.0189,4.9623,9.3962
SAN,ELP,41,4,0.0976,1023.5402,81.8919,6.2432,1.8378
SAN,EWR,92,23,0.25,3902.6495,289.4783,3.6812,4.971
SAN,IAD,77,20,0.2597,3625.843,261.2321,3.2456,4.0893
SAN,IAH,143,24,0.1678,2096.97,164.6017,4.2773,3.1186
SAN,JFK,90,25,0.2778,3936.4456,301.2769,8.4462,20.0769
SAN,LAS,465,55,0.1183,415.2097,48.1024,4.3171,1.0024
SAN,LAX,1068,325,0.3043,175.4181,29.603,4.677,2.5357
SAN,MCI,30,3,0.1,2145.2502,161.7407,3.8148,-6.5926
SAN,MEM,21,10,0.4762,2521.8358,184.3,32.4545,34.9
SAN,MSP,119,16,0.1345,2465.5089,190.0686,2.2039,1.5784
SAN,MSY,30,4,0.1333,2573.3347,185.5769,0.5385,-13.5
SAN,OAK,427,51,0.1194,717.7656,65.5093,5.883,4.4613
SAN,ORD,327,71,0.2171,2772.8928,209.0392,10.0625,6.949
SAN,PDX,132,36,0.2727,1501.5142,123.9583,7.8333,10.4583
SAN,PHL,68,8,0.1176,3812.5265,282.1207,3.4167,3.6897
SAN,PHX,685,92,0.1343,489.2394,50.5261,4.3373,1.8853
SAN,PIT,89,14,0.1573,3389.27,243.04,8.8267,11.0133
SAN,SEA,227,55,0.2423,1689.807,142.4327,9.5698,8.5556
SAN,SFO,392,106,0.2704,719.375,63.5088,10.0979,4.4702
SAN,SJC,434,54,0.1244,671.0948,59.8895,7.1447,4.2895
SAN,SLC,149,16,0.1074,1007.4468,86.3835,4.2857,-2.1203
SAN,SMF,345,49,0.142,772.4832,69.0709,5.3919,1.3311
SAN,STL,120,12,0.1,2507.3517,192.8704,1.9907,1.6019
SAN,TUS,90,15,0.1667,590.6278,53.4933,3.5867,-2.8
SAT,ATL,165,32,0.1939,1406.5632,115.609,9.7068,9.7218
SAT,AUS,30,3,0.1,106.2164,19.0741,1.5556,3.7037
SAT,BNA,30,3,0.1,1322.8775,109.7692,0.0,-1.1154
SAT,BWI,30,3,0.1,2264.3414,175.8889,3.7778,-4.6667
SAT,CVG,55,15,0.2727,1647.9642,132.525,19.3,14.925
SAT,DAL,400,59,0.1475,399.1163,43.3824,3.9208,1.8176
SAT,DEN,81,29,0.358,1277.816,107.2692,-1.1923,-4.5
SAT,DFW,426,85,0.1995,397.507,44.0206,11.0938,9.2743
SAT,ELP,107,12,0.1121,798.2326,70.0526,4.9579,0.7789
SAT,EWR,24,3,0.125,2525.0545,210.0,22.7619,19.0476
SAT,HOU,349,46,0.1318,308.9933,34.3775,4.5149,1.6258
SAT,HRL,60,7,0.1167,374.9762,37.0943,3.7925,-0.7358
SAT,IAH,298,60,0.2013,307.3839,38.7173,8.8235,6.6456
SAT,LAS,114,14,0.1228,1720.3845,146.12,2.92,-2.41
SAT,LAX,54,8,0.1481,1947.3014,162.3261,-0.2174,-14.4783
SAT,MCO,30,4,0.1333,1673.7136,139.8077,0.0769,-5.7308
SAT,MEM,90,9,0.1,1005.8375,85.9383,-3.1358,-6.6296
SAT,MSP,60,6,0.1,1765.446,141.9245,-2.2593,-4.1132
SAT,ORD,177,32,0.1808,1675.3229,140.4056,9.0897,7.993
SAT,PHX,179,17,0.095,1356.6736,119.0185,4.7037,2.0926
SAT,SLC,30,4,0.1333,1747.7432,146.5385,7.1923,-0.4231
SAT,STL,143,16,0.1119,1264.9412,110.9685,-1.0157,-1.7087
SAT,TPA,35,3,0.0857,1564.2785,127.5312,0.5938,-4.625
SAV,ATL,286,61,0.2133,346.0081,39.7689,6.8622,1.5378
SAV,CLT,176,51,0.2898,342.7894,43.072,-0.888,-1.6
SAV,DFW,64,5,0.0781,1488.6395,134.5439,10.0508,7.3509
SAV,EWR,1,0,0.0,1139.4127,94.0,-7.0,-32.0
SAV,MIA,60,36,0.6,708.1096,114.375,-1.6667,1.2083
SBA,LAX,389,97,0.2494,143.2313,31.7089,8.0411,8.4897
SBA,SFO,144,36,0.25,421.6471,43.2056,5.4815,0.5701
SBN,DTW,75,9,0.12,252.6664,36.2727,15.4848,13.8788
SBN,PIT,59,19,0.322,527.8635,53.725,2.175,5.15
SBP,LAX,202,35,0.1733,249.4477,46.018,9.6467,9.8743
SCC,ANC,34,2,0.0588,1007.4468,91.2188,19.5625,19.7812
SCC,FAI,8,2,0.25,600.2838,54.1667,-6.3333,-14.1667
SDF,ATL,199,35,0.1759,516.5981,55.9756,1.378,-3.7561
SDF,BHM,60,7,0.1167,519.8168,50.7736,1.8113,-0.0566
SDF,BWI,142,18,0.1268,796.6233,75.8629,3.1532,1.2903
SDF,CLT,90,19,0.2111,540.7382,57.8286,-1.5775,-1.9143
SDF,CVG,86,20,0.2326,133.5752,25.1364,7.8333,3.9697
SDF,DFW,114,32,0.2807,1179.6462,105.6341,1.5732,-1.0244
SDF,DTW,124,26,0.2097,492.458,57.6122,0.9082,-1.6735
SDF,IAH,34,5,0.1471,1268.1599,114.6552,4.7931,1.5517
SDF,LAS,30,3,0.1,2613.5682,214.7037,1.8889,1.5926
SDF,LEX,28,4,0.1429,101.3884,17.4583,13.0833,12.5417
SDF,MCO,30,3,0.1,1155.5061,100.0,19.4815,14.3333
SDF,MDW,189,26,0.1376,436.1311,46.2025,6.4172,4.5276
SDF,MEM,30,4,0.1333,514.9888,56.2692,-0.0385,-3.9231
SDF,MSP,60,6,0.1,970.432,96.2075,-0.2778,-7.5094
SDF,PHX,30,3,0.1,2423.666,203.0,0.5926,-16.8846
SDF,PIT,116,32,0.2759,539.1289,55.0714,-1.6429,-1.4762
SDF,STL,253,29,0.1146,408.7724,49.3559,10.2946,6.9324
SDF,TPA,30,4,0.1333,1169.9902,102.5385,0.0,-5.5
SEA,ABQ,30,3,0.1,1899.0212,146.7037,10.0741,1.0
SEA,ANC,599,75,0.1252,2331.9337,192.1775,4.0191,-2.8073
SEA,ATL,136,14,0.1029,3511.5799,251.0492,14.7705,13.1803
SEA,BNA,30,3,0.1,3181.6652,233.8519,3.037,-5.6296
SEA,BOI,90,11,0.1222,642.1267,56.5696,2.9114,-1.443
SEA,BOS,34,5,0.1471,4016.9126,288.7241,10.4138,3.7931
SEA,BUR,92,19,0.2065,1507.9516,123.5342,3.0137,1.5753
SEA,BWI,29,3,0.1034,3757.8089,272.3846,10.5,10.6538
SEA,CLE,5,1,0.2,3252.4761,240.0,-1.5,-6.75
SEA,CLT,90,15,0.1667,3667.6859,263.08,8.2133,8.9867
SEA,CVG,60,6,0.1,3160.7438,230.7222,7.3148,5.463
SEA,DEN,299,81,0.2709,1647.9642,126.3761,7.3899,2.8853
SEA,DFW,299,42,0.1405,2671.5044,199.0195,10.4008,6.4609
SEA,DTW,136,23,0.1691,3101.1982,224.8496,8.1858,6.531
SEA,EWR,127,32,0.252,3864.0253,279.7263,4.1579,0.3684
SEA,FAI,75,9,0.12,2467.1182,202.7424,7.2424,4.9697
SEA,GEG,374,80,0.2139,360.4922,36.0918,5.5918,3.3435
SEA,HNL,30,3,0.1,4308.2032,318.5926,13.7037,15.1481
SEA,IAD,110,31,0.2818,3711.138,264.1923,4.0253,4.3462
SEA,IAH,149,23,0.1544,3015.9032,223.968,3.0159,-4.384
SEA,JFK,94,23,0.2447,3896.2121,290.0286,6.9437,9.2
SEA,JNU,125,10,0.08,1462.8901,130.7876,6.9043,8.3717
SEA,KTN,127,14,0.1102,1094.3512,102.2857,3.708,2.9464
SEA,LAS,301,71,0.2359,1393.6884,119.5217,4.4522,1.1087
SEA,LAX,665,165,0.2481,1535.3104,131.0381,7.134,3.3547
SEA,MCI,30,3,0.1,2396.3073,182.7037,4.1481,-0.3333
SEA,MEM,60,9,0.15,3009.4658,220.3725,11.2941,6.5294
SEA,MIA,30,3,0.1,4383.8422,308.9259,21.1481,18.2593
SEA,MSP,197,26,0.132,2251.4667,165.5118,15.883,13.6412
SEA,OAK,426,83,0.1948,1079.8671,100.344,5.1662,2.0671
SEA,ONT,133,29,0.218,1538.529,127.7596,3.6538,1.3077
SEA,ORD,436,98,0.2248,2769.6741,204.1429,7.713,4.8839
SEA,PDX,63,27,0.4286,207.6049,27.8889,3.0278,3.0556
SEA,PHL,116,23,0.1983,3827.0105,279.914,14.0215,14.6667
SEA,PHX,364,61,0.1676,1781.5394,142.5695,7.8614,4.0927
SEA,PIT,115,22,0.1913,3419.8475,245.043,14.2903,14.6989
SEA,PSP,23,4,0.1739,1588.4186,133.6842,7.5789,7.8947
SEA,RNO,171,30,0.1754,907.6678,76.5532,2.8156,-1.6525
SEA,SAN,226,54,0.2389,1689.807,139.7456,6.2151,5.9882
SEA,SFO,643,170,0.2644,1092.7419,101.391,8.9746,4.4145
SEA,SIT,22,4,0.1818,1387.2511,125.8333,5.0,6.1667
SEA,SJC,416,85,0.2043,1121.71,103.3424,6.4924,3.5758
SEA,SLC,260,33,0.1269,1108.8353,90.9031,6.7004,2.5242
SEA,SMF,277,52,0.1877,973.6507,82.9333,3.6844,-1.4267
SEA,SNA,232,59,0.2543,1573.9345,136.2832,1.4566,-1.4393
SEA,STL,178,14,0.0787,2751.9714,206.6442,7.3659,7.4479
SEA,TUS,60,8,0.1333,1956.9574,151.4423,4.1346,-4.2692
SFO,ABQ,4,2,0.5,1441.9686,114.0,-4.0,-13.5
SFO,ANC,12,0,0.0,3247.6481,264.5,-3.5,-11.0833
SFO,ATL,260,51,0.1962,3442.3783,244.1531,4.4115,1.6029
SFO,AUS,23,12,0.5217,2420.4474,184.6364,-2.3636,-7.0
SFO,BDL,4,0,0.0,4224.5175,298.25,-5.0,3.25
SFO,BOI,110,32,0.2909,840.0755,68.2821,4.1795,-3.3846
SFO,BOS,268,64,0.2388,4351.6554,307.9069,8.9461,8.9608
SFO,BUR,306,115,0.3758,524.6448,49.8639,4.2356,-0.3089
SFO,BWI,91,16,0.1758,3954.1484,283.0133,8.9733,10.8133
SFO,CLE,60,9,0.15,3477.7837,251.1569,-2.4118,-4.5294
SFO,CLT,149,28,0.1879,3695.0446,265.1653,4.3554,6.8678
SFO,CVG,120,17,0.1417,3276.6162,238.165,1.2233,1.0971
SFO,DEN,435,140,0.3218,1556.2318,117.3276,5.0407,-1.4471
SFO,DFW,441,97,0.22,2356.0738,173.8547,9.0523,3.2384
SFO,DTW,90,9,0.1,3345.8179,247.1728,-0.3951,1.963
SFO,EUG,141,42,0.2979,725.8123,61.8889,11.7778,3.7374
SFO,EWR,323,72,0.2229,4127.9571,296.6733,13.3546,16.4701
SFO,HNL,174,26,0.1494,3859.1973,290.0473,17.3986,13.4932
SFO,IAD,258,64,0.2481,3892.9935,274.9845,6.6495,7.7202
SFO,IAH,225,39,0.1733,2631.2709,198.0108,3.7957,-2.9624
SFO,JFK,487,137,0.2813,4161.7532,303.1657,10.7914,18.3171
SFO,KOA,30,3,0.1,3809.3078,285.6296,4.1111,1.4074
SFO,LAS,464,97,0.2091,666.2668,64.4959,8.8093,5.0981
SFO,LAX,1144,312,0.2727,542.3476,56.509,5.256,0.2696
SFO,LIH,31,3,0.0968,3938.055,298.5357,6.3929,-20.1429
SFO,MCO,30,8,0.2667,3934.8363,278.8636,9.7273,13.5
SFO,MEM,59,7,0.1186,2908.0774,210.2115,-0.0577,-2.4038
SFO,MFR,88,22,0.25,529.4729,47.5,8.303,-1.0303
SFO,MIA,120,17,0.1417,4160.1439,292.0,11.8738,4.2233
SFO,MSP,204,21,0.1029,2557.2413,187.8352,-0.1475,-3.0275
SFO,MSY,30,7,0.2333,3075.4487,221.2609,1.8696,-7.8696
SFO,OGG,90,12,0.1333,3762.6369,287.9487,11.0897,6.4231
SFO,ONT,148,40,0.2703,584.1904,57.1574,6.7685,1.75
SFO,ORD,580,123,0.2121,2970.8416,216.2066,11.186,8.1451
SFO,PDX,436,125,0.2867,885.137,74.7411,4.8617,-0.9159
SFO,PHL,220,50,0.2273,4057.1461,296.0588,9.0588,11.7294
SFO,PHX,351,69,0.1966,1047.6803,92.0996,4.8156,-0.6477
SFO,PIT,137,26,0.1898,3627.4524,260.3874,5.8829,7.4234
SFO,PSP,60,8,0.1333,677.5321,63.9231,7.9615,9.9808
SFO,RNO,119,28,0.2353,308.9933,32.2637,10.1648,1.0
SFO,SAN,392,104,0.2653,719.375,70.0035,5.1111,1.6049
SFO,SBA,144,36,0.25,421.6471,45.5648,4.6389,-0.287
SFO,SEA,641,174,0.2715,1092.7419,93.1054,8.167,3.5699
SFO,SLC,238,31,0.1303,963.9947,78.256,2.1932,-4.0821
SFO,SNA,320,84,0.2625,598.6745,65.0254,7.4661,4.7161
SFO,STL,163,18,0.1104,2793.8142,207.2138,3.0828,-1.8207
SGF,DFW,249,45,0.1807,585.7998,77.7059,6.6324,2.4951
SGF,STL,166,22,0.1325,313.8213,38.5972,2.7986,0.4375
SHV,ATL,58,8,0.1379,888.3557,79.1,3.12,0.68
SHV,DFW,415,85,0.2048,305.7746,47.0699,-0.6818,-4.8116
SIT,JNU,82,9,0.1098,152.8873,22.6849,0.1781,0.2055
SIT,KTN,30,2,0.0667,294.5092,33.0714,18.4643,19.3214
SIT,SEA,16,0,0.0,1387.2511,107.4375,0.375,-5.25
SJC,ATL,60,6,0.1,3405.3634,246.3519,10.963,8.7778
SJC,AUS,82,18,0.2195,2375.3858,174.7812,21.9375,14.7188
SJC,BOS,71,12,0.169,4327.5153,317.5593,8.1864,10.2034
SJC,BUR,231,26,0.1126,476.3646,45.522,3.2829,-1.8049
SJC,CVG,30,5,0.1667,3246.0388,244.0,-0.6,3.64
SJC,DEN,274,80,0.292,1525.6543,124.768,9.6598,6.7062
SJC,DFW,259,68,0.2625,2314.2309,177.9105,17.3141,11.3947
SJC,DTW,51,16,0.3137,3320.0684,250.6857,1.8857,3.9714
SJC,EWR,37,3,0.0811,4100.5983,306.8235,9.3824,15.9118
SJC,HNL,30,3,0.1,3888.1654,300.6667,12.5185,11.3704
SJC,IAD,57,20,0.3509,3862.416,287.9459,10.6216,14.5946
SJC,IAH,109,18,0.1651,2587.8187,205.2308,1.0549,-4.6154
SJC,JFK,72,12,0.1667,4134.3945,312.2667,17.0,27.85
SJC,LAS,377,57,0.1512,621.2052,59.8719,9.9375,5.2781
SJC,LAX,894,182,0.2036,495.6767,52.5169,8.8876,3.1746
SJC,MCI,30,3,0.1,2380.2139,183.9259,0.6296,-7.2222
SJC,MIA,13,4,0.3077,4118.3011,315.0,10.8889,14.4444
SJC,MSP,84,10,0.119,2536.3198,196.0811,7.7432,7.3108
SJC,OGG,30,4,0.1333,3791.605,293.76,22.0769,20.8
SJC,ONT,265,35,0.1321,535.9102,52.5913,2.8174,-1.4478
SJC,ORD,341,91,0.2669,2943.4829,224.257,12.392,10.8675
SJC,PDX,359,76,0.2117,915.7145,81.5124,3.4205,-2.0883
SJC,PHX,404,58,0.1436,999.4001,87.6243,7.0087,0.8208
SJC,RNO,175,20,0.1143,302.5559,36.9871,2.1097,-3.7871
SJC,SAN,435,60,0.1379,671.0948,62.4785,8.4293,4.664
SJC,SEA,422,77,0.1825,1121.71,100.7645,8.4493,2.8459
SJC,SLC,83,20,0.241,941.4639,81.9841,8.5397,1.7143
SJC,SNA,414,79,0.1908,550.3943,58.7844,10.1791,5.6467
SJC,STL,73,10,0.137,2761.6274,218.7302,1.0794,4.8254
SJC,TUS,53,16,0.3019,1160.3341,91.5405,-1.027,-8.0541
SJT,DFW,173,32,0.185,366.9295,55.7571,-2.6596,-5.1357
SJU,ATL,125,21,0.168,2489.649,194.8039,2.2019,-17.902
SJU,BDL,34,3,0.0882,2681.1604,206.2258,20.0968,7.8387
SJU,BOS,93,13,0.1398,2694.0352,211.4625,18.3125,2.175
SJU,BWI,32,3,0.0938,2518.6171,201.7241,45.9655,39.6552
SJU,CLE,7,1,0.1429,2959.5763,243.1667,-3.3333,3.0
SJU,CLT,49,7,0.1429,2372.1672,193.5714,2.1667,6.8095
SJU,CVG,14,6,0.4286,2909.6867,236.8571,-5.75,-3.0
SJU,DFW,98,10,0.102,3484.2211,268.5114,21.5341,17.9432
SJU,DTW,10,0,0.0,3104.4169,249.9,13.3,-1.1
SJU,EWR,158,21,0.1329,2587.8187,213.8467,23.0511,18.1533
SJU,FLL,64,12,0.1875,1683.3696,136.0962,24.2885,21.0962
SJU,IAD,38,3,0.0789,2528.2731,203.3714,32.8857,34.1143
SJU,IAH,31,4,0.129,3229.9454,254.1111,-0.7407,-1.4074
SJU,JFK,219,36,0.1644,2570.116,202.5659,16.4098,7.0495
SJU,LAX,2,0,0.0,5449.2252,430.5,46.0,77.0
SJU,MCO,78,12,0.1538,1913.5053,150.9394,10.9242,4.8788
SJU,MEM,10,0,0.0,2998.2004,230.6,19.9,11.5
SJU,MIA,236,48,0.2034,1681.7603,132.4734,24.3032,21.6011
SJU,ORD,99,15,0.1515,3334.5525,267.0357,17.9643,12.4881
SJU,PHL,125,13,0.104,2536.3198,204.4595,24.3214,20.6486
SJU,PIT,9,3,0.3333,2798.6423,231.0,22.0,21.8333
SJU,STL,31,3,0.0968,3257.3042,257.5714,7.9286,-3.6786
SJU,STT,30,4,0.1333,109.4351,16.5385,29.3077,26.5
SJU,TPA,39,4,0.1026,1990.7536,156.5588,29.5143,27.3235
SLC,ABQ,60,9,0.15,793.4046,66.1373,0.3137,-2.8235
SLC,ANC,89,10,0.1124,3419.8475,263.9114,8.2025,-3.4051
SLC,ATL,239,29,0.1213,2557.2413,186.6459,6.4476,3.5694
SLC,BIL,89,12,0.1348,622.8146,54.5065,3.6104,0.1169
SLC,BOI,145,25,0.1724,468.3179,43.85,5.35,-2.175
SLC,BOS,81,18,0.2222,3387.6607,250.7619,5.9206,9.4762
SLC,BWI,30,3,0.1,2999.8098,222.3333,3.5556,-5.8519
SLC,BZN,60,7,0.1167,558.441,50.2642,5.0943,-1.9434
SLC,COS,30,4,0.1333,659.8294,65.5385,7.8077,10.1923
SLC,CVG,166,22,0.1325,2331.9337,177.4931,7.1181,9.5069
SLC,DEN,372,84,0.2258,629.2519,57.3368,2.9306,0.4375
SLC,DFW,238,33,0.1387,1590.0279,123.0788,9.8341,7.0542
SLC,DTW,35,13,0.3714,2383.4325,186.0455,2.6364,2.5909
SLC,EWR,72,11,0.1528,3167.1811,236.8361,27.082,26.7541
SLC,FCA,60,8,0.1333,856.1689,71.4231,5.1346,-1.4423
SLC,GEG,90,8,0.0889,878.6996,74.8659,5.0244,0.939
SLC,GTF,60,7,0.1167,745.1244,63.4528,1.8302,-2.1132
SLC,HLN,60,5,0.0833,646.9547,57.9091,5.3636,4.3091
SLC,HNL,30,3,0.1,4818.364,360.0741,14.2963,-8.8889
SLC,IAD,87,10,0.1149,2940.2642,216.7895,6.2338,10.3684
SLC,IAH,123,15,0.122,1923.1613,155.3551,1.4352,-0.8318
SLC,JFK,90,15,0.1667,3200.9773,244.1757,10.3733,20.0405
SLC,LAS,382,45,0.1178,592.2371,57.273,3.7507,-1.4451
SLC,LAX,461,55,0.1193,949.5106,84.9309,6.9409,-2.5901
SLC,MCI,118,14,0.1186,1478.9835,118.7885,1.9327,0.4423
SLC,MCO,60,7,0.1167,3104.4169,225.5094,15.7358,14.7736
SLC,MSO,90,12,0.1333,701.6722,61.5385,2.4231,-0.6667
SLC,MSP,120,13,0.1083,1594.8559,126.2925,6.1121,6.5472
SLC,OAK,120,13,0.1083,946.2919,88.6449,3.0561,-1.6916
SLC,OKC,55,15,0.2727,1393.6884,107.55,14.475,10.775
SLC,ONT,89,9,0.1011,898.0117,77.4625,14.4,7.7875
SLC,ORD,231,46,0.1991,2010.0657,159.7213,16.7622,16.8251
SLC,PDX,238,26,0.1092,1013.8842,85.9009,3.8019,-5.4198
SLC,PHL,60,6,0.1,3099.5888,231.7736,15.3519,18.1321
SLC,PHX,481,71,0.1476,815.9354,74.1491,4.2683,-0.8191
SLC,PSC,88,9,0.1023,838.4661,72.4872,7.7848,1.6026
SLC,RNO,60,7,0.1167,679.1415,63.1887,1.283,-4.3774
SLC,SAN,149,17,0.1141,1007.4468,87.1145,9.1288,4.1679
SLC,SAT,89,10,0.1124,1747.7432,134.5128,10.0633,3.5256
SLC,SEA,255,28,0.1098,1108.8353,97.1233,7.0617,-0.5859
SLC,SFO,237,30,0.1266,963.9947,84.7282,5.0821,-2.4612
SLC,SJC,83,18,0.2169,941.4639,85.8769,7.8462,1.4462
SLC,SMF,89,12,0.1348,856.1689,73.0779,10.1818,4.3117
SLC,SNA,115,16,0.1391,946.2919,83.596,1.8889,0.2525
SLC,STL,152,15,0.0987,1860.397,149.4044,5.3942,2.8676
SLC,TUL,28,3,0.1071,1490.2488,113.2,-0.36,3.28
SLC,TUS,24,12,0.5,967.2133,79.5833,14.5833,16.3333
SMF,ATL,81,15,0.1852,3366.7393,238.0,13.3485,13.3231
SMF,BUR,286,34,0.1189,576.1437,54.4127,2.25,0.5635
SMF,DEN,172,48,0.2791,1464.4994,116.8537,1.4113,0.5203
SMF,DFW,116,17,0.1466,2302.9655,174.4747,7.1717,8.0
SMF,IAD,30,8,0.2667,3794.8237,275.0909,3.1818,5.0
SMF,IAH,53,8,0.1509,2589.4281,209.3556,0.5111,6.4222
SMF,LAS,262,31,0.1183,638.908,59.4199,3.3463,-1.0433
SMF,LAX,423,78,0.1844,600.2838,61.8087,5.3159,0.9246
SMF,MCI,30,5,0.1667,2320.6683,176.36,0.76,-6.08
SMF,MSP,90,11,0.1222,2442.9781,185.6709,2.7848,4.962
SMF,ONT,357,46,0.1289,626.0333,58.8521,1.7942,-2.0193
SMF,ORD,109,32,0.2936,2866.2345,213.1579,3.974,2.7895
SMF,PDX,147,18,0.1224,770.8739,68.0853,3.6357,-1.7829
SMF,PHX,314,39,0.1242,1041.243,89.6022,2.9164,-2.3613
SMF,SAN,346,41,0.1185,772.4832,69.7583,5.3049,0.9338
SMF,SEA,275,50,0.1818,973.6507,86.8756,6.0933,1.1511
SMF,SLC,89,11,0.1236,856.1689,71.5,11.8718,8.6795
SMF,SNA,128,18,0.1406,650.1734,69.3091,1.4727,-0.6182
SMF,STL,63,6,0.0952,2702.0819,208.193,3.3158,2.9123
SNA,ATL,87,11,0.1264,3088.3235,222.0263,6.7895,2.6447
SNA,DEN,140,42,0.3,1361.5016,107.9485,0.2551,-2.0619
SNA,DFW,299,71,0.2375,1939.2547,148.7277,13.5614,9.0491
SNA,DTW,30,3,0.1,3154.3064,238.5926,11.1852,10.7407
SNA,EWR,83,24,0.2892,3915.5242,288.0339,2.339,7.2542
SNA,HNL,30,3,0.1,4156.9252,331.8148,5.8519,4.2593
SNA,IAH,129,28,0.2171,2167.781,167.3131,-0.901,-4.1313
SNA,LAS,296,40,0.1351,363.7108,44.543,5.1055,2.0234
SNA,MSP,77,15,0.1948,2449.4155,188.9194,1.4032,1.5968
SNA,OAK,359,62,0.1727,597.0651,62.2626,3.0471,3.1178
SNA,OGG,30,4,0.1333,4044.2714,321.5385,7.8462,1.4231
SNA,ORD,290,75,0.2586,2777.7208,207.1163,8.493,5.3674
SNA,PDX,78,30,0.3846,1382.4231,120.3125,1.375,2.4583
SNA,PHX,325,47,0.1446,543.9569,54.0468,4.1763,1.6799
SNA,PIT,60,11,0.1833,3403.7541,246.7083,-3.4286,-1.4167
SNA,SEA,231,58,0.2511,1573.9345,136.1214,3.0867,-0.1734
SNA,SFO,350,90,0.2571,598.6745,58.5615,5.7654,1.5692
SNA,SJC,415,85,0.2048,550.3943,55.2576,7.1061,4.0303
SNA,SLC,114,16,0.1404,946.2919,83.5204,2.3673,-3.6531
SNA,SMF,128,20,0.1562,650.1734,66.4444,1.8241,-2.8148
SNA,STL,60,6,0.1,2526.6638,186.8889,0.2407,-0.0185
SPS,DFW,171,32,0.1871,181.8554,29.9712,-1.3237,-4.4532
SRQ,ATL,176,23,0.1307,716.1563,68.6405,1.4379,-6.8039
SRQ,CLT,90,13,0.1444,880.309,83.2727,-4.6753,-5.2597
SRQ,EWR,26,9,0.3462,1664.0576,146.4706,-6.0,-12.2941
SRQ,MIA,1,0,0.0,286.4625,45.0,0.0,0.0
STL,ABQ,172,25,0.1453,1503.1236,129.5578,6.7143,0.2245
STL,ANC,30,2,0.0667,4725.0222,371.3571,12.0714,4.4286
STL,ATL,417,76,0.1823,777.3112,70.0588,4.9941,2.0941
STL,AUS,101,14,0.1386,1161.9435,98.6782,3.3333,-3.977
STL,BDL,116,12,0.1034,1540.1384,124.4327,4.2308,1.2885
STL,BHM,30,4,0.1333,659.8294,62.1538,3.8462,-12.0
STL,BNA,172,16,0.093,436.1311,44.3397,2.391,-0.4103
STL,BOS,186,31,0.1667,1683.3696,136.6405,4.8258,2.4183
STL,BWI,268,27,0.1007,1186.0836,100.7167,4.9004,3.6708
STL,CID,195,24,0.1231,366.9295,39.5205,2.4971,-0.4678
STL,CLE,233,24,0.103,783.7486,69.2115,7.1292,1.6154
STL,CLT,228,37,0.1623,925.3705,79.5288,3.6073,1.466
STL,CMH,232,23,0.0991,659.8294,60.378,6.6938,4.2536
STL,COS,77,10,0.1299,1245.6292,108.2239,4.806,-1.9552
STL,DAY,118,11,0.0932,543.9569,50.1589,2.0467,2.514
STL,DCA,125,61,0.488,1157.1155,98.0794,3.5938,2.8254
STL,DEN,325,59,0.1815,1239.1918,109.1729,2.9699,-3.5
STL,DFW,443,76,0.1716,886.7463,81.8338,4.0872,-0.5177
STL,DSM,167,19,0.1138,418.4284,44.1419,3.1689,1.3108
STL,DTW,499,69,0.1383,708.1096,69.1049,6.5977,2.6503
STL,EWR,203,33,0.1626,1403.3445,120.1361,5.9118,-0.7337
STL,FLL,93,9,0.0968,1699.463,141.7738,2.4881,1.2381
STL,FSD,88,8,0.0909,757.9991,70.7875,7.4375,4.85
STL,HNL,30,2,0.0667,6644.9649,506.5714,28.7857,24.0714
STL,HOU,245,38,0.1551,1105.6166,100.8495,6.5121,2.1214
STL,IAD,136,9,0.0662,1120.1006,93.832,4.126,1.416
STL,IAH,122,14,0.1148,1075.0391,98.2115,6.5926,5.7981
STL,ICT,171,22,0.1287,630.8613,59.1074,3.3826,-1.7383
STL,IND,311,33,0.1061,368.5389,38.8597,4.2698,2.7482
STL,JAX,88,9,0.1023,1211.833,100.0506,5.8987,9.1899
STL,JFK,124,19,0.1532,1435.5313,127.7619,6.4667,9.7048
STL,LAS,150,15,0.1,2208.0145,182.2,5.4593,-0.5481
STL,LAX,220,24,0.1091,2563.6786,207.8205,7.3622,0.441
STL,LGA,221,37,0.1674,1427.4846,121.2626,3.4348,3.7933
STL,LIT,275,34,0.1236,476.3646,46.0456,5.0788,0.3112
STL,LNK,58,5,0.0862,595.4558,59.0769,5.7925,3.3846
STL,MCI,526,64,0.1217,381.4136,42.7554,6.1602,2.3528
STL,MCO,258,27,0.1047,1416.2192,114.613,6.2035,0.3783
STL,MDW,387,56,0.1447,403.9443,43.603,7.2266,2.4152
STL,MEM,55,7,0.1273,411.991,47.8542,-0.1458,-2.4792
STL,MIA,121,13,0.1074,1718.7751,140.2315,4.2407,0.7963
STL,MKE,174,16,0.092,510.1608,49.8354,2.5633,-0.1519
STL,MLI,171,21,0.1228,300.9466,33.4267,1.5267,-1.4867
STL,MSP,365,47,0.1288,722.5937,71.6719,1.9748,-0.4826
STL,MSY,149,13,0.0872,972.0414,81.5,5.1618,-0.1029
STL,OGG,30,2,0.0667,6541.9671,500.6786,15.1786,13.2857
STL,OKC,238,25,0.105,743.5151,67.6854,5.5211,-0.23
STL,OMA,222,27,0.1216,550.3943,54.8144,7.2051,2.5412
STL,ONT,44,7,0.1591,2489.649,203.5405,5.0,0.5405
STL,ORD,589,117,0.1986,415.2097,45.1123,9.1653,5.2966
STL,ORF,88,8,0.0909,1261.7226,102.675,9.0,4.9625
STL,PBI,2,0,0.0,1646.3548,136.0,0.0,3.5
STL,PDX,91,14,0.1538,2748.7527,224.5195,8.7662,-1.2208
STL,PHL,232,36,0.1552,1308.3934,111.3622,8.801,10.8163
STL,PHX,441,62,0.1406,2030.9871,172.3926,5.6227,-2.5942
STL,PIT,257,51,0.1984,889.965,76.6667,4.3398,2.7941
STL,RDU,113,10,0.0885,1073.4298,90.4563,2.4757,-1.0971
STL,RIC,58,6,0.1034,1150.6781,93.6923,4.9231,7.3269
STL,RSW,61,5,0.082,1575.5439,127.9643,4.75,3.6786
STL,SAN,120,12,0.1,2507.3517,206.243,5.2685,-1.8131
STL,SAT,143,16,0.1119,1264.9412,109.0236,3.4252,-3.0
STL,SDF,257,30,0.1167,408.7724,41.7709,4.7841,3.4009
STL,SEA,178,15,0.0843,2751.9714,228.1227,6.1411,-3.9693
STL,SFO,163,19,0.1166,2793.8142,225.7917,7.4306,-3.2569
STL,SGF,166,23,0.1386,313.8213,34.3077,0.8601,-4.8392
STL,SJC,72,10,0.1389,2761.6274,227.0323,5.4194,-2.0161
STL,SJU,31,3,0.0968,3257.3042,246.0,8.3571,5.7778
STL,SLC,150,15,0.1,1860.397,159.7239,9.237,-0.6493
STL,SMF,63,6,0.0952,2702.0819,221.4386,2.5614,-6.5965
STL,SNA,60,5,0.0833,2526.6638,205.7455,2.5273,-6.5818
STL,TPA,179,18,0.1006,1398.5165,114.8062,5.7391,3.1438
STL,TUL,281,36,0.1281,564.8783,53.6571,3.098,-2.4041
STT,ATL,30,3,0.1,2573.3347,202.6667,-5.7407,-26.6296
STT,EWR,12,1,0.0833,2629.6616,229.8182,-4.2727,7.6364
STT,JFK,17,6,0.3529,2611.9588,213.5455,8.3636,1.1818
STT,MIA,34,4,0.1176,1781.5394,141.8667,24.3,20.4667
STT,SJU,44,7,0.1591,109.4351,22.0811,10.6757,7.4054
STT,STX,30,4,0.1333,72.4203,13.2308,-4.5769,-4.9615
STX,MIA,30,4,0.1333,1833.0383,142.4231,14.6923,11.3846
STX,PHL,30,4,0.1333,2655.411,219.3846,-10.6538,-13.3077
SWF,ORD,103,18,0.1748,1149.0688,108.5765,6.4941,-2.4353
SYR,ATL,57,14,0.2456,1276.2066,113.4651,0.8837,-9.093
SYR,CLT,30,2,0.0667,970.432,97.1786,0.1071,-5.5357
SYR,CVG,28,4,0.1429,848.1222,78.75,2.0,-9.0
SYR,DCA,78,48,0.6154,479.5833,55.2333,0.7,-1.0333
SYR,DTW,125,25,0.2,601.8932,60.2828,-1.22,-8.899
SYR,JFK,90,27,0.3,336.3521,61.7581,4.2857,-0.8065
SYR,MCO,27,8,0.2963,1694.635,150.5,4.0526,4.3333
SYR,ORD,177,33,0.1864,976.8694,90.4825,5.0556,-3.2098
SYR,PHL,118,41,0.3475,366.9295,47.8961,1.026,0.1429
SYR,PIT,120,26,0.2167,449.0059,52.1489,-0.7766,-3.4681
SYR,ROC,30,4,0.1333,127.1379,20.2692,1.7692,-1.4615
TLH,ATL,117,14,0.1197,358.8828,41.3883,5.2524,-0.1165
TOL,ORD,171,41,0.2398,344.3988,41.3231,3.4538,-7.6923
TPA,ABQ,30,3,0.1,2409.182,197.1923,4.7407,-8.3462
TPA,ATL,348,47,0.1351,653.392,64.3189,4.5681,-1.9236
TPA,AUS,30,4,0.1333,1493.4675,132.5769,2.6923,-5.6923
TPA,BDL,60,8,0.1333,1787.9767,146.1961,6.0,5.0588
TPA,BHM,60,7,0.1167,740.2964,66.6538,1.9623,-0.7308
TPA,BNA,116,14,0.1207,984.9161,87.451,6.2647,0.8725
TPA,BOS,171,51,0.2982,1907.0679,159.2605,8.7917,2.521
TPA,BWI,265,42,0.1585,1355.0643,113.5336,6.5157,0.9955
TPA,CLE,57,12,0.2105,1491.8582,125.5333,-1.5556,-6.3333
TPA,CLT,230,40,0.1739,817.5447,75.7158,2.0842,1.6053
TPA,CMH,120,14,0.1167,1334.1429,112.3491,8.1698,0.2264
TPA,CVG,146,31,0.2123,1244.0198,104.0087,4.9826,-4.5391
TPA,DCA,78,47,0.6026,1310.0028,116.5333,10.8387,11.5333
TPA,DEN,60,14,0.2333,2423.666,194.1778,9.7391,6.4222
TPA,DFW,260,53,0.2038,1495.0769,128.835,11.6329,7.568
TPA,DTW,142,24,0.169,1581.9812,130.4492,3.2797,-0.3559
TPA,EWR,132,35,0.2652,1606.1213,133.0104,7.9897,1.8854
TPA,FLL,327,41,0.1254,317.04,39.2413,6.1958,3.458
TPA,HOU,3,0,0.0,1256.8945,116.6667,10.0,12.3333
TPA,IAD,146,40,0.274,1303.5654,110.1154,2.5849,-2.2885
TPA,IAH,163,26,0.1595,1266.5506,112.791,3.8759,4.5149
TPA,IND,30,3,0.1,1348.6269,114.6296,4.963,-1.0
TPA,ISP,60,6,0.1,1664.0576,134.7222,12.3148,6.4074
TPA,JAX,79,11,0.1392,289.6812,33.5147,5.5441,2.7647
TPA,JFK,60,9,0.15,1617.3867,133.86,5.8627,-1.74
TPA,LAS,60,7,0.1167,3192.9306,257.8077,1.3585,-20.2115
TPA,LAX,60,6,0.1,3472.9557,272.0943,5.6667,-11.0943
TPA,LGA,224,74,0.3304,1627.0427,136.473,14.5733,5.9459
TPA,MCI,30,3,0.1,1686.5883,142.2222,11.7407,1.8519
TPA,MCO,30,5,0.1667,128.7472,23.84,-3.04,-5.8
TPA,MDW,90,12,0.1333,1604.512,130.3462,4.141,-4.4487
TPA,MEM,90,13,0.1444,1055.727,93.7403,2.5195,1.3247
TPA,MHT,30,3,0.1,1937.6454,154.3333,2.7407,-9.2222
TPA,MIA,260,66,0.2538,328.3054,52.4381,5.2732,1.8918
TPA,MSP,60,8,0.1333,2103.4074,166.3077,8.7692,-2.5385
TPA,MSY,177,23,0.1299,783.7486,77.9091,5.7597,-0.6429
TPA,ORD,212,47,0.2217,1628.6521,138.1707,3.2909,-1.5488
TPA,PBI,204,24,0.1176,280.0252,31.7389,4.0556,-4.25
TPA,PHL,209,35,0.1675,1480.5928,130.8908,7.5517,8.2931
TPA,PHX,86,10,0.1163,2877.4999,240.7467,5.0,-2.9467
TPA,PIT,149,24,0.1611,1404.9538,116.7823,5.632,1.8468
TPA,PVD,60,7,0.1167,1829.8196,146.0943,1.7547,-3.9057
TPA,RDU,60,6,0.1,944.6826,83.0556,4.5741,-1.5926
TPA,SAT,35,3,0.0857,1564.2785,140.3125,5.5,0.8125
TPA,SDF,30,3,0.1,1169.9902,103.5926,0.5556,-4.5185
TPA,SJU,39,5,0.1282,1990.7536,153.0,10.9118,11.1765
TPA,STL,179,18,0.1006,1398.5165,119.7938,3.9441,-1.4625
TRI,CLT,28,7,0.25,193.1208,29.4762,-1.0476,2.9048
TUL,ATL,115,18,0.1565,1084.6952,88.6082,-1.1753,-12.7629
TUL,DAL,236,36,0.1525,381.4136,40.7688,4.805,0.4824
TUL,DEN,82,29,0.3537,870.6529,77.283,1.566,-3.1509
TUL,DFW,461,123,0.2668,381.4136,51.7774,7.7337,4.8694
TUL,HOU,133,18,0.1353,729.031,70.8609,5.1043,1.7739
TUL,IAH,117,24,0.2051,690.4069,72.0968,3.2688,1.2688
TUL,LAS,30,3,0.1,1731.6498,144.2692,0.0,-20.2308
TUL,LAX,30,3,0.1,2064.7832,168.4231,4.4444,-5.9615
TUL,MCI,116,15,0.1293,358.8828,39.404,5.6634,0.798
TUL,OKC,27,8,0.2963,178.6367,26.1579,1.0526,-1.0526
TUL,ORD,132,28,0.2121,941.4639,83.5481,16.3269,10.7788
TUL,PHX,86,11,0.1279,1504.7329,132.1467,5.1867,-6.5733
TUL,SLC,30,4,0.1333,1490.2488,126.1538,12.7692,0.5385
TUL,STL,281,32,0.1139,564.8783,55.5605,2.2249,-1.9355
TUS,ABQ,60,7,0.1167,516.5981,45.6415,3.3208,-3.3396
TUS,CVG,51,20,0.3922,2491.2583,185.5484,18.7742,17.0323
TUS,DEN,88,24,0.2727,1028.3683,87.8125,0.5938,-2.0
TUS,DFW,241,56,0.2324,1308.3934,105.8571,13.2649,9.6703
TUS,IAH,60,10,0.1667,1506.3422,124.58,4.56,4.98
TUS,LAS,124,13,0.1048,587.4091,56.6486,1.8559,-2.036
TUS,LAX,265,43,0.1623,725.8123,69.2432,6.7523,1.1982
TUS,MSP,30,5,0.1667,2088.9233,160.875,2.4,-0.8333
TUS,ORD,90,20,0.2222,2312.6216,178.0429,8.1429,5.7286
TUS,PHX,408,62,0.152,177.0274,27.0347,1.026,-0.3815
TUS,SAN,90,11,0.1222,590.6278,58.7949,4.2532,2.7436
TUS,SEA,52,14,0.2692,1956.9574,163.0789,-2.9737,-9.0526
TUS,SJC,60,10,0.1667,1160.3341,103.42,-0.94,-5.8
TUS,SLC,28,4,0.1429,967.2133,82.6667,-1.625,-3.7083
TVC,DTW,89,10,0.1124,333.1334,40.6709,1.1392,1.1013
TVC,LGA,1,0,0.0,1054.1177,90.0,-3.0,-22.0
TVC,ORD,150,24,0.16,360.4922,43.512,7.5079,5.976
TXK,DFW,143,31,0.2168,291.2905,45.3929,-1.1607,-4.6875
TYR,DFW,266,40,0.1504,165.762,28.9778,-0.8274,-2.4711
TYS,ATL,209,29,0.1388,244.6197,32.6556,1.1111,-4.0444
TYS,CLT,88,30,0.3409,284.8532,36.6034,-1.6724,-1.3621
TYS,DFW,90,10,0.1111,1242.4105,112.5063,2.575,-2.7342
TYS,DTW,27,4,0.1481,712.9376,71.5217,-4.3478,-9.6957
TYS,MEM,3,0,0.0,550.3943,56.6667,-7.3333,-13.6667
TYS,ORD,61,13,0.2131,764.4365,72.8542,4.2083,-2.1458
VPS,ATL,89,12,0.1348,424.8658,42.8701,4.6494,5.4545
VPS,MEM,118,12,0.1017,593.8465,64.2762,-3.3302,-7.8381
WRG,KTN,30,4,0.1333,131.9659,21.7692,29.8462,33.2692
WRG,PSG,30,5,0.1667,49.8895,14.84,7.36,12.36
XNA,DFW,314,58,0.1847,452.2245,48.2275,8.8086,5.9647
XNA,LGA,38,8,0.2105,1845.913,152.2333,-1.3333,-15.4
XNA,ORD,134,23,0.1716,840.0755,78.2455,9.973,7.0091
YAK,CDV,30,3,0.1,342.7894,34.8889,17.7037,16.5556
YAK,JNU,30,3,0.1,320.2587,34.963,11.8889,13.6667
