Origin,Dest,flight_count,cancelled_count,cancellation_rate,avg_distance,avg_air_time,avg_dep_delay,avg_arr_delay
ABE,ATL,61,0,0.0,1113.6633,100.082,7.6557,10.3279
ABE,CLT,31,0,0.0,774.0925,74.2258,-0.129,5.6774
ABE,DTW,50,1,0.02,682.3602,70.3878,-2.102,-7.102
ABE,MCO,62,0,0.0,1458.062,125.7903,-1.7419,-4.7903
ABE,MDT,31,0,0.0,123.9192,20.3871,-0.4194,-4.871
ABE,ORD,119,12,0.1008,1052.5084,101.6729,18.5607,18.3271
ABE,PIT,124,3,0.0242,407.163,48.4876,3.0165,3.1653
ABI,DFW,204,5,0.0245,254.2757,41.5075,0.2261,0.1859
ABQ,AMA,62,0,0.0,445.7872,42.7377,8.871,4.623
ABQ,ATL,91,0,0.0,2042.2525,155.6484,7.044,5.3516
ABQ,BWI,31,0,0.0,2687.5978,202.3871,5.3226,-10.6452
ABQ,CVG,62,0,0.0,1995.5816,152.1129,6.4194,6.629
ABQ,DAL,211,0,0.0,933.4172,80.5667,13.564,9.581
ABQ,DEN,210,6,0.0286,561.6597,54.8128,9.3529,8.2512
ABQ,DFW,217,3,0.0138,915.7145,78.7617,4.6589,4.8972
ABQ,ELP,114,0,0.0,358.8828,37.1316,5.8947,2.5088
ABQ,EWR,4,0,0.0,2904.8587,220.75,17.0,14.75
ABQ,HOU,62,0,0.0,1221.4891,101.6452,13.2258,5.8548
ABQ,IAH,150,0,0.0,1197.349,103.7027,6.3333,3.3108
ABQ,LAS,184,1,0.0054,783.7486,71.0109,7.4208,6.6667
ABQ,LAX,210,1,0.0048,1089.5232,95.3558,9.799,4.1346
ABQ,LBB,61,0,0.0,465.0993,42.6393,5.6393,0.7869
ABQ,MAF,31,0,0.0,534.3009,46.4839,9.6452,6.9677
ABQ,MCI,93,0,0.0,1155.5061,94.913,9.172,5.9022
ABQ,MCO,62,0,0.0,2497.6957,190.3548,2.3226,-16.0484
ABQ,MDW,31,0,0.0,1804.0701,137.129,0.1613,-15.1935
ABQ,MSP,62,0,0.0,1578.7625,131.7258,0.0161,-1.1613
ABQ,OAK,62,0,0.0,1430.7033,124.0,12.7419,9.9677
ABQ,ORD,62,1,0.0161,1799.2421,142.1639,3.7213,6.0
ABQ,PDX,31,0,0.0,1787.9767,148.2258,0.4839,-15.7097
ABQ,PHX,584,5,0.0086,527.8635,57.1952,6.1468,3.0553
ABQ,SAN,124,0,0.0,1010.6655,88.0242,11.4113,5.879
ABQ,SEA,31,0,0.0,1899.0212,165.2667,16.6774,13.5667
ABQ,SFO,5,0,0.0,1441.9686,122.8,1.6,-12.8
ABQ,SLC,60,1,0.0167,793.4046,74.9322,8.0339,4.3051
ABQ,STL,214,1,0.0047,1503.1236,120.4742,4.2441,1.9671
ABQ,TPA,31,0,0.0,2409.182,183.7419,11.2903,-3.4194
ABQ,TUS,92,0,0.0,516.5981,49.5495,4.2174,1.044
ACT,DFW,234,5,0.0214,143.2313,30.9607,4.4454,4.4847
ADQ,ANC,62,4,0.0645,405.5537,42.3276,9.9138,12.4655
AKN,ANC,41,3,0.0732,465.0993,43.9211,7.6316,7.4211
AKN,DLG,2,0,0.0,114.2631,18.0,3.0,2.0
ALB,ATL,90,1,0.0111,1371.1577,122.809,7.8989,3.5393
ALB,BDL,1,0,0.0,128.7472,23.0,20.0,28.0
ALB,BOS,88,7,0.0795,233.3543,37.5926,6.3333,0.1605
ALB,BWI,205,0,0.0,463.4899,55.049,10.1317,6.902
ALB,CLT,62,0,0.0,1039.6336,104.2097,4.7097,9.8871
ALB,CVG,61,1,0.0164,1002.6188,95.7667,4.7833,4.4667
ALB,DCA,93,3,0.0323,511.7701,61.1348,1.7444,3.4607
ALB,DTW,150,0,0.0,785.3579,77.6779,3.46,0.0738
ALB,JFK,124,1,0.0081,233.3543,43.1057,9.1382,7.4878
ALB,LAS,31,0,0.0,3600.0936,290.2258,9.871,-0.8065
ALB,MCO,93,0,0.0,1726.8218,150.0645,3.8602,-4.7634
ALB,ORD,210,5,0.0238,1163.5528,111.4604,10.0439,9.4158
ALB,PHL,155,1,0.0065,341.1801,51.7303,7.4805,11.2961
ALB,PIT,124,1,0.0081,590.6278,62.1707,5.8943,7.5447
AMA,ABQ,62,0,0.0,445.7872,43.7742,10.5806,9.5
AMA,DAL,225,5,0.0222,521.4262,50.9136,7.3273,5.7545
AMA,DFW,184,4,0.0217,503.7234,60.2167,4.5,3.6167
AMA,LAS,31,0,0.0,1219.8797,103.3548,2.4194,1.4839
ANC,ADQ,62,3,0.0484,405.5537,41.7797,6.6949,7.9831
ANC,AKN,43,3,0.0698,465.0993,46.75,11.275,10.65
ANC,ATL,31,0,0.0,5499.1148,382.6774,0.8065,-3.5806
ANC,BET,93,4,0.043,642.1267,61.0337,6.2247,6.6404
ANC,CDV,31,0,0.0,257.4944,31.8387,23.3548,23.0
ANC,DEN,31,0,0.0,3872.072,276.4516,2.871,1.6129
ANC,DLG,42,7,0.1667,529.4729,51.1143,16.6286,14.3429
ANC,DTW,24,0,0.0,4805.4892,344.0,1.7083,0.1739
ANC,DUT,62,3,0.0484,1274.5973,110.1356,15.8305,10.8305
ANC,EWR,26,0,0.0,5423.4758,380.0,19.1538,19.5
ANC,FAI,364,2,0.0055,420.0377,41.5359,5.8812,6.3204
ANC,IAH,27,0,0.0,5256.1044,374.8519,42.2222,49.1111
ANC,JNU,121,1,0.0083,918.9331,80.9417,12.6917,14.4417
ANC,LAX,60,1,0.0167,3773.9023,288.0678,7.0,1.6271
ANC,MSP,135,0,0.0,4052.3181,290.5489,14.9852,9.0451
ANC,OME,31,3,0.0968,867.4343,76.6429,9.5,8.8571
ANC,ORD,81,0,0.0,4580.1816,328.9259,4.1975,2.6914
ANC,OTZ,91,7,0.0769,883.5277,76.988,11.0,10.0241
ANC,PDX,88,1,0.0114,2481.6023,195.7356,9.1379,11.5747
ANC,PHX,26,0,0.0,4105.4263,302.8462,3.6538,3.8846
ANC,SCC,31,1,0.0323,1007.4468,88.1,1.9333,4.7667
ANC,SEA,735,29,0.0395,2331.9337,182.919,8.0694,11.8565
ANC,SFO,54,0,0.0,3247.6481,260.6296,2.2222,2.2778
ANC,SLC,93,0,0.0,3419.8475,245.9247,0.8495,-3.4839
ANC,STL,34,0,0.0,4725.0222,337.2353,-1.2059,-3.9412
ATL,ABE,62,0,0.0,1113.6633,94.1613,7.7258,6.129
ATL,ABQ,91,0,0.0,2042.2525,162.5495,9.4835,9.6264
ATL,ALB,92,1,0.0109,1371.1577,107.7692,11.0879,6.7802
ATL,ANC,31,0,0.0,5499.1148,417.7742,11.3226,-1.0645
ATL,AUS,177,6,0.0339,1308.3934,109.2515,6.7368,1.2982
ATL,BDL,183,0,0.0,1382.4231,114.3315,6.6339,3.0718
ATL,BHM,272,2,0.0074,215.6516,28.3778,4.9481,4.5556
ATL,BNA,271,8,0.0295,344.3988,37.7909,6.7186,4.8859
ATL,BOS,436,18,0.0413,1522.4356,126.4904,11.5766,12.7536
ATL,BTR,92,0,0.0,722.5937,63.9451,7.337,6.2088
ATL,BUF,122,0,0.0,1145.8501,91.0492,11.1066,10.5164
ATL,BWI,424,6,0.0142,926.9798,81.6386,9.9067,8.7012
ATL,CAE,210,7,0.0333,307.3839,32.6601,4.8818,3.1429
ATL,CAK,30,1,0.0333,849.7315,72.5517,2.6897,-14.5517
ATL,CHS,272,14,0.0515,416.8191,40.2791,5.3566,3.3062
ATL,CLE,173,2,0.0116,891.5744,78.3333,4.9766,4.9649
ATL,CLT,475,11,0.0232,365.3202,41.8082,3.9914,3.0194
ATL,CMH,242,7,0.0289,717.7656,65.017,5.8936,3.7021
ATL,COS,61,0,0.0,1907.0679,148.6393,6.4918,2.3443
ATL,CVG,330,13,0.0394,600.2838,59.6752,7.183,4.8981
ATL,DAB,119,0,0.0,589.0184,52.9832,10.395,11.5546
ATL,DAY,152,0,0.0,695.2349,62.4605,6.9539,4.6447
ATL,DCA,533,54,0.1013,880.309,78.1908,5.4175,5.9518
ATL,DEN,394,12,0.0305,1929.5987,157.9921,5.6885,-0.6263
ATL,DFW,776,26,0.0335,1178.0369,104.7647,7.9667,5.8155
ATL,DTW,501,13,0.0259,955.948,88.0348,7.8156,6.5492
ATL,ELP,31,0,0.0,2063.1739,161.1613,3.4516,1.0968
ATL,EWR,692,33,0.0477,1198.9583,108.5221,15.5417,14.1237
ATL,FLL,311,1,0.0032,935.0265,79.8097,5.9065,0.6839
ATL,GSO,270,6,0.0222,492.458,49.7538,5.9508,5.3258
ATL,GSP,172,7,0.0407,246.229,29.4061,6.8848,5.0424
ATL,HOU,149,2,0.0134,1120.1006,99.1233,5.8367,5.9315
ATL,HSV,232,9,0.0388,243.0103,29.1839,6.4305,5.2735
ATL,IAD,446,12,0.0269,857.7782,77.6975,6.4217,3.5035
ATL,IAH,436,9,0.0206,1108.8353,97.1174,10.6698,8.0657
ATL,IND,181,4,0.0221,695.2349,63.4237,4.3559,3.4689
ATL,JAN,151,0,0.0,548.7849,51.5099,14.7086,14.9536
ATL,JAX,337,4,0.0119,434.5218,43.1261,7.6246,7.6637
ATL,JFK,93,0,0.0,1223.0984,104.6559,23.2473,32.3656
ATL,LAS,205,0,0.0,2811.517,219.8,8.361,4.8146
ATL,LAX,331,3,0.0091,3131.7756,238.5396,10.0396,1.4055
ATL,LEX,90,2,0.0222,487.63,46.1818,5.6705,3.1136
ATL,LGA,661,43,0.0651,1224.7077,106.0541,16.3139,19.4033
ATL,LIT,151,2,0.0132,729.031,64.8523,5.5906,4.1074
ATL,MCI,269,8,0.0297,1113.6633,98.0849,8.6475,4.888
ATL,MCO,422,0,0.0,648.564,58.2512,7.4384,3.6872
ATL,MDT,61,1,0.0164,996.1815,84.2333,2.6167,-0.3167
ATL,MDW,27,0,0.0,949.5106,82.6296,6.0,0.7037
ATL,MEM,451,8,0.0177,534.3009,53.2889,4.7675,4.5508
ATL,MHT,61,0,0.0,1532.0917,120.9672,10.2295,0.9672
ATL,MIA,531,8,0.0151,957.5573,82.5985,7.4589,2.6577
ATL,MKE,89,0,0.0,1076.6485,92.8876,7.5393,3.4719
ATL,MLB,118,0,0.0,712.9376,62.7542,8.2458,7.0085
ATL,MLU,29,1,0.0345,720.9843,64.1429,8.3571,7.6429
ATL,MOB,212,11,0.0519,486.0207,47.7313,4.801,4.1891
ATL,MSP,391,1,0.0026,1458.062,128.6977,6.9692,1.9612
ATL,MSY,303,6,0.0198,683.9695,64.7162,7.7273,5.5135
ATL,OAK,60,1,0.0167,3427.8942,267.4576,10.0339,13.4915
ATL,OKC,91,0,0.0,1224.7077,100.8242,7.3407,6.1319
ATL,OMA,61,0,0.0,1321.2681,111.3934,5.9836,-2.0656
ATL,ONT,62,0,0.0,3057.746,235.2258,10.6129,5.0323
ATL,ORD,838,42,0.0501,975.26,92.9369,11.6457,12.5707
ATL,ORF,270,0,0.0,830.4194,70.8439,7.1222,5.1004
ATL,PBI,246,2,0.0081,877.0903,74.041,7.127,2.1066
ATL,PDX,62,0,0.0,3495.4865,275.5645,6.0645,-2.4516
ATL,PHL,569,25,0.0439,1070.2111,97.2136,13.8695,15.6685
ATL,PHX,334,14,0.0419,2554.0226,206.4828,10.5,6.6144
ATL,PIT,330,1,0.003,846.5128,75.372,5.6474,4.378
ATL,PNS,213,5,0.0235,437.7405,44.0913,7.4471,4.4519
ATL,PVD,122,0,0.0,1453.234,115.9344,6.5656,5.1148
ATL,PWM,61,0,0.0,1652.7922,127.8525,9.7541,5.4262
ATL,RDU,300,5,0.0167,572.925,55.6237,6.8305,4.922
ATL,RIC,270,10,0.037,774.0925,67.2101,2.8615,2.1089
ATL,ROC,91,1,0.011,1205.3957,96.6404,11.1889,6.2921
ATL,RSW,246,0,0.0,828.8101,71.1633,8.3902,5.8327
ATL,SAN,123,0,0.0,3043.2619,236.8934,10.4959,4.9508
ATL,SAT,201,2,0.01,1406.5632,115.9045,5.9196,2.0
ATL,SAV,305,9,0.0295,346.0081,36.223,6.777,5.9865
ATL,SDF,209,3,0.0144,516.5981,51.6796,8.0194,5.6505
ATL,SEA,145,0,0.0,3511.5799,283.5764,9.2,7.2292
ATL,SFO,252,14,0.0556,3442.3783,268.2185,8.2983,2.6303
ATL,SHV,90,4,0.0444,888.3557,78.1279,11.3023,12.4651
ATL,SJC,103,4,0.0388,3405.3634,268.4949,7.2323,1.6364
ATL,SJU,135,9,0.0667,2489.649,188.896,6.1508,3.072
ATL,SLC,277,2,0.0072,2557.2413,203.7399,6.6073,0.8242
ATL,SMF,93,0,0.0,3366.7393,261.6774,4.2366,-4.6667
ATL,SNA,90,4,0.0444,3088.3235,243.1977,5.7093,6.6744
ATL,SRQ,182,0,0.0,716.1563,62.4066,3.1099,0.9396
ATL,STL,424,14,0.033,777.3112,75.7902,4.2293,1.0659
ATL,STT,31,0,0.0,2573.3347,194.5667,3.3548,0.9
ATL,SYR,60,0,0.0,1276.2066,100.0833,11.6167,6.6333
ATL,TLH,121,2,0.0165,358.8828,36.3613,9.6471,9.1429
ATL,TPA,379,2,0.0053,653.392,58.5119,9.3395,5.7427
ATL,TUL,120,0,0.0,1084.6952,92.3445,6.925,4.9412
ATL,TYS,216,2,0.0093,244.6197,28.229,9.8037,6.1028
ATL,VPS,30,1,0.0333,424.8658,41.0,-0.6897,-0.0345
AUS,ATL,179,8,0.0447,1308.3934,108.5965,6.3392,-0.4327
AUS,BNA,62,0,0.0,1216.661,101.9677,2.2258,-3.7742
AUS,BOS,26,0,0.0,2732.6593,213.5385,15.5,6.9231
AUS,BWI,31,0,0.0,2159.7343,174.931,3.4194,-5.8966
AUS,CVG,60,2,0.0333,1541.7477,128.431,3.069,-1.3103
AUS,DAL,374,8,0.0214,304.1653,38.8087,9.0082,6.235
AUS,DEN,96,1,0.0104,1247.2385,107.5957,6.5579,9.0426
AUS,DFW,484,9,0.0186,305.7746,39.9453,6.4989,6.5116
AUS,ELP,122,2,0.0164,849.7315,72.4,6.8917,4.8
AUS,EWR,75,3,0.04,2420.4474,202.1389,20.9167,19.5139
AUS,HOU,385,6,0.0156,238.1823,31.1058,4.5092,2.3915
AUS,HRL,31,0,0.0,439.3498,45.0323,6.7097,6.3548
AUS,IAD,31,0,0.0,2087.314,171.8387,1.6452,-3.6774
AUS,IAH,311,5,0.0161,225.3076,34.8366,12.3889,9.7745
AUS,LAS,93,0,0.0,1754.1806,146.7849,4.3548,3.6774
AUS,LAX,114,0,0.0,1998.8003,159.7193,7.6053,6.9211
AUS,LBB,62,0,0.0,548.7849,51.2581,6.0484,5.7258
AUS,MAF,56,0,0.0,473.146,44.4107,7.8214,5.3214
AUS,MCO,31,0,0.0,1598.0746,132.7742,15.4194,8.7742
AUS,MEM,93,0,0.0,899.6211,83.5806,-1.4301,-0.0645
AUS,MSP,91,2,0.022,1676.9323,141.8764,-0.573,-3.2247
AUS,ORD,242,5,0.0207,1573.9345,131.9316,11.4768,9.1325
AUS,PHX,272,3,0.011,1403.3445,120.4052,5.1747,5.9926
AUS,RDU,61,0,0.0,1870.0531,148.7541,7.541,-2.5902
AUS,SAN,61,0,0.0,1873.2718,151.2459,7.5246,5.0328
AUS,SFO,31,0,0.0,2420.4474,201.2258,21.5484,13.9032
AUS,SJC,111,1,0.009,2375.3858,190.5091,5.0909,10.3273
AUS,SLC,31,1,0.0323,1746.1339,147.7667,2.2667,2.3
AUS,STL,121,1,0.0083,1161.9435,104.1,0.6167,-4.3917
AUS,TPA,31,0,0.0,1493.4675,123.2581,3.0,-6.4194
AVL,CLT,155,1,0.0065,148.0593,24.6623,-1.5584,2.0779
AVP,PHL,31,0,0.0,168.9807,26.7419,0.1613,-5.7097
AVP,PIT,93,1,0.0108,391.0696,47.2826,8.5326,10.0543
AZO,DTW,29,1,0.0345,181.8554,32.7143,0.25,7.0714
AZO,MSP,31,1,0.0323,685.5788,70.2333,0.3,-2.6667
AZO,ORD,149,9,0.0604,196.3395,30.4429,9.0786,5.0214
BDL,ATL,181,0,0.0,1382.4231,120.7333,7.4365,6.5611
BDL,BNA,62,0,0.0,1371.1577,119.2258,7.0161,-2.3548
BDL,BOS,1,0,0.0,146.4499,28.0,-20.0,-4.0
BDL,BWI,362,5,0.0138,455.4432,50.8704,12.5126,10.0986
BDL,CLE,43,0,0.0,764.4365,79.7674,0.5116,-5.0465
BDL,CLT,124,0,0.0,1036.415,97.2661,7.2581,13.4355
BDL,CVG,123,0,0.0,1063.7737,98.3659,8.6992,5.1789
BDL,DCA,119,4,0.0336,503.7234,63.8053,3.3043,3.8496
BDL,DEN,31,0,0.0,2689.2071,223.5484,6.4516,-1.3548
BDL,DFW,124,1,0.0081,2367.3391,197.9187,13.3008,11.8699
BDL,DTW,142,1,0.007,881.9183,87.6738,-0.695,-3.6667
BDL,EWR,3,0,0.0,186.6834,36.0,63.0,67.6667
BDL,FLL,100,1,0.01,1887.7558,164.1616,11.3939,7.1212
BDL,IAD,110,3,0.0273,524.6448,56.0654,19.9813,15.4206
BDL,IAH,29,0,0.0,2425.2754,201.8276,-2.8276,-3.8966
BDL,JFK,124,12,0.0968,170.59,35.7143,9.1875,7.9554
BDL,LAS,30,0,0.0,3698.2633,296.7,10.0333,-2.8
BDL,LAX,31,0,0.0,4066.8022,322.8387,2.7742,-6.6452
BDL,MCO,225,2,0.0089,1689.807,145.0367,3.5874,-2.8028
BDL,MDW,62,0,0.0,1250.4572,116.629,8.7419,0.4839
BDL,MIA,31,0,0.0,1921.552,156.4194,0.6129,0.8065
BDL,MSP,111,1,0.009,1689.807,149.8716,10.6636,3.5688
BDL,ORD,335,4,0.0119,1260.1132,119.8879,16.0725,14.9606
BDL,PBI,96,1,0.0104,1823.3822,156.3158,9.6737,4.7263
BDL,PHL,179,3,0.0168,315.4306,52.3429,14.2273,16.9314
BDL,PHX,31,0,0.0,3561.4694,288.0645,7.871,5.6452
BDL,PIT,155,1,0.0065,653.392,65.9935,6.3506,4.5909
BDL,SFO,25,1,0.04,4224.5175,337.125,7.75,-6.875
BDL,SJU,56,0,0.0,2681.1604,208.75,-1.7857,-17.4107
BDL,STL,123,0,0.0,1540.1384,140.5455,0.2846,-1.9669
BDL,TPA,62,1,0.0161,1787.9767,158.2131,9.6885,18.5738
BET,ANC,93,4,0.043,642.1267,57.1798,5.9663,6.9101
BFL,LAX,160,3,0.0188,175.4181,34.9427,4.7771,3.0382
BGR,BOS,400,20,0.05,323.4773,51.3668,12.0816,3.9921
BGR,LGA,31,2,0.0645,608.3305,66.5172,25.4828,-5.1724
BHM,ATL,275,3,0.0109,215.6516,32.4559,2.3382,-1.636
BHM,BNA,87,0,0.0,284.8532,34.1494,6.5057,1.8966
BHM,BWI,93,0,0.0,1097.5699,98.2366,9.9247,5.5484
BHM,CLT,154,3,0.0195,564.8783,57.7351,2.053,1.7285
BHM,CVG,61,0,0.0,637.2986,67.2951,6.2623,3.7377
BHM,DFW,93,2,0.0215,960.776,93.6222,3.2747,6.3778
BHM,DTW,57,1,0.0175,1005.8375,95.3571,6.6607,4.6429
BHM,HOU,93,1,0.0108,917.3238,86.7065,6.7935,4.4891
BHM,IAH,56,0,0.0,904.4491,81.4107,7.4643,10.3036
BHM,JAN,52,2,0.0385,339.5707,38.0,2.0,4.32
BHM,JAX,31,0,0.0,587.4091,53.3871,8.3226,2.9032
BHM,LAS,31,0,0.0,2603.9121,212.1,11.2903,5.3
BHM,MCO,31,0,0.0,769.2645,70.1613,4.129,-10.5161
BHM,MDW,62,1,0.0161,917.3238,84.9508,13.3934,13.8852
BHM,MEM,82,1,0.0122,339.5707,42.7037,2.0,5.8272
BHM,MOB,21,0,0.0,347.6174,37.1,-2.8571,-1.55
BHM,MSY,204,2,0.0098,516.5981,50.7871,9.7723,8.5198
BHM,PHX,31,0,0.0,2341.5897,195.871,0.0,-5.8065
BHM,SDF,61,0,0.0,519.8168,50.9344,16.6885,13.6557
BHM,STL,31,0,0.0,659.8294,61.7419,0.4194,-3.0323
BHM,TPA,61,0,0.0,740.2964,65.0328,12.3279,8.2131
BIL,DEN,62,0,0.0,732.2497,65.7049,11.7742,11.082
BIL,MSP,114,1,0.0088,1203.7863,102.2478,-0.1504,-2.2301
BIL,SLC,92,2,0.0217,622.8146,58.4444,-0.8,-3.9111
BIS,MSP,121,0,0.0,621.2052,61.2645,-3.7521,-4.438
BMI,ORD,118,7,0.0593,186.6834,27.4234,4.8378,3.3333
BNA,ATL,272,10,0.0368,344.3988,40.5954,2.1756,0.3397
BNA,AUS,61,0,0.0,1216.661,105.6393,20.8689,18.7213
BNA,BDL,62,0,0.0,1371.1577,114.8226,1.9355,-8.1452
BNA,BHM,87,0,0.0,284.8532,32.4023,9.8621,7.5632
BNA,BOS,92,4,0.0435,1517.6076,128.0227,15.5682,11.9318
BNA,BWI,276,1,0.0036,946.2919,81.7343,7.6618,1.524
BNA,CLE,118,0,0.0,720.9843,67.8305,8.2542,3.7034
BNA,CLT,149,0,0.0,529.4729,53.1678,0.0201,2.3893
BNA,CMH,52,0,0.0,543.9569,58.6538,3.5577,3.3462
BNA,CVG,30,1,0.0333,370.1482,43.4483,8.7586,5.0345
BNA,DCA,56,1,0.0179,904.4491,81.6182,0.2182,3.8182
BNA,DFW,303,5,0.0165,1015.4935,91.0743,3.1577,3.0473
BNA,DTW,295,1,0.0034,735.4684,73.4812,3.4218,2.7577
BNA,EWR,50,0,0.0,1203.7863,117.898,22.74,24.2857
BNA,FLL,31,0,0.0,1276.2066,108.4194,14.7742,10.3871
BNA,HOU,205,2,0.0098,1078.2578,96.8719,12.9261,12.2266
BNA,IAH,75,0,0.0,1057.3364,98.7067,12.4933,15.4533
BNA,ISP,92,0,0.0,1292.3,113.6739,4.8043,0.7391
BNA,JAX,92,0,0.0,778.9206,69.1413,10.2391,6.2283
BNA,LAS,93,0,0.0,2555.6319,208.1183,4.6882,2.9247
BNA,LAX,124,0,0.0,2891.984,231.0968,4.9194,1.1935
BNA,LGA,87,3,0.0345,1229.5358,108.2892,5.0,7.9277
BNA,MCI,123,0,0.0,790.1859,76.4754,7.1545,4.2869
BNA,MCO,183,1,0.0055,991.3534,84.8895,8.0934,3.4696
BNA,MDW,261,1,0.0038,635.6893,62.6462,8.3385,5.5423
BNA,MEM,95,0,0.0,321.868,39.1895,3.8316,2.1895
BNA,MHT,62,0,0.0,1509.5609,120.2419,5.8548,-2.5323
BNA,MIA,31,0,0.0,1297.128,105.0645,5.3871,1.4194
BNA,MSP,116,0,0.0,1118.4913,105.5431,-2.0259,-6.5862
BNA,MSY,87,0,0.0,757.9991,67.4368,11.8736,10.4943
BNA,OAK,31,0,0.0,3152.6971,251.5161,8.7419,5.3548
BNA,ONT,31,0,0.0,2817.9543,223.7742,6.6129,3.0968
BNA,ORD,124,3,0.0242,658.2201,72.6917,5.3388,3.1
BNA,PBI,62,0,0.0,1219.8797,104.1935,4.5806,0.7903
BNA,PHL,93,2,0.0215,1086.3045,106.2045,10.5165,14.3523
BNA,PHX,92,0,0.0,2330.3243,192.8462,8.0652,3.5934
BNA,PIT,124,1,0.0081,743.5151,73.2439,0.5285,3.0813
BNA,PVD,62,0,0.0,1459.6714,118.0161,5.7097,0.629
BNA,RDU,154,0,0.0,712.9376,69.0519,5.961,1.6753
BNA,SAN,62,0,0.0,2817.9543,225.4355,8.5968,5.4677
BNA,SAT,31,0,0.0,1322.8775,111.8387,27.2258,24.3226
BNA,SEA,31,0,0.0,3181.6652,272.1935,3.5806,-9.6452
BNA,STL,178,2,0.0112,436.1311,49.3807,1.0852,-2.1307
BNA,TPA,123,0,0.0,984.9161,82.9024,4.2195,-0.6585
BOI,DEN,122,1,0.0082,1044.4617,86.2314,5.4876,3.0826
BOI,GEG,87,0,0.0,461.8806,44.3448,7.4713,7.069
BOI,LAS,62,0,0.0,836.8568,84.4032,7.5645,2.9516
BOI,MSP,92,0,0.0,1837.8663,144.8913,0.0652,-1.2391
BOI,OAK,31,0,0.0,822.3727,77.8387,14.871,10.0323
BOI,ORD,54,1,0.0185,2312.6216,176.0189,6.7736,7.0566
BOI,PDX,92,0,0.0,553.613,53.4239,7.5652,6.5761
BOI,PHX,59,0,0.0,1182.8649,104.1356,4.2203,1.7797
BOI,RNO,87,0,0.0,539.1289,50.2989,5.3103,1.9195
BOI,SEA,93,0,0.0,642.1267,67.5591,9.914,12.9785
BOI,SFO,121,1,0.0083,840.0755,82.3083,12.9833,7.9833
BOI,SLC,154,0,0.0,468.3179,44.5974,5.4091,3.2208
BOS,ALB,88,6,0.0682,233.3543,39.1585,20.6341,17.0366
BOS,ATL,406,20,0.0493,1522.4356,132.5351,15.1088,13.5091
BOS,AUS,26,0,0.0,2732.6593,230.6923,0.6154,-1.0769
BOS,BGR,400,25,0.0625,323.4773,46.72,20.7573,16.0987
BOS,BNA,92,4,0.0435,1517.6076,136.4091,23.0341,15.1932
BOS,BTV,166,10,0.0602,291.2905,45.0064,17.9038,11.4038
BOS,BWI,353,17,0.0482,595.4558,62.5493,15.4137,9.9313
BOS,CLE,127,2,0.0157,906.0584,91.48,7.952,5.848
BOS,CLT,239,12,0.0502,1171.5995,107.5727,9.2511,12.6608
BOS,CMH,114,4,0.0351,1029.9776,100.0182,19.9364,15.0273
BOS,CVG,185,4,0.0216,1210.2237,109.1326,11.232,7.9116
BOS,DCA,789,30,0.038,642.1267,71.4743,0.2899,-1.8788
BOS,DEN,182,1,0.0055,2822.7824,231.9945,10.547,0.5967
BOS,DFW,422,33,0.0782,2513.7891,208.4208,10.527,9.1091
BOS,DTW,272,12,0.0441,1017.1029,96.4,5.6038,0.1769
BOS,EWR,674,81,0.1202,321.868,51.1754,14.9528,13.9056
BOS,FLL,246,7,0.0285,1990.7536,175.3347,9.3473,4.2803
BOS,HPN,219,30,0.137,267.1504,44.672,12.1587,7.6085
BOS,IAD,320,22,0.0688,664.6574,68.4899,16.3255,11.6644
BOS,IAH,193,1,0.0052,2570.116,215.7407,8.651,13.6984
BOS,ISP,274,27,0.0985,246.229,41.7733,17.3563,11.7206
BOS,JFK,420,24,0.0571,300.9466,46.8232,21.5303,21.9369
BOS,LAS,77,4,0.0519,3831.8385,306.4384,15.0274,1.3836
BOS,LAX,330,12,0.0364,4201.9867,330.7184,8.8648,3.5475
BOS,LGA,963,59,0.0613,297.7279,42.8606,1.3296,-3.0288
BOS,MCO,363,18,0.0496,1804.0701,155.1353,14.9797,10.7559
BOS,MEM,90,6,0.0667,1833.0383,159.0602,3.0476,-0.7229
BOS,MIA,164,2,0.0122,2024.5497,168.7654,10.3333,-0.3951
BOS,MSP,272,6,0.0221,1808.8982,160.2556,8.9248,2.9398
BOS,ORD,845,76,0.0899,1395.2978,128.8797,16.7906,14.1778
BOS,ORF,93,4,0.043,753.1711,72.8652,18.5393,11.5955
BOS,PBI,149,1,0.0067,1926.38,168.6014,7.6081,3.6081
BOS,PHL,728,64,0.0879,450.6152,65.0196,12.7545,11.8584
BOS,PHX,88,5,0.0568,3701.482,300.3855,11.3373,1.4699
BOS,PIT,273,18,0.0659,798.2326,78.9765,9.9608,10.2314
BOS,PWM,211,13,0.0616,152.8873,25.0909,14.6515,11.0051
BOS,RDU,76,4,0.0526,984.9161,89.6944,16.875,-4.5694
BOS,RIC,119,5,0.042,762.8272,77.7105,17.4561,9.1579
BOS,ROC,108,11,0.1019,552.0036,85.4536,22.2062,14.1134
BOS,RSW,92,4,0.0435,2010.0657,179.0115,3.4205,-4.6667
BOS,SAN,62,2,0.0323,4164.9719,331.6441,8.45,1.8136
BOS,SEA,56,0,0.0,4016.9126,332.375,6.375,-5.875
BOS,SFO,301,9,0.0299,4351.6554,345.774,14.6575,2.7158
BOS,SJC,88,1,0.0114,4327.5153,345.931,7.6207,-3.5172
BOS,SJU,118,3,0.0254,2694.0352,211.7217,5.3391,-5.7913
BOS,SLC,92,1,0.0109,3387.6607,277.1222,9.8462,2.5333
BOS,STL,210,10,0.0476,1683.3696,151.76,7.09,6.845
BOS,TPA,186,10,0.0538,1907.0679,168.3657,14.4602,11.9543
BPT,DFW,148,4,0.027,434.5218,66.3986,1.4514,-0.9441
BQN,EWR,30,0,0.0,2550.8039,213.6,-0.9333,-6.3333
BRO,IAH,24,0,0.0,495.6767,53.625,20.6667,19.9167
BRW,ANC,16,2,0.125,1166.7715,95.1538,-0.3571,0.7692
BRW,FAI,64,6,0.0938,809.498,70.069,6.5517,5.0862
BTR,ATL,92,0,0.0,722.5937,70.5435,7.0652,5.5
BTR,DFW,183,1,0.0055,616.3772,82.6167,5.5385,1.5111
BTR,IAH,26,1,0.0385,407.163,47.6,6.0,9.92
BTR,ORD,56,2,0.0357,1303.5654,115.7308,7.1481,2.3846
BTV,BOS,167,8,0.0479,291.2905,45.5535,10.566,4.5786
BTV,ORD,90,1,0.0111,1227.9264,114.1932,18.0899,16.2273
BTV,PHL,93,1,0.0108,540.7382,66.163,9.0435,12.2283
BTV,PIT,62,1,0.0161,730.6404,76.6721,-1.1311,0.7705
BUF,ATL,122,0,0.0,1145.8501,102.7295,6.1557,2.3033
BUF,BWI,215,2,0.0093,452.2245,49.277,8.1737,-1.4742
BUF,CLT,93,0,0.0,878.6996,87.2796,1.3333,4.172
BUF,CVG,30,0,0.0,659.8294,66.8,2.6333,-1.7
BUF,DCA,93,5,0.0538,476.3646,52.7614,3.7614,5.4432
BUF,DFW,31,1,0.0323,1950.5201,162.6667,-1.2667,-2.1
BUF,DTW,151,1,0.0066,386.2416,45.4067,-1.2067,-4.14
BUF,EWR,111,1,0.009,453.8339,53.2545,11.9364,9.4545
BUF,JFK,166,10,0.0602,484.4113,82.5613,22.6346,23.3226
BUF,LAS,31,0,0.0,3197.7586,256.129,0.5806,-13.3871
BUF,LGA,170,9,0.0529,469.9273,55.1146,12.8758,10.7962
BUF,MCO,36,0,0.0,1627.0427,130.7778,-0.3333,-21.1944
BUF,MSP,79,0,0.0,1181.2556,115.3418,-4.1013,-3.519
BUF,ORD,246,4,0.0163,761.2178,76.2158,13.4669,9.4274
BUF,PHL,155,5,0.0323,449.0059,59.1267,14.8133,16.82
BUF,PHX,31,0,0.0,3077.0581,249.0645,1.7097,-8.0968
BUF,PIT,124,0,0.0,299.3372,41.3387,8.4839,11.7419
BUF,ROC,25,0,0.0,88.5137,16.2,10.88,9.76
BUR,DEN,60,0,0.0,1367.939,109.9333,5.3333,4.8833
BUR,DFW,93,2,0.0215,1981.0975,156.7528,1.6374,0.5955
BUR,LAS,364,0,0.0,358.8828,40.5357,3.9093,2.1621
BUR,OAK,444,6,0.0135,523.0355,50.7557,4.3562,5.2626
BUR,PDX,92,1,0.0109,1314.8308,109.0549,6.5165,6.1209
BUR,PHX,358,5,0.014,593.8465,63.6601,3.7734,2.3201
BUR,SEA,105,1,0.0095,1507.9516,127.6731,12.6154,16.3846
BUR,SFO,348,24,0.069,524.6448,53.5586,12.929,10.4784
BUR,SJC,239,0,0.0,476.3646,47.0,3.6318,2.3487
BUR,SMF,292,0,0.0,576.1437,55.4178,4.8664,3.1884
BWI,ABQ,31,0,0.0,2687.5978,219.4516,5.0968,-7.9032
BWI,ALB,205,0,0.0,463.4899,50.878,14.1756,13.5268
BWI,ATL,393,7,0.0178,926.9798,87.4793,11.0803,13.2098
BWI,AUS,31,0,0.0,2159.7343,176.2258,3.3226,1.4839
BWI,BDL,360,4,0.0111,455.4432,48.4466,13.8174,15.1461
BWI,BHM,92,0,0.0,1097.5699,98.0978,14.2717,11.8804
BWI,BNA,276,0,0.0,946.2919,86.5833,14.7283,10.4746
BWI,BOS,355,21,0.0592,595.4558,59.9459,11.3084,3.4084
BWI,BUF,215,2,0.0093,452.2245,46.4272,11.6244,0.4601
BWI,CLE,309,1,0.0032,505.3328,54.4578,11.2857,10.4058
BWI,CLT,255,2,0.0078,580.9717,58.5613,6.4308,8.4427
BWI,CMH,62,0,0.0,540.7382,56.6452,11.3226,2.5968
BWI,CVG,122,2,0.0164,692.0162,70.3277,12.0333,8.1681
BWI,DEN,147,4,0.0272,2399.5259,197.4225,14.0769,9.5775
BWI,DFW,184,3,0.0163,1958.5668,163.1461,13.8895,12.7079
BWI,DTW,242,7,0.0289,656.6107,68.4894,7.4851,7.5277
BWI,FLL,191,2,0.0105,1488.6395,134.6138,8.1852,4.0741
BWI,HOU,62,0,0.0,2005.2376,169.8689,12.1935,12.7541
BWI,IAH,173,0,0.0,1987.5349,163.7176,2.3526,4.5706
BWI,IND,93,0,0.0,828.8101,78.7717,16.1935,10.5543
BWI,ISP,247,1,0.004,354.0548,43.2236,8.6098,6.5976
BWI,JAN,62,0,0.0,1429.0939,122.5161,6.0323,3.371
BWI,JAX,154,1,0.0065,1066.9924,94.4771,12.0654,9.1961
BWI,JFK,186,19,0.1022,296.1186,52.0958,16.3772,14.6168
BWI,LAS,124,0,0.0,3389.27,271.3415,21.5,16.1951
BWI,LAX,122,0,0.0,3748.1529,295.5574,15.6475,15.8607
BWI,LIT,31,0,0.0,1467.7181,123.5806,0.3871,-20.6774
BWI,MCI,93,0,0.0,1556.2318,135.0645,14.2151,6.1398
BWI,MCO,341,2,0.0059,1266.5506,109.9438,13.9499,10.8876
BWI,MDW,335,3,0.009,983.3067,95.4182,13.5783,10.7273
BWI,MEM,9,0,0.0,1266.5506,106.5,-5.8889,-20.75
BWI,MHT,369,2,0.0054,606.7212,59.6376,15.3215,14.109
BWI,MIA,93,1,0.0108,1522.4356,133.0,0.0326,-4.9783
BWI,MSP,142,3,0.0211,1506.3422,133.4892,19.7626,16.5683
BWI,MSY,93,1,0.0108,1606.1213,138.4945,7.8804,6.2637
BWI,ORD,336,5,0.0149,1001.0095,97.3939,14.716,12.7758
BWI,PBI,93,0,0.0,1421.0472,126.1075,10.9032,1.9677
BWI,PHL,172,7,0.0407,144.8406,29.0848,9.2242,10.0485
BWI,PHX,248,3,0.0121,3217.0707,259.6939,8.9306,0.2367
BWI,PIT,185,1,0.0054,337.9614,37.837,7.9348,9.4565
BWI,PVD,493,3,0.0061,527.8635,51.949,13.2857,12.6898
BWI,RDU,154,0,0.0,410.3817,45.3506,16.1494,11.6494
BWI,RSW,31,0,0.0,1478.9835,132.4839,1.129,-3.2258
BWI,SAT,31,0,0.0,2264.3414,185.9,0.9355,1.1333
BWI,SDF,147,1,0.0068,796.6233,78.5959,13.1781,7.0959
BWI,SEA,31,0,0.0,3757.8089,302.1613,0.6129,-20.2258
BWI,SFO,93,1,0.0108,3954.1484,315.0543,8.8696,7.4457
BWI,SJU,45,1,0.0222,2518.6171,203.6744,1.0682,-0.0465
BWI,SLC,31,0,0.0,2999.8098,250.0323,0.4194,-13.7097
BWI,STL,276,1,0.0036,1186.0836,111.3773,7.5345,3.6777
BWI,TPA,278,4,0.0144,1355.0643,118.0989,16.3139,13.3516
BZN,DTW,3,0,0.0,2254.6853,166.0,-1.6667,-1.0
BZN,MSP,83,0,0.0,1406.5632,117.9756,0.4458,2.0854
BZN,SLC,62,0,0.0,558.441,51.0161,0.6452,-1.6452
CAE,ATL,210,7,0.0333,307.3839,38.6404,3.2562,-0.734
CAE,CLT,118,3,0.0254,141.6219,28.9478,-2.3826,1.1739
CAK,ATL,29,1,0.0345,849.7315,84.2857,6.5,7.1786
CAK,PIT,87,1,0.0115,112.6538,23.9767,1.8953,4.1744
CDV,ANC,31,2,0.0645,257.4944,31.8966,29.6897,29.8621
CDV,YAK,31,0,0.0,342.7894,35.8387,19.6452,22.7742
CHA,CLT,93,2,0.0215,389.4603,47.022,-1.8132,-0.0879
CHA,ORD,87,4,0.046,806.2793,80.9639,3.012,-2.1205
CHS,ATL,272,16,0.0588,416.8191,46.4922,3.8125,0.9102
CHS,CLT,217,1,0.0046,270.3691,35.3426,-0.1759,-1.7963
CHS,DCA,31,1,0.0323,714.547,66.0333,-3.6,-5.8333
CHS,EWR,8,0,0.0,1010.6655,98.0,19.875,26.75
CID,DEN,60,1,0.0167,1113.6633,99.4237,11.6441,7.2034
CID,DFW,93,5,0.0538,1102.3979,101.7841,1.9773,-7.3864
CID,MSP,21,1,0.0476,355.6641,40.5,-4.3,-24.9
CID,ORD,278,17,0.0612,315.4306,38.1077,7.4176,3.6308
CID,STL,202,6,0.0297,366.9295,40.8724,1.0765,0.0663
CLE,ATL,203,3,0.0148,891.5744,83.9,-0.245,-0.275
CLE,BDL,46,0,0.0,764.4365,68.3478,-2.1304,-5.6739
CLE,BNA,118,0,0.0,720.9843,68.9237,4.5593,-2.322
CLE,BOS,127,1,0.0079,906.0584,79.381,6.5873,2.7143
CLE,BWI,309,1,0.0032,505.3328,55.232,11.9838,9.2092
CLE,CLT,124,1,0.0081,692.0162,70.3333,2.3008,4.4878
CLE,CVG,120,0,0.0,355.6641,38.8151,-0.45,-1.9496
CLE,DCA,99,4,0.0404,498.8954,51.2553,-0.0842,2.4362
CLE,DEN,115,0,0.0,1932.8173,162.2783,5.3826,2.0261
CLE,DFW,169,4,0.0237,1643.1361,140.3006,1.6,0.0245
CLE,DTW,119,1,0.0084,152.8873,27.1695,1.3644,-2.7712
CLE,EWR,187,1,0.0053,650.1734,64.2742,20.1075,14.1774
CLE,FLL,67,0,0.0,1709.1191,142.7612,-1.7164,-5.597
CLE,IAH,228,0,0.0,1755.7899,150.0088,4.7675,5.5683
CLE,JFK,93,6,0.0645,683.9695,87.6667,17.908,9.1724
CLE,LAS,126,0,0.0,2937.0455,232.4762,1.373,-6.3651
CLE,LAX,118,0,0.0,3303.975,261.7881,4.0424,-0.0847
CLE,LGA,244,14,0.0574,672.7041,68.8087,21.5913,19.287
CLE,MCO,123,0,0.0,1440.3593,118.5246,-1.4959,-5.959
CLE,MDW,256,2,0.0078,494.0674,51.7312,11.3031,8.166
CLE,MEM,56,0,0.0,1001.0095,91.7143,-1.6071,-3.5357
CLE,MIA,62,0,0.0,1738.0872,143.7742,-3.6613,-5.5323
CLE,MSP,136,1,0.0074,1001.0095,96.0444,2.9111,-4.2741
CLE,MSY,31,0,0.0,1475.7648,125.6129,-4.2903,-1.5484
CLE,ORD,539,36,0.0668,508.5514,57.0519,13.8588,10.0579
CLE,PBI,31,0,0.0,1641.5268,136.7097,0.9032,-4.6774
CLE,PHL,178,8,0.0449,584.1904,64.7588,10.2,7.0471
CLE,PHX,102,1,0.0098,2795.4236,228.3939,4.6436,4.101
CLE,RSW,43,1,0.0233,1649.5735,136.1905,1.7381,-2.7143
CLE,SEA,26,1,0.0385,3252.4761,279.8333,1.24,-6.375
CLE,SFO,83,0,0.0,3477.7837,280.4699,2.5542,-3.2651
CLE,SJU,10,0,0.0,2959.5763,244.3,-1.9,-1.8
CLE,STL,242,1,0.0041,783.7486,75.805,5.4191,1.9834
CLE,TPA,73,0,0.0,1491.8582,126.0411,1.5342,-1.0
CLL,DFW,212,7,0.033,263.9318,45.7415,1.9854,2.0098
CLT,ABE,31,0,0.0,774.0925,74.4516,6.0323,7.9032
CLT,ALB,62,0,0.0,1039.6336,96.0323,5.1452,6.3387
CLT,ATL,448,11,0.0246,365.3202,45.2037,3.5172,1.9542
CLT,AVL,155,1,0.0065,148.0593,22.183,5.1429,6.2941
CLT,BDL,124,0,0.0,1036.415,92.9837,14.6048,18.5203
CLT,BHM,154,3,0.0195,564.8783,58.1,1.8609,2.9867
CLT,BNA,149,0,0.0,529.4729,57.1409,2.6913,2.9799
CLT,BOS,301,19,0.0631,1171.5995,102.2206,17.4752,15.7651
CLT,BUF,93,0,0.0,878.6996,79.3441,10.6129,11.1935
CLT,BWI,247,2,0.0081,580.9717,58.4713,10.6449,12.1434
CLT,CAE,118,1,0.0085,141.6219,21.6752,2.7949,1.6496
CLT,CHA,93,1,0.0108,389.4603,41.9457,0.5326,-1.7826
CLT,CHS,217,0,0.0,270.3691,30.7281,5.9309,5.7604
CLT,CLE,124,2,0.0161,692.0162,70.0082,5.9918,0.0492
CLT,CMH,124,1,0.0081,556.8316,57.7561,0.5691,1.6016
CLT,DAY,62,0,0.0,595.4558,65.8226,4.4839,8.371
CLT,DCA,304,6,0.0197,532.6915,54.5797,3.7651,5.5797
CLT,DEN,93,0,0.0,2151.6876,179.6237,7.7312,6.0753
CLT,DFW,368,22,0.0598,1506.3422,132.4099,7.8295,5.0843
CLT,DTW,243,2,0.0082,804.67,80.8299,3.112,1.5394
CLT,EWR,328,24,0.0732,851.3409,84.8713,16.7928,19.6931
CLT,FAY,62,3,0.0484,189.9021,23.5932,1.5085,-1.5085
CLT,FLL,214,1,0.0047,1015.4935,90.9859,7.2582,4.9437
CLT,GSO,199,1,0.005,133.5752,22.2323,6.8535,6.6566
CLT,GSP,149,6,0.0403,120.7005,19.028,2.7343,-1.0909
CLT,HSV,62,1,0.0161,535.9102,53.5082,2.5902,0.2787
CLT,IAD,155,5,0.0323,516.5981,55.6133,5.3933,5.0533
CLT,IAH,175,2,0.0114,1469.3274,128.3547,9.8382,12.6453
CLT,ILM,186,1,0.0054,297.7279,33.6486,5.1459,5.0649
CLT,IND,155,5,0.0323,688.7975,72.4467,4.4867,6.38
CLT,JAX,181,0,0.0,529.4729,50.0166,4.7348,4.8122
CLT,LAS,87,1,0.0115,3083.4954,244.2326,2.3605,-4.6977
CLT,LAX,152,0,0.0,3419.8475,268.5789,12.3092,12.7237
CLT,LGA,344,22,0.064,875.481,82.8913,19.8292,19.9658
CLT,LWB,13,0,0.0,297.7279,34.2308,3.3077,1.8462
CLT,MCI,150,2,0.0133,1301.9561,119.9324,5.2905,2.8851
CLT,MCO,272,0,0.0,753.1711,67.2206,7.136,4.8713
CLT,MDT,62,0,0.0,664.6574,66.6774,2.8871,4.3871
CLT,MEM,211,2,0.0095,823.9821,79.1962,5.311,5.2057
CLT,MIA,165,0,0.0,1046.071,91.9455,2.9697,-0.7212
CLT,MKE,62,0,0.0,1047.6803,101.129,5.5161,6.5806
CLT,MSP,126,1,0.0079,1496.6862,140.2258,7.872,5.5968
CLT,MSY,155,0,0.0,1047.6803,92.7613,7.6258,6.1935
CLT,MYR,219,2,0.0091,251.057,32.53,7.0,7.5668
CLT,ORD,544,34,0.0625,963.9947,96.376,14.551,16.3268
CLT,ORF,186,1,0.0054,466.7086,47.5676,4.8378,5.0054
CLT,PBI,153,0,0.0,949.5106,83.3725,12.3922,11.3987
CLT,PHL,302,3,0.0099,720.9843,72.5284,9.6288,15.7291
CLT,PHX,62,0,0.0,2854.9692,230.7581,2.4677,6.9032
CLT,PIT,393,12,0.0305,589.0184,59.7921,5.2152,4.8658
CLT,PNS,124,0,0.0,785.3579,71.4355,6.1371,7.0161
CLT,PVD,123,0,0.0,1099.1792,94.0163,11.1057,9.9187
CLT,RDU,272,4,0.0147,209.2142,30.291,4.5784,5.3321
CLT,RIC,248,3,0.0121,411.991,43.6245,4.9388,4.3061
CLT,ROA,118,7,0.0593,249.4477,32.973,6.1441,6.6937
CLT,ROC,62,0,0.0,922.1518,81.2097,9.6935,9.5806
CLT,RSW,154,0,0.0,965.604,84.4545,3.7208,0.9675
CLT,SAN,90,0,0.0,3342.5992,262.6111,4.6222,0.0556
CLT,SAV,186,2,0.0108,342.7894,37.6557,9.6957,9.9891
CLT,SDF,93,0,0.0,540.7382,61.7097,5.0323,6.914
CLT,SEA,93,0,0.0,3667.6859,301.8065,18.2903,11.3548
CLT,SFO,142,0,0.0,3695.0446,293.5352,11.2887,6.5423
CLT,SJU,41,0,0.0,2372.1672,190.7073,11.1707,11.3171
CLT,SRQ,93,0,0.0,880.309,78.4194,9.914,8.1183
CLT,STL,240,1,0.0042,925.3705,91.9247,1.2803,-2.3305
CLT,STT,15,0,0.0,2446.1968,195.8667,4.3333,-0.4667
CLT,SYR,31,0,0.0,970.432,88.7097,10.3871,15.9677
CLT,TPA,267,0,0.0,817.5447,72.7932,7.0,8.203
CLT,TRI,62,1,0.0161,193.1208,28.7377,0.4098,1.1639
CLT,TYS,92,0,0.0,284.8532,33.7363,-0.5761,-3.0659
CMH,ATL,211,4,0.019,717.7656,69.8738,1.9662,-0.1311
CMH,BNA,52,0,0.0,543.9569,54.7308,5.6154,1.0962
CMH,BOS,115,6,0.0522,1029.9776,90.9083,15.6789,9.7706
CMH,BWI,62,0,0.0,540.7382,55.2419,4.2097,-8.1935
CMH,CLT,124,2,0.0161,556.8316,58.1803,2.5656,4.7869
CMH,CVG,154,6,0.039,186.6834,28.1689,4.3514,1.5
CMH,DCA,177,13,0.0734,518.2075,51.2744,5.0671,1.4329
CMH,DEN,61,0,0.0,1858.7877,159.5902,7.5246,3.459
CMH,DFW,146,2,0.0137,1491.8582,129.1736,0.6042,2.6528
CMH,DTW,128,3,0.0234,249.4477,37.232,4.984,1.816
CMH,EWR,102,2,0.0196,743.5151,77.6061,16.63,20.1515
CMH,IAH,85,1,0.0118,1586.8092,138.6905,15.9881,18.8214
CMH,LAS,93,1,0.0108,2851.7505,229.4286,9.4891,3.1319
CMH,LAX,31,0,0.0,3212.2426,257.9355,16.0,16.7419
CMH,LGA,171,15,0.0877,769.2645,75.5714,19.0705,14.6558
CMH,MCO,153,2,0.0131,1290.6907,108.2715,4.0,-0.2053
CMH,MDW,180,0,0.0,457.0526,50.9611,5.5222,5.2944
CMH,MEM,8,1,0.125,833.6381,85.5,3.7143,12.0
CMH,MSP,122,2,0.0164,1009.0562,98.55,2.4833,-0.5833
CMH,ORD,455,33,0.0725,476.3646,53.0285,13.3104,9.9644
CMH,PHL,149,6,0.0403,651.7827,67.437,16.7343,14.2074
CMH,PHX,160,3,0.0188,2689.2071,219.5987,6.3185,1.1146
CMH,PIT,118,3,0.0254,231.745,33.7217,4.487,6.2087
CMH,RSW,31,2,0.0645,1496.6862,127.6897,0.8621,-0.7586
CMH,STL,241,1,0.0041,659.8294,65.6667,3.15,-0.0667
CMH,TPA,124,2,0.0161,1334.1429,111.9918,7.7131,1.0738
CMI,ORD,155,11,0.071,217.2609,31.8042,13.5972,12.4755
COS,ATL,61,2,0.0328,1907.0679,147.7627,8.9322,6.678
COS,CVG,60,1,0.0167,1734.8685,136.8475,2.0678,3.0339
COS,DEN,148,9,0.0608,115.8725,18.7986,7.7842,6.9568
COS,DFW,277,10,0.0361,952.7293,80.6217,4.4532,4.6592
COS,IAH,62,1,0.0161,1301.9561,113.8644,2.9672,3.4576
COS,LAX,88,2,0.0227,1340.5802,117.1882,7.3837,0.0235
COS,MSP,83,0,0.0,1166.7715,97.6506,2.8072,-3.0843
COS,ORD,64,0,0.0,1466.1087,119.1587,13.3281,11.127
COS,PHX,87,2,0.023,886.7463,85.3882,-0.2824,0.1412
COS,SLC,31,1,0.0323,659.8294,73.1667,0.0,0.4333
COS,STL,116,0,0.0,1245.6292,100.9052,-1.0259,-4.0345
CRP,DFW,215,5,0.0233,569.7064,73.351,10.9476,9.2837
CRP,HOU,223,7,0.0314,300.9466,35.1517,11.3796,9.1232
CRP,IAH,35,0,0.0,323.4773,39.9714,3.5143,3.8286
CRW,PIT,93,2,0.0215,263.9318,33.6667,2.5714,1.9667
CVG,ABQ,62,0,0.0,1995.5816,162.4918,7.2097,-0.4918
CVG,ALB,62,1,0.0161,1002.6188,83.9344,10.3279,12.3443
CVG,ATL,272,11,0.0404,600.2838,64.954,5.1264,2.7969
CVG,AUS,59,1,0.0169,1541.7477,127.807,8.8966,5.0175
CVG,BDL,121,1,0.0083,1063.7737,88.0417,6.1333,2.9333
CVG,BHM,62,0,0.0,637.2986,58.1452,8.871,8.629
CVG,BNA,30,1,0.0333,370.1482,43.4138,12.5862,13.1034
CVG,BOS,152,2,0.0132,1210.2237,101.8255,11.22,7.2148
CVG,BUF,31,0,0.0,659.8294,60.129,15.9355,7.6452
CVG,BWI,92,1,0.0109,692.0162,66.3297,13.3846,15.3077
CVG,CLE,150,1,0.0067,355.6641,39.6711,6.6846,2.8859
CVG,CMH,122,2,0.0164,186.6834,28.0917,4.325,1.675
CVG,COS,61,2,0.0328,1734.8685,142.6441,18.1186,17.2034
CVG,DCA,150,7,0.0467,661.4387,63.0567,4.7413,4.7021
CVG,DEN,122,0,0.0,1720.3845,144.4344,6.7213,3.1148
CVG,DFW,243,14,0.0576,1306.7841,114.821,4.607,5.9956
CVG,DTW,51,2,0.0392,368.5389,47.9184,-0.1633,6.8571
CVG,EWR,122,4,0.0328,915.7145,87.8983,20.161,15.7288
CVG,FLL,62,0,0.0,1499.9049,123.5738,3.0968,-1.4098
CVG,GSO,30,0,0.0,531.0822,52.2667,3.5,-3.8
CVG,IND,60,1,0.0167,157.7153,23.1695,10.5424,12.8983
CVG,JAX,60,1,0.0167,988.1348,81.7627,4.5254,3.5932
CVG,JFK,62,0,0.0,947.9013,92.9355,25.5161,31.6935
CVG,LAS,93,0,0.0,2700.4725,213.7204,14.5269,6.6667
CVG,LAX,124,2,0.0161,3057.746,236.877,15.0492,4.3852
CVG,LEX,89,6,0.0674,112.6538,17.5854,0.9157,-2.3902
CVG,LGA,186,10,0.0538,941.4639,87.4602,15.8068,13.1761
CVG,MCI,90,1,0.0111,867.4343,78.069,4.0,-3.3333
CVG,MCO,155,2,0.0129,1216.661,99.6993,5.3268,3.8039
CVG,MEM,30,0,0.0,648.564,60.6,4.4667,1.6333
CVG,MHT,30,0,0.0,1192.5209,95.8,13.8667,-6.0
CVG,MIA,62,0,0.0,1525.6543,124.5323,3.4516,1.7742
CVG,MKE,92,0,0.0,511.7701,53.1848,4.913,1.587
CVG,MSP,142,0,0.0,959.1666,95.2324,4.2465,1.7676
CVG,MSY,120,2,0.0167,1126.538,93.4153,5.4153,5.6695
CVG,ORD,519,37,0.0713,424.8658,50.2531,14.1266,12.6987
CVG,ORF,31,0,0.0,780.5299,67.5484,3.2581,4.7419
CVG,PBI,61,0,0.0,1435.5313,114.6066,4.6557,4.0492
CVG,PDX,93,1,0.0108,3178.4465,250.3261,12.5217,0.587
CVG,PHL,151,15,0.0993,815.9354,78.0,9.6471,9.0526
CVG,PHX,101,0,0.0,2525.0545,204.7228,7.495,-1.0495
CVG,PIT,59,1,0.0169,411.991,41.2759,6.4138,0.4828
CVG,PVD,62,0,0.0,1161.9435,95.8387,7.0806,5.3065
CVG,PWM,91,0,0.0,1303.5654,99.6778,7.0989,4.3889
CVG,RDU,90,1,0.0111,627.6426,58.2135,4.1348,5.2022
CVG,RIC,90,4,0.0444,664.6574,58.7442,0.186,-0.9767
CVG,RSW,62,0,0.0,1414.6099,114.129,5.4032,4.4355
CVG,SAN,71,0,0.0,3001.4191,236.9859,6.8028,0.0282
CVG,SAT,61,0,0.0,1647.9642,138.2623,6.5246,1.8361
CVG,SDF,123,3,0.0244,133.5752,21.6917,8.375,7.4833
CVG,SEA,93,1,0.0108,3160.7438,256.9674,10.7065,1.4891
CVG,SFO,124,7,0.0565,3276.6162,259.1453,11.265,4.2222
CVG,SJC,31,3,0.0968,3246.0388,256.3214,24.3214,13.6071
CVG,SJU,29,5,0.1724,2909.6867,228.2917,0.1667,9.625
CVG,SLC,185,2,0.0108,2331.9337,191.0934,9.0164,2.0934
CVG,SYR,30,1,0.0333,848.1222,72.0345,20.7931,21.069
CVG,TPA,150,3,0.02,1244.0198,102.381,10.7823,7.3469
CVG,TUS,60,0,0.0,2491.2583,197.8833,14.1167,10.3833
DAB,ATL,119,0,0.0,589.0184,59.3782,6.6471,7.7479
DAB,EWR,31,0,0.0,1422.6566,135.2903,9.6452,13.2581
DAL,ABQ,242,2,0.0083,933.4172,84.3292,12.9917,11.0458
DAL,AMA,225,6,0.0267,521.4262,51.8991,10.5708,8.8119
DAL,AUS,376,6,0.016,304.1653,34.6568,9.5324,9.4568
DAL,ELP,168,1,0.006,904.4491,78.8383,11.1976,9.7605
DAL,HOU,921,66,0.0717,384.6323,44.8076,10.9754,11.4109
DAL,HRL,4,0,0.0,737.0777,64.5,36.0,20.0
DAL,IAH,187,15,0.0802,349.2268,44.3605,11.2267,9.3081
DAL,LAX,110,1,0.0091,2005.2376,170.1927,6.8991,13.7248
DAL,LBB,249,8,0.0321,471.5366,46.8257,14.2863,13.6432
DAL,LGA,83,0,0.0,2222.4985,184.5122,9.8795,15.6463
DAL,LIT,226,1,0.0044,476.3646,45.4756,11.7867,8.6933
DAL,MAF,224,4,0.0179,513.3795,50.3136,10.8636,10.7273
DAL,MSY,173,0,0.0,703.2816,63.2717,12.9884,10.6069
DAL,OKC,215,1,0.0047,291.2905,33.5,9.9626,6.7617
DAL,ORD,111,4,0.036,1284.2533,113.8396,3.8131,-1.3679
DAL,SAT,416,8,0.0192,399.1163,44.2892,8.8799,7.7672
DAL,TUL,243,8,0.0329,381.4136,40.6128,10.2723,8.6043
DAY,ATL,151,0,0.0,695.2349,68.4768,4.3974,2.596
DAY,CLT,62,1,0.0161,595.4558,63.0328,3.6721,6.8852
DAY,DCA,22,0,0.0,629.2519,58.5,-5.0455,-4.5909
DAY,DFW,62,0,0.0,1385.6417,122.5645,-0.6774,-0.9839
DAY,DTW,56,2,0.0357,267.1504,38.1852,-1.1481,-3.3148
DAY,MSP,61,0,0.0,923.7612,92.0984,-0.7541,-0.8197
DAY,ORD,299,23,0.0769,386.2416,45.8333,14.663,14.2862
DAY,PHL,54,2,0.037,767.6552,74.6275,3.4231,9.3922
DAY,PIT,74,1,0.0135,346.0081,39.6027,-0.2055,0.589
DAY,STL,122,1,0.0082,543.9569,56.7686,4.1901,2.7438
DBQ,ORD,117,5,0.0427,236.573,30.9375,7.3571,5.7143
DCA,ALB,93,3,0.0323,511.7701,55.8222,-1.2,-2.2222
DCA,ATL,564,54,0.0957,880.309,82.0686,6.298,4.1843
DCA,BDL,119,4,0.0336,503.7234,53.7391,2.1913,2.0348
DCA,BNA,56,1,0.0179,904.4491,84.9091,6.5273,3.7091
DCA,BOS,789,29,0.0368,642.1267,63.3368,-0.6908,-2.8921
DCA,BUF,93,4,0.043,476.3646,48.7356,0.2247,0.7126
DCA,CHS,31,1,0.0323,714.547,70.4667,8.7667,6.3333
DCA,CLE,99,4,0.0404,498.8954,57.4526,1.3158,-3.5474
DCA,CLT,321,6,0.0187,532.6915,54.5937,1.1048,0.5143
DCA,CMH,177,14,0.0791,518.2075,53.6871,3.816,-3.0798
DCA,CVG,121,12,0.0992,661.4387,68.8532,5.1284,6.0
DCA,DAY,25,3,0.12,629.2519,66.8636,8.2727,8.0455
DCA,DFW,394,11,0.0279,1918.3333,159.6316,6.6789,8.1684
DCA,DTW,270,9,0.0333,651.7827,68.0996,2.0536,1.4674
DCA,EWR,244,10,0.041,320.2587,44.3291,12.7051,13.547
DCA,FLL,124,1,0.0081,1446.7967,129.1803,6.5691,2.2459
DCA,IAH,232,0,0.0,1944.0827,161.4113,9.4138,11.3463
DCA,IND,76,5,0.0658,803.0607,78.2394,4.9014,6.2394
DCA,JAX,62,1,0.0161,1020.3216,95.2459,6.5738,5.8197
DCA,JFK,371,28,0.0755,342.7894,48.0906,12.1691,4.807
DCA,LAS,31,2,0.0645,3361.9113,265.1724,6.5862,-0.8966
DCA,LAX,24,1,0.0417,3719.1847,298.2174,7.7391,2.7826
DCA,LGA,942,62,0.0658,344.3988,42.3034,0.6057,-2.1693
DCA,MCI,74,1,0.0135,1528.873,137.6575,1.2466,2.7945
DCA,MCO,93,1,0.0108,1221.4891,109.0435,2.2283,-1.0
DCA,MEM,118,2,0.0169,1226.3171,108.513,2.5862,0.3565
DCA,MHT,62,4,0.0645,655.0014,64.3276,-0.6897,-0.2586
DCA,MIA,308,14,0.0455,1480.5928,128.5374,7.3027,-0.3537
DCA,MSP,239,5,0.0209,1498.2955,136.047,4.1453,2.0726
DCA,MSY,62,0,0.0,1559.4505,133.4262,7.4839,4.9836
DCA,ORD,741,63,0.085,984.9161,95.7941,14.0074,12.7556
DCA,PBI,93,1,0.0108,1379.2044,120.587,5.9457,3.0978
DCA,PHL,124,5,0.0403,191.5115,35.1933,3.4286,4.0252
DCA,PHX,62,3,0.0484,3184.8839,257.4746,4.2203,-9.0847
DCA,PIT,186,6,0.0323,329.9147,37.7722,0.9833,-0.35
DCA,PVD,118,3,0.0254,574.5344,55.913,4.7304,4.6348
DCA,RDU,51,2,0.0392,365.3202,45.9592,-2.6735,-3.5102
DCA,ROC,93,7,0.0753,476.3646,50.0964,-1.2907,-3.9639
DCA,STL,207,4,0.0193,1157.1155,109.8768,6.0345,4.0394
DCA,SYR,93,5,0.0538,479.5833,49.7558,1.3636,-0.5581
DCA,TPA,93,1,0.0108,1310.0028,115.7935,2.1848,3.5217
DEN,ABQ,210,4,0.019,561.6597,50.7087,14.4175,13.1602
DEN,ANC,31,0,0.0,3872.072,301.871,24.5484,26.6129
DEN,ATL,393,9,0.0229,1929.5987,147.8538,6.5964,7.4987
DEN,AUS,97,0,0.0,1247.2385,98.5464,17.1237,19.2062
DEN,BDL,31,0,0.0,2689.2071,198.6452,11.7419,20.2581
DEN,BIL,62,0,0.0,732.2497,62.8226,18.4516,16.1774
DEN,BOI,122,0,0.0,1044.4617,91.5328,11.2869,5.8852
DEN,BOS,189,1,0.0053,2822.7824,205.4309,14.6489,15.8883
DEN,BUR,60,1,0.0167,1367.939,118.8305,24.3051,20.3559
DEN,BWI,122,0,0.0,2399.5259,178.3967,15.6721,21.9008
DEN,CID,60,2,0.0333,1113.6633,87.3966,10.8276,11.7759
DEN,CLE,115,0,0.0,1932.8173,147.2435,5.9391,6.3217
DEN,CLT,122,1,0.0082,2151.6876,161.6446,1.9256,4.7851
DEN,CMH,61,0,0.0,1858.7877,139.6393,21.7869,18.8033
DEN,COS,148,8,0.0541,115.8725,17.5286,8.2143,6.8
DEN,CVG,123,0,0.0,1720.3845,134.3089,5.6098,11.6423
DEN,DFW,700,12,0.0171,1031.5869,87.4052,7.8401,9.449
DEN,DSM,89,0,0.0,947.9013,75.0,10.2135,12.2727
DEN,DTW,238,2,0.0084,1807.2888,140.3093,13.8347,16.8517
DEN,EUG,31,0,0.0,1604.512,129.7419,31.0645,27.3226
DEN,EWR,296,2,0.0068,2582.9907,199.413,11.1973,15.7099
DEN,GEG,116,0,0.0,1345.4082,113.2759,11.9741,6.1897
DEN,IAD,339,11,0.0324,2336.7617,172.578,9.4878,8.2936
DEN,IAH,420,9,0.0214,1385.6417,117.7475,12.4428,12.8676
DEN,ICT,91,0,0.0,674.3135,56.5055,14.2967,14.2857
DEN,IND,122,0,0.0,1572.3252,120.0246,12.6393,15.1066
DEN,JAC,66,1,0.0152,653.392,63.8615,14.9692,13.1692
DEN,LAS,405,3,0.0074,1012.2749,87.4179,11.6045,8.2662
DEN,LAX,591,17,0.0288,1387.2511,113.6707,10.6847,6.2195
DEN,LGA,239,5,0.0209,2605.5215,195.7948,22.812,25.131
DEN,MCI,211,0,0.0,857.7782,71.7667,14.8152,15.4714
DEN,MCO,98,1,0.0102,2486.4303,183.0825,14.9278,17.8144
DEN,MEM,62,0,0.0,1403.3445,110.0323,5.4839,9.1774
DEN,MIA,118,1,0.0085,2750.3621,207.4615,7.094,7.9829
DEN,MSP,447,3,0.0067,1094.3512,92.07,12.0968,10.6524
DEN,MSY,68,0,0.0,1709.1191,130.2794,12.3088,16.7941
DEN,OAK,211,4,0.019,1540.1384,127.9372,15.1836,14.1063
DEN,OKC,122,0,0.0,796.6233,68.1967,13.0574,13.5574
DEN,OMA,152,0,0.0,759.6085,62.1053,15.0658,14.9474
DEN,ONT,120,0,0.0,1318.0495,107.5833,19.0167,12.3417
DEN,ORD,799,21,0.0263,1429.0939,116.4189,12.671,16.2257
DEN,PDX,292,3,0.0103,1596.4653,131.2042,18.0415,15.6367
DEN,PHL,239,2,0.0084,2505.7424,191.8851,7.6203,12.9872
DEN,PHX,525,20,0.0381,968.8227,86.7762,6.6673,2.4713
DEN,PIT,124,0,0.0,2076.0486,157.4065,3.3226,7.6992
DEN,RNO,67,0,0.0,1293.9094,107.6119,11.2239,7.7313
DEN,SAN,232,2,0.0086,1372.767,112.5852,13.6391,9.5633
DEN,SAT,91,0,0.0,1277.816,102.989,13.6703,16.8352
DEN,SEA,404,2,0.005,1647.9642,141.5636,16.8209,17.7631
DEN,SFO,412,16,0.0388,1556.2318,126.9596,13.6313,9.4066
DEN,SJC,342,6,0.0175,1525.6543,128.6935,12.3006,8.7589
DEN,SLC,423,7,0.0165,629.2519,62.0482,6.399,4.6313
DEN,SMF,173,1,0.0058,1464.4994,121.657,10.907,3.3953
DEN,SNA,180,7,0.0389,1361.5016,113.4046,10.474,6.3526
DEN,STL,385,3,0.0078,1239.1918,100.2231,6.3455,5.5564
DEN,TPA,62,0,0.0,2423.666,175.3934,18.5645,20.1311
DEN,TUL,92,0,0.0,870.6529,70.2174,17.9891,18.2065
DEN,TUS,91,0,0.0,1028.3683,88.7802,10.4286,2.3956
DFW,ABI,203,2,0.0099,254.2757,37.1542,7.6368,6.6269
DFW,ABQ,245,1,0.0041,915.7145,80.9218,13.5123,14.7613
DFW,ACT,234,5,0.0214,143.2313,24.0175,6.3013,6.7729
DFW,AMA,184,5,0.0272,503.7234,63.5337,12.2458,11.0843
DFW,ATL,775,28,0.0361,1178.0369,100.3137,11.4565,9.0188
DFW,AUS,485,9,0.0186,305.7746,33.6471,12.2731,11.2836
DFW,BDL,124,1,0.0081,2367.3391,182.2623,8.2358,3.1557
DFW,BHM,93,1,0.0108,960.776,81.4891,16.7283,16.087
DFW,BNA,306,7,0.0229,1015.4935,84.5385,9.612,8.4582
DFW,BOS,422,33,0.0782,2513.7891,193.3918,10.0308,5.9562
DFW,BPT,148,3,0.0203,434.5218,67.069,4.6414,5.3034
DFW,BTR,183,0,0.0,616.3772,77.306,11.5464,12.8142
DFW,BUF,31,1,0.0323,1950.5201,149.1333,12.5667,6.7333
DFW,BUR,93,1,0.0108,1981.0975,168.5761,7.3587,9.9565
DFW,BWI,182,1,0.0055,1958.5668,151.8771,11.9834,8.9609
DFW,CID,92,5,0.0543,1102.3979,93.3448,12.7241,9.046
DFW,CLE,169,4,0.0237,1643.1361,132.5212,6.8909,3.1576
DFW,CLL,213,7,0.0329,263.9318,41.9854,5.1748,2.7767
DFW,CLT,368,23,0.0625,1506.3422,121.6812,4.2464,1.8087
DFW,CMH,146,2,0.0137,1491.8582,120.1608,10.5,6.6294
DFW,COS,277,8,0.0289,952.7293,85.0,10.7918,9.8178
DFW,CRP,211,5,0.0237,569.7064,67.0245,13.3447,10.2843
DFW,CVG,244,11,0.0451,1306.7841,108.6509,8.5451,7.681
DFW,DAY,62,0,0.0,1385.6417,114.0484,12.2419,8.6774
DFW,DCA,394,10,0.0254,1918.3333,148.8058,8.5391,5.8058
DFW,DEN,734,17,0.0232,1031.5869,93.3794,8.9874,8.8103
DFW,DSM,89,1,0.0112,1004.2282,87.9091,13.125,6.4773
DFW,DTW,413,9,0.0218,1588.4186,130.4406,6.5124,3.104
DFW,ELP,329,8,0.0243,886.7463,75.1713,11.7882,10.1246
DFW,EWR,480,25,0.0521,2208.0145,184.4923,16.8484,17.3113
DFW,FAT,31,0,0.0,2113.0634,175.8387,13.2581,6.4194
DFW,FLL,221,0,0.0,1800.8515,141.9276,12.3348,11.2262
DFW,FSM,237,5,0.0211,366.9295,53.1818,7.4957,7.2338
DFW,FWA,55,1,0.0182,1382.4231,113.3774,17.7407,17.1321
DFW,GGG,153,2,0.0131,225.3076,33.8543,4.8013,6.7682
DFW,GRR,92,3,0.0326,1498.2955,122.5506,14.7079,13.4494
DFW,GSO,62,0,0.0,1607.7307,127.6721,17.871,16.8689
DFW,GSP,92,1,0.0109,1387.2511,113.4066,17.4286,15.033
DFW,HNL,62,0,0.0,6089.7426,453.2097,8.4355,16.1613
DFW,HOU,383,22,0.0574,397.507,55.2327,15.1385,14.4183
DFW,HRL,92,3,0.0326,741.9057,94.7191,16.1573,14.5169
DFW,HSV,119,2,0.0168,970.432,81.8205,14.4017,12.0855
DFW,IAD,331,17,0.0514,1886.1465,149.7749,11.4395,7.9678
DFW,IAH,630,24,0.0381,360.4922,44.4505,10.637,11.67
DFW,ICT,257,7,0.0272,527.8635,65.129,10.424,9.9798
DFW,ILE,271,4,0.0148,209.2142,36.0152,7.8502,8.0455
DFW,IND,155,2,0.0129,1226.3171,101.817,9.2484,3.8693
DFW,JAC,38,0,0.0,1683.3696,140.5526,13.2105,11.7632
DFW,JAN,173,2,0.0116,656.6107,74.4678,13.8129,19.1462
DFW,JAX,155,2,0.0129,1478.9835,118.1961,11.2353,12.4248
DFW,JFK,62,0,0.0,2238.5919,186.1148,8.4032,9.1475
DFW,LAS,351,2,0.0057,1697.8537,139.1261,9.7822,12.1289
DFW,LAW,183,5,0.0273,225.3076,37.6742,9.0899,10.2191
DFW,LAX,663,18,0.0271,1987.5349,159.6879,11.1442,8.722
DFW,LBB,277,10,0.0361,453.8339,57.0412,13.2509,9.2996
DFW,LFT,179,3,0.0168,564.8783,84.8352,6.7898,10.9716
DFW,LGA,561,53,0.0945,2235.3733,178.9335,16.0,19.0726
DFW,LGB,121,1,0.0083,1963.3948,160.6525,10.0583,7.0508
DFW,LIT,398,9,0.0226,489.2394,53.9692,10.6247,11.8689
DFW,LRD,121,2,0.0165,634.08,94.0424,10.9748,12.7966
DFW,MAF,215,4,0.0186,497.2861,68.7156,10.6588,7.09
DFW,MCI,340,11,0.0324,740.2964,68.6758,12.3799,10.315
DFW,MCO,312,1,0.0032,1583.5906,127.8553,11.3698,9.4341
DFW,MDW,121,3,0.0248,1282.644,110.6638,16.1949,11.5345
DFW,MEM,384,9,0.0234,695.2349,65.6613,5.824,6.5707
DFW,MFE,92,0,0.0,753.1711,69.4022,11.2609,13.1413
DFW,MIA,323,5,0.0155,1804.0701,140.1101,12.7547,7.783
DFW,MKE,119,1,0.0084,1372.767,116.3475,11.2119,11.3729
DFW,MOB,20,0,0.0,869.0436,74.05,5.75,19.5
DFW,MSN,26,0,0.0,1321.2681,109.8462,13.8462,8.1538
DFW,MSP,480,7,0.0146,1371.1577,118.0191,6.7252,1.8429
DFW,MSY,247,1,0.004,720.9843,64.1992,8.0447,8.9512
DFW,OAK,241,5,0.0207,2343.199,188.5381,10.9534,10.8136
DFW,OGG,31,0,0.0,5972.2607,447.5806,7.0968,18.4516
DFW,OKC,392,9,0.023,281.6345,38.5875,12.5718,12.2585
DFW,OMA,124,2,0.0161,938.2452,82.7787,8.5246,4.6311
DFW,ONT,216,2,0.0093,1913.5053,152.2535,8.3318,6.5305
DFW,ORD,960,117,0.1219,1290.6907,109.8585,8.5243,5.5779
DFW,ORF,93,0,0.0,1952.1294,150.6129,10.7527,7.0753
DFW,PBI,124,5,0.0403,1775.102,141.1176,8.0,10.8067
DFW,PDX,185,0,0.0,2600.6934,205.7622,11.8919,10.1622
DFW,PHL,367,20,0.0545,2095.3607,167.0638,12.098,12.887
DFW,PHX,562,17,0.0302,1396.9071,121.0844,7.9982,9.0569
DFW,PIT,239,2,0.0084,1718.7751,136.1992,4.1899,0.822
DFW,PSP,37,0,0.0,1812.1168,148.2703,16.1892,23.5946
DFW,RDU,271,3,0.0111,1709.1191,135.2612,14.5746,15.1455
DFW,RIC,93,1,0.0108,1863.6157,146.5761,7.587,9.3261
DFW,RNO,123,1,0.0081,2164.5623,174.7377,9.3852,11.4508
DFW,SAN,399,5,0.0125,1884.5371,152.5969,11.7919,13.7602
DFW,SAT,449,4,0.0089,397.507,44.4404,12.9213,12.8944
DFW,SAV,86,3,0.0349,1488.6395,119.2073,12.2169,12.2561
DFW,SDF,122,0,0.0,1179.6462,100.8197,20.9508,19.9098
DFW,SEA,369,2,0.0054,2671.5044,218.7711,10.5586,10.2262
DFW,SFO,471,16,0.034,2356.0738,191.4923,14.6703,13.9824
DFW,SGF,241,7,0.029,585.7998,77.6068,10.3932,13.312
DFW,SHV,418,15,0.0359,305.7746,43.4491,5.6501,5.5831
DFW,SJC,305,7,0.023,2314.2309,188.7114,10.1242,13.4161
DFW,SJT,179,5,0.0279,366.9295,55.4162,5.9195,4.9827
DFW,SJU,119,0,0.0,3484.2211,259.5254,22.6555,16.6525
DFW,SLC,279,5,0.0179,1590.0279,132.7316,9.3504,9.8897
DFW,SMF,154,1,0.0065,2302.9655,185.8562,14.0065,11.6928
DFW,SNA,331,16,0.0483,1939.2547,157.4952,12.6222,14.6933
DFW,SPS,156,3,0.0192,181.8554,31.1645,5.5163,5.0987
DFW,STL,507,17,0.0335,886.7463,81.7198,3.5408,-0.0961
DFW,TPA,277,3,0.0108,1495.0769,120.3212,8.7482,6.0985
DFW,TUL,476,11,0.0231,381.4136,52.0905,12.7871,12.3254
DFW,TUS,273,6,0.022,1308.3934,108.6816,8.633,8.9738
DFW,TXK,148,3,0.0203,291.2905,43.3517,7.5517,7.5724
DFW,TYR,275,6,0.0218,165.762,26.6045,3.8885,5.4403
DFW,TYS,93,0,0.0,1242.4105,100.7634,18.2151,13.7527
DFW,XNA,324,12,0.037,452.2245,47.3032,12.4968,12.0419
DLG,ANC,44,7,0.1591,529.4729,49.1892,11.1892,9.9459
DLH,MSP,79,2,0.0253,231.745,31.4286,1.039,1.4156
DLH,ORD,88,2,0.0227,638.908,62.6163,13.1395,8.0465
DSM,DEN,120,1,0.0083,947.9013,84.1681,5.3109,3.4538
DSM,DFW,89,2,0.0225,1004.2282,93.0115,6.4023,4.9885
DSM,MSP,57,1,0.0175,373.3669,44.1964,1.0536,-0.4107
DSM,ORD,334,18,0.0539,481.1927,50.8354,11.8038,9.1076
DSM,STL,176,2,0.0114,418.4284,42.8851,0.0747,-0.5977
DTW,ABE,50,1,0.02,682.3602,62.0204,2.7755,0.8571
DTW,ALB,150,0,0.0,785.3579,66.5333,8.3733,5.3667
DTW,ANC,24,0,0.0,4805.4892,378.2083,12.75,6.8333
DTW,ATL,498,14,0.0281,955.948,90.5517,5.7004,4.4525
DTW,AZO,29,1,0.0345,181.8554,26.3929,3.0714,11.1071
DTW,BDL,142,1,0.007,881.9183,74.5248,3.0284,0.9007
DTW,BHM,49,0,0.0,1005.8375,90.4082,2.1224,2.4286
DTW,BNA,297,1,0.0034,735.4684,69.9764,5.2196,3.1757
DTW,BOS,271,13,0.048,1017.1029,84.7558,9.5891,8.9651
DTW,BUF,153,1,0.0065,386.2416,40.7895,3.8092,3.7566
DTW,BWI,244,7,0.0287,656.6107,66.8936,6.4726,8.8043
DTW,BZN,3,0,0.0,2254.6853,186.3333,8.0,-2.3333
DTW,CLE,92,1,0.0109,152.8873,24.989,8.1978,9.5275
DTW,CLT,239,2,0.0084,804.67,77.2658,4.4304,1.173
DTW,CMH,159,2,0.0126,249.4477,33.8471,6.7006,3.5159
DTW,CVG,59,3,0.0508,368.5389,44.5179,1.6071,0.1071
DTW,DAY,57,1,0.0175,267.1504,31.8,6.5536,6.0
DTW,DCA,270,6,0.0222,651.7827,62.8897,6.7727,9.8593
DTW,DEN,237,4,0.0169,1807.2888,151.8798,8.8755,7.5451
DTW,DFW,415,11,0.0265,1588.4186,137.2269,5.7772,4.4214
DTW,EWR,454,25,0.0551,783.7486,73.1995,18.5315,15.9108
DTW,FLL,61,1,0.0164,1813.7262,153.6333,9.3,16.4333
DTW,FNT,118,1,0.0085,90.123,16.359,4.9829,2.906
DTW,FWA,2,0,0.0,205.9955,27.0,-0.5,2.5
DTW,GRB,103,0,0.0,463.4899,52.8641,3.4951,3.3981
DTW,GRR,244,6,0.0246,193.1208,26.9286,5.5924,7.8025
DTW,GSO,104,1,0.0096,740.2964,73.2233,3.6117,0.5825
DTW,GSP,87,2,0.023,817.5447,75.4,4.1529,0.1294
DTW,HPN,61,5,0.082,812.7167,75.3571,5.3036,2.6429
DTW,IAD,144,3,0.0208,616.3772,60.8298,5.6312,2.9433
DTW,IAH,323,3,0.0093,1731.6498,148.5096,7.6062,8.1529
DTW,IND,258,3,0.0116,371.7575,41.6471,6.1922,7.3686
DTW,JAX,93,0,0.0,1310.0028,110.4731,3.6667,0.9785
DTW,JFK,91,2,0.022,817.5447,77.25,10.9775,14.9545
DTW,LAN,174,3,0.0172,119.0912,19.4854,6.0877,5.0526
DTW,LAS,196,0,0.0,2816.345,226.0867,8.1735,3.5153
DTW,LAX,215,2,0.0093,3184.8839,252.8294,14.8592,12.455
DTW,LGA,395,31,0.0785,806.2793,75.8182,24.0412,25.0882
DTW,MBS,116,1,0.0086,157.7153,24.9652,4.6261,2.7739
DTW,MCI,151,2,0.0132,1012.2749,93.1216,7.5906,3.8378
DTW,MCO,216,1,0.0046,1540.1384,124.5,7.9395,6.9764
DTW,MDT,89,2,0.0225,595.4558,57.5465,2.8046,5.0233
DTW,MDW,480,4,0.0083,368.5389,44.5222,12.6282,10.8034
DTW,MEM,310,2,0.0065,981.6974,89.329,4.5,-1.1173
DTW,MHT,151,0,0.0,980.0881,77.4437,7.7881,9.2185
DTW,MIA,108,0,0.0,1842.6943,146.785,11.9259,12.8318
DTW,MKE,215,2,0.0093,383.0229,42.7934,6.8216,7.3286
DTW,MSN,144,0,0.0,502.1141,52.4931,6.2361,6.9236
DTW,MSP,509,7,0.0138,849.7315,84.448,7.1275,2.08
DTW,MSY,93,0,0.0,1490.2488,125.4066,1.7527,1.7582
DTW,ORD,720,14,0.0194,378.1949,46.827,14.4476,17.5759
DTW,ORF,116,0,0.0,851.3409,80.4397,5.5776,3.6552
DTW,PBI,62,0,0.0,1749.3526,141.871,1.8065,4.8548
DTW,PDX,83,1,0.012,3143.041,253.2561,8.7683,-2.1707
DTW,PHL,394,22,0.0558,729.031,72.0978,13.5027,13.6712
DTW,PHX,248,2,0.0081,2689.2071,219.8943,15.1504,10.5285
DTW,PIT,214,7,0.0327,323.4773,38.913,5.7053,4.9807
DTW,PVD,152,0,0.0,988.1348,82.8092,2.8553,0.7434
DTW,PWM,83,1,0.012,1075.0391,85.5976,7.6098,5.5732
DTW,RDU,150,1,0.0067,806.2793,75.9597,5.7248,8.5503
DTW,RIC,113,3,0.0265,733.859,71.4182,2.2727,3.3909
DTW,ROC,84,0,0.0,476.3646,46.4405,5.9167,5.1905
DTW,RSW,62,0,0.0,1746.1339,141.0,12.7419,19.9194
DTW,SAN,62,0,0.0,3149.4784,253.2258,14.0645,14.9194
DTW,SBN,51,2,0.0392,252.6664,31.551,1.3469,0.7347
DTW,SDF,144,4,0.0278,492.458,53.7857,6.7714,8.5214
DTW,SEA,216,0,0.0,3101.1982,253.7824,11.412,5.6574
DTW,SFO,165,0,0.0,3345.8179,268.3515,17.0121,9.4667
DTW,SJC,62,0,0.0,3320.0684,268.3065,6.2742,1.3065
DTW,SJU,10,0,0.0,3104.4169,252.5,6.5,12.1
DTW,SLC,61,3,0.0492,2383.4325,203.9474,1.6552,-4.6667
DTW,SNA,31,0,0.0,3154.3064,252.3871,12.0,10.6774
DTW,STL,535,2,0.0037,708.1096,73.1257,5.1951,3.2833
DTW,SYR,145,3,0.0207,601.8932,53.838,5.7324,2.5775
DTW,TPA,153,0,0.0,1581.9812,127.6993,17.7582,20.4771
DTW,TVC,113,0,0.0,333.1334,39.6018,9.0531,8.5841
DTW,TYS,51,0,0.0,712.9376,67.1569,7.2353,10.8824
DUT,ANC,62,3,0.0484,1274.5973,101.322,14.0,13.4746
ELM,ITH,29,0,0.0,51.4989,11.9655,-0.5172,1.4828
ELM,PIT,81,2,0.0247,334.7427,40.4557,1.2152,-2.1646
ELP,ABQ,114,0,0.0,358.8828,37.6053,3.1491,1.8772
ELP,ATL,30,2,0.0667,2063.1739,161.3214,14.7857,14.5357
ELP,AUS,122,0,0.0,849.7315,71.1967,5.7459,0.3525
ELP,DAL,168,1,0.006,904.4491,77.515,7.0359,2.8443
ELP,DFW,329,7,0.0213,886.7463,79.0779,5.3354,5.6698
ELP,HOU,124,0,0.0,1089.5232,89.6371,11.3468,7.0565
ELP,IAH,113,0,0.0,1073.4298,95.8909,3.0088,1.7364
ELP,LAS,62,0,0.0,939.8546,84.0645,2.7097,2.371
ELP,LAX,150,3,0.02,1149.0688,99.6803,9.7211,4.898
ELP,LBB,31,0,0.0,474.7553,43.6774,11.6129,9.4194
ELP,MAF,31,0,0.0,395.8976,37.7097,2.4194,3.7097
ELP,ORD,92,2,0.0217,1989.1442,156.2222,9.5333,10.6222
ELP,PHX,346,3,0.0087,558.441,55.5569,6.8805,6.2828
ELP,SAN,62,0,0.0,1023.5402,87.8689,4.8065,2.541
ELP,SAT,114,0,0.0,798.2326,66.6903,8.5789,4.0177
ERI,PIT,124,2,0.0161,175.4181,29.9587,-0.7787,0.9421
EUG,DEN,31,0,0.0,1604.512,119.9677,0.0968,-2.4839
EUG,SFO,153,1,0.0065,725.8123,70.4901,12.7303,8.7947
EVV,ORD,144,10,0.0694,439.3498,54.6194,17.5821,14.8881
EWR,ABQ,4,0,0.0,2904.8587,232.75,14.25,4.0
EWR,ANC,26,0,0.0,5423.4758,420.6923,5.8077,23.1538
EWR,ATL,691,36,0.0521,1198.9583,106.4641,14.9756,14.5176
EWR,AUS,75,3,0.04,2420.4474,196.9722,20.0139,25.0972
EWR,BNA,45,0,0.0,1203.7863,107.7778,-0.0444,3.4444
EWR,BOS,701,83,0.1184,321.868,40.5122,9.1359,3.2156
EWR,BQN,30,0,0.0,2550.8039,207.5333,27.2667,49.3667
EWR,BUF,111,0,0.0,453.8339,47.045,16.4595,12.0901
EWR,CHS,8,0,0.0,1010.6655,89.375,-0.75,7.25
EWR,CLE,187,0,0.0,650.1734,64.7754,14.2139,10.4652
EWR,CLT,322,18,0.0559,851.3409,79.6283,13.1283,15.602
EWR,CMH,101,2,0.0198,743.5151,70.9192,16.3333,23.5758
EWR,CVG,124,5,0.0403,915.7145,89.4958,15.8235,15.8067
EWR,DAB,31,0,0.0,1422.6566,121.9355,-3.0323,-5.0968
EWR,DCA,244,10,0.041,320.2587,38.6325,9.4188,8.5684
EWR,DEN,295,1,0.0034,2582.9907,212.5017,16.0102,15.1468
EWR,DFW,481,26,0.0541,2208.0145,180.8938,9.2593,15.1416
EWR,DTW,454,28,0.0617,783.7486,78.7394,12.3052,12.8545
EWR,FLL,332,3,0.009,1713.9471,145.189,21.1733,17.8628
EWR,GSO,60,2,0.0333,717.7656,67.7241,15.7241,15.7931
EWR,HNL,31,0,0.0,7985.5451,578.6129,-2.0645,-15.4516
EWR,HOU,13,1,0.0769,2270.7787,187.0,17.9167,17.5
EWR,IAD,7,0,0.0,342.7894,43.0,10.0,25.7143
EWR,IAH,278,3,0.0108,2253.076,183.1241,8.8073,5.4672
EWR,IND,76,1,0.0132,1036.415,95.44,19.2133,20.8
EWR,JAX,85,0,0.0,1321.2681,112.9176,17.1412,19.1647
EWR,LAS,222,3,0.0135,3584.0002,283.79,17.2877,15.7991
EWR,LAX,420,1,0.0024,3949.3204,311.2686,13.5418,13.801
EWR,MCI,107,3,0.028,1757.3993,151.3173,17.2212,19.6635
EWR,MCO,459,10,0.0218,1509.5609,127.8438,17.8886,13.1451
EWR,MDW,95,1,0.0105,1144.2407,104.6559,10.6277,18.3441
EWR,MEM,116,3,0.0259,1522.4356,132.1518,12.8053,12.8125
EWR,MHT,76,1,0.0132,336.3521,38.64,13.12,7.0267
EWR,MIA,273,1,0.0037,1747.7432,145.2066,13.4265,12.5756
EWR,MLB,31,0,0.0,1517.6076,130.9355,-1.0968,-13.5161
EWR,MSP,344,11,0.032,1622.2147,146.8795,12.1441,6.259
EWR,MSY,116,4,0.0345,1878.0998,154.5893,7.7054,8.7857
EWR,MYR,31,0,0.0,885.137,79.1613,4.6774,5.4516
EWR,OAK,53,0,0.0,4110.2544,330.3962,5.9245,12.283
EWR,ORD,1070,104,0.0972,1157.1155,109.7518,11.8561,11.7591
EWR,ORF,67,1,0.0149,457.0526,48.0923,13.2121,15.6462
EWR,PBI,215,1,0.0047,1647.9642,136.3645,12.2336,8.8832
EWR,PDX,53,0,0.0,3915.5242,316.6415,5.0,-1.5283
EWR,PHX,260,2,0.0077,3432.7222,277.9225,13.3217,11.0814
EWR,PIT,270,20,0.0741,513.3795,59.28,22.476,29.992
EWR,PVD,91,0,0.0,257.4944,33.6593,13.1099,13.3956
EWR,PWM,26,0,0.0,457.0526,45.9231,-2.3462,-7.7692
EWR,RDU,171,8,0.0468,669.4854,65.6135,9.0859,6.0613
EWR,RIC,49,1,0.0204,447.3965,52.5,4.1042,3.0208
EWR,RSW,153,4,0.0261,1718.7751,150.5168,5.0537,2.2752
EWR,SAN,114,0,0.0,3902.6495,310.9027,10.9737,12.9823
EWR,SAT,25,0,0.0,2525.0545,211.92,24.56,29.48
EWR,SAV,4,0,0.0,1139.4127,98.0,8.25,36.5
EWR,SEA,150,0,0.0,3864.0253,316.2467,8.2333,5.6667
EWR,SFO,356,8,0.0225,4127.9571,329.5694,10.8563,8.1936
EWR,SJC,77,1,0.013,4100.5983,329.2895,8.2105,13.0658
EWR,SJU,206,1,0.0049,2587.8187,204.6537,7.6195,2.1854
EWR,SLC,91,1,0.011,3167.1811,259.1124,22.8889,15.0112
EWR,SNA,103,4,0.0388,3915.5242,312.4124,1.9192,1.0
EWR,SRQ,31,0,0.0,1664.0576,140.5806,6.4516,-4.4839
EWR,STL,225,9,0.04,1403.3445,126.7009,10.3981,14.2804
EWR,STT,25,0,0.0,2629.6616,205.12,1.08,-0.68
EWR,TPA,170,0,0.0,1606.1213,134.5412,16.8529,19.4529
EYW,MIA,192,6,0.0312,202.7768,35.2649,1.9086,-0.0757
FAI,ANC,334,3,0.009,420.0377,43.3595,7.0725,6.7885
FAI,BRW,80,8,0.1,809.498,76.8611,7.3194,8.9306
FAI,MSP,21,0,0.0,3968.6324,292.2381,6.1429,-1.619
FAI,SCC,13,1,0.0769,600.2838,56.0833,17.4167,13.75
FAI,SEA,122,0,0.0,2467.1182,199.5656,3.2787,11.8361
FAR,MSP,158,0,0.0,358.8828,41.2975,-1.0,-3.8544
FAT,DFW,31,0,0.0,2113.0634,163.9677,-2.7419,1.4194
FAT,LAX,355,12,0.0338,336.3521,56.0816,5.9096,7.5394
FAY,CLT,62,3,0.0484,189.9021,35.4237,-1.5085,2.0169
FCA,GTF,10,0,0.0,234.9636,25.4,6.2,3.7
FCA,MSP,52,0,0.0,1651.1828,133.2115,1.6154,-2.3077
FCA,SLC,93,1,0.0108,856.1689,72.2935,4.2935,1.8261
FLL,ATL,310,0,0.0,935.0265,84.25,2.6935,-2.0487
FLL,BDL,100,3,0.03,1887.7558,158.3438,10.1959,6.125
FLL,BNA,31,0,0.0,1276.2066,110.8387,0.0,-5.6129
FLL,BOS,246,6,0.0244,1990.7536,172.3671,13.7417,9.2869
FLL,BWI,191,1,0.0052,1488.6395,131.8105,9.7737,7.1842
FLL,CLE,69,0,0.0,1709.1191,146.5652,-0.1739,-1.3043
FLL,CLT,185,0,0.0,1015.4935,96.9348,5.2865,6.125
FLL,CVG,92,2,0.0217,1499.9049,126.6111,0.3222,-2.0556
FLL,DCA,124,1,0.0081,1446.7967,126.1393,5.0081,3.0164
FLL,DFW,221,2,0.009,1800.8515,150.1705,9.2283,8.6682
FLL,DTW,62,1,0.0161,1813.7262,152.0984,-2.0984,-5.5082
FLL,EWR,330,3,0.0091,1713.9471,150.8638,18.2538,19.7895
FLL,IAD,62,1,0.0161,1450.0153,127.0984,19.0492,12.2459
FLL,IAH,149,1,0.0067,1553.0131,131.1096,3.3041,3.9589
FLL,IND,31,0,0.0,1617.3867,139.0,0.3871,3.871
FLL,ISP,120,2,0.0167,1759.0086,149.178,16.4915,14.3559
FLL,JAX,196,0,0.0,511.7701,51.0153,4.6786,2.9796
FLL,JFK,124,0,0.0,1720.3845,144.3333,19.6129,12.6016
FLL,LAS,31,1,0.0323,3498.7052,272.2333,18.6667,12.5333
FLL,LAX,31,1,0.0323,3769.0743,290.9655,19.1,15.2069
FLL,LGA,340,10,0.0294,1731.6498,154.1574,24.1273,21.9753
FLL,MCO,234,0,0.0,286.4625,36.8077,6.6709,4.9872
FLL,MDW,62,0,0.0,1876.4904,157.5161,6.0968,-1.3548
FLL,MEM,31,0,0.0,1369.5483,121.1667,-2.9355,-7.1
FLL,MSY,31,0,0.0,1083.0858,98.2258,0.5806,-4.5161
FLL,ORD,245,4,0.0163,1902.2399,163.2636,10.4066,12.8117
FLL,PHL,181,1,0.0055,1596.4653,142.95,9.5167,13.5667
FLL,PHX,31,0,0.0,3173.6185,257.9032,7.8065,5.9677
FLL,PIT,134,2,0.0149,1599.684,137.3282,6.75,8.2824
FLL,PVD,31,1,0.0323,1911.8959,157.3448,10.8,12.4828
FLL,SJU,97,2,0.0206,1683.3696,131.1489,0.4632,0.5745
FLL,STL,93,0,0.0,1699.463,146.6452,0.7097,-1.4946
FLL,TPA,343,2,0.0058,317.04,37.9382,7.0616,5.0441
FNT,DTW,118,1,0.0085,90.123,18.7692,1.8803,0.3504
FSD,MSP,178,0,0.0,317.04,38.9326,-1.1854,-0.2191
FSD,STL,91,0,0.0,757.9991,69.4176,1.5934,0.1429
FSM,DFW,236,8,0.0339,366.9295,51.6828,-1.0658,-4.696
FWA,DFW,55,1,0.0182,1382.4231,122.4074,6.7778,-1.2222
FWA,DTW,2,0,0.0,205.9955,57.0,-4.0,27.0
FWA,ORD,123,10,0.0813,252.6664,34.4159,9.2389,5.9823
GEG,BOI,87,0,0.0,461.8806,43.1379,5.4253,3.4713
GEG,DEN,116,1,0.0086,1345.4082,106.9652,8.3391,-0.1043
GEG,MSP,92,0,0.0,1890.9745,146.6848,3.5652,2.9022
GEG,OAK,31,0,0.0,1163.5528,105.9032,3.2903,-2.3226
GEG,ORD,56,0,0.0,2410.7913,183.8,5.2143,5.7091
GEG,PDX,123,0,0.0,449.0059,46.2033,4.9675,1.4959
GEG,PHX,61,0,0.0,1641.5268,137.3115,6.6557,4.5082
GEG,SEA,408,2,0.0049,360.4922,44.7104,18.2931,20.3144
GEG,SLC,124,0,0.0,878.6996,72.7097,0.0,-4.6452
GFK,MSP,26,0,0.0,457.0526,47.1923,16.4615,10.0385
GGG,DFW,153,4,0.0261,225.3076,38.8993,-0.9799,-2.7718
GPT,MEM,92,1,0.0109,521.4262,57.2527,-0.0659,0.6813
GRB,DTW,132,0,0.0,463.4899,49.3333,-0.4621,-4.0909
GRB,MSP,83,1,0.012,405.5537,49.1585,-0.9634,-3.9512
GRB,ORD,155,7,0.0452,280.0252,36.6081,10.0473,3.1622
GRR,DFW,92,4,0.0435,1498.2955,132.0,7.5909,-0.6705
GRR,DTW,244,8,0.0328,193.1208,30.8517,0.2627,-2.5297
GRR,MEM,1,0,0.0,951.1199,83.0,-4.0,-18.0
GRR,MSP,149,2,0.0134,656.6107,69.0,3.415,1.7211
GRR,ORD,433,24,0.0554,220.4796,31.8313,11.934,8.7751
GRR,PIT,62,0,0.0,513.3795,53.0492,-1.3226,0.1803
GSO,ATL,268,7,0.0261,492.458,55.1724,4.5172,1.9693
GSO,CLT,231,5,0.0216,133.5752,24.0442,1.8142,4.385
GSO,CVG,29,0,0.0,531.0822,59.1034,-1.1379,-4.6207
GSO,DFW,62,0,0.0,1607.7307,143.3387,1.5968,3.4355
GSO,DTW,104,1,0.0096,740.2964,75.1262,-3.9417,-8.5922
GSO,EWR,55,2,0.0364,717.7656,74.2453,21.5472,23.4528
GSO,IAH,59,0,0.0,1586.8092,136.1695,2.2373,-2.2712
GSO,LGA,139,15,0.1079,741.9057,73.0165,14.7339,11.2314
GSO,MEM,31,0,0.0,917.3238,92.4516,-2.129,0.5484
GSO,ORD,175,9,0.0514,949.5106,92.3636,9.2229,5.5515
GSO,PHL,124,7,0.0565,587.4091,67.5299,11.4359,15.9658
GSO,PIT,56,1,0.0179,489.2394,56.5273,2.9455,2.1091
GSO,RDU,4,0,0.0,107.8258,18.75,-17.0,-19.75
GSP,ATL,172,10,0.0581,246.229,32.3272,0.4198,-3.7531
GSP,CLT,149,8,0.0537,120.7005,24.5532,-0.3333,3.7801
GSP,DFW,93,2,0.0215,1387.2511,127.4176,9.3736,2.7253
GSP,DTW,87,3,0.0345,817.5447,82.8095,0.5714,-1.4405
GSP,ORD,123,10,0.0813,928.5892,93.2072,15.8319,9.2973
GSP,PHL,31,2,0.0645,827.2008,85.6552,11.2414,16.8621
GST,JNU,29,0,0.0,65.9829,13.6897,6.8276,5.3793
GTF,FCA,10,1,0.1,234.9636,30.4444,-9.7778,-11.5556
GTF,HLN,31,0,0.0,107.8258,15.3871,-1.9355,-4.4516
GTF,MSP,65,0,0.0,1427.4846,117.5077,2.7692,3.6462
GTF,SLC,62,0,0.0,745.1244,66.0323,-3.1935,-5.4032
HLN,FCA,31,0,0.0,255.8851,30.8065,-4.129,-4.5161
HLN,SLC,62,0,0.0,646.9547,58.7742,-2.0161,-5.1129
HNL,DFW,62,0,0.0,6089.7426,411.2097,-3.8387,-9.4355
HNL,EWR,31,0,0.0,7985.5451,519.0,-2.5484,-5.0333
HNL,IAH,45,1,0.0222,6282.8634,414.2045,12.2955,9.0682
HNL,ITO,372,3,0.0081,347.6174,38.0515,2.2141,3.4417
HNL,KOA,551,14,0.0254,262.3224,29.1583,8.7933,8.9292
HNL,LAX,367,1,0.0027,4113.473,279.4973,1.6284,-8.6858
HNL,LIH,682,8,0.0117,164.1527,22.3531,2.8056,3.5401
HNL,MSP,31,0,0.0,6392.2985,420.5161,5.6774,-16.2581
HNL,OAK,31,0,0.0,3876.9001,276.0968,3.6129,-0.871
HNL,OGG,815,14,0.0172,160.934,23.1223,2.6292,4.0961
HNL,ORD,31,0,0.0,6828.4296,463.8065,2.4194,6.7097
HNL,SEA,52,0,0.0,4308.2032,295.7885,12.9808,3.8654
HNL,SFO,194,1,0.0052,3859.1973,264.886,0.6943,-5.9016
HNL,SJC,31,0,0.0,3888.1654,282.1613,-1.7097,-1.3226
HNL,SLC,10,0,0.0,4818.364,324.4,-3.0,-31.2
HNL,SNA,31,0,0.0,4156.9252,295.3871,11.6129,16.129
HNL,STL,36,0,0.0,6644.9649,446.6944,4.4722,-4.8611
HOU,ABQ,62,0,0.0,1221.4891,104.3226,7.4677,4.8065
HOU,ATL,149,3,0.0201,1120.1006,100.3562,5.5342,4.8219
HOU,AUS,385,10,0.026,238.1823,29.0107,10.7493,9.2032
HOU,BHM,93,0,0.0,917.3238,80.3441,10.0108,6.0
HOU,BNA,204,1,0.0049,1078.2578,91.0788,11.2217,5.0148
HOU,BWI,62,0,0.0,2005.2376,166.9508,11.629,5.1967
HOU,CRP,223,10,0.0448,300.9466,33.0939,11.5869,10.5728
HOU,DAL,1010,71,0.0703,384.6323,41.7609,12.1406,11.4621
HOU,DFW,385,31,0.0805,397.507,56.8927,10.2853,9.0141
HOU,ELP,93,1,0.0108,1089.5232,91.2174,16.7826,14.8804
HOU,EWR,12,1,0.0833,2270.7787,195.5455,-1.7273,1.0909
HOU,HRL,260,10,0.0385,444.1778,42.224,15.32,14.712
HOU,JAN,123,0,0.0,577.7531,56.6911,8.8374,6.2276
HOU,LAS,119,0,0.0,1987.5349,163.8067,8.8067,8.2773
HOU,LAX,86,2,0.0233,2236.9826,177.2976,-0.4167,-2.7381
HOU,LGA,82,1,0.0122,2298.1375,187.6296,15.5926,13.4938
HOU,LIT,31,0,0.0,632.4706,58.0645,11.0323,11.8387
HOU,MAF,57,5,0.0877,709.7189,63.2885,15.9231,15.9423
HOU,MCI,36,0,0.0,1071.8204,92.3714,13.9444,6.6
HOU,MDW,62,0,0.0,1507.9516,123.3607,14.6935,3.5738
HOU,MSY,614,7,0.0114,487.63,47.397,11.9242,9.4975
HOU,OKC,109,0,0.0,674.3135,60.6606,12.3578,9.844
HOU,PHX,154,0,0.0,1641.5268,137.6818,9.0325,7.1688
HOU,SAT,336,2,0.006,308.9933,35.6647,8.2964,8.2605
HOU,STL,257,3,0.0117,1105.6166,97.7273,13.3661,6.4466
HOU,TUL,137,3,0.0219,729.031,65.7612,6.8284,5.209
HPN,BOS,220,34,0.1545,267.1504,43.8656,8.7151,2.9301
HPN,DTW,61,5,0.082,812.7167,80.3036,0.0,3.875
HPN,ORD,352,36,0.1023,1187.6929,113.3016,9.7658,11.6984
HPN,PIT,56,3,0.0536,555.2223,63.0189,4.0189,4.3208
HRL,AUS,31,0,0.0,439.3498,46.9677,8.5484,5.0323
HRL,DAL,5,0,0.0,737.0777,76.2,0.0,-1.0
HRL,DFW,92,3,0.0326,741.9057,97.8276,10.5281,6.2184
HRL,HOU,260,8,0.0308,444.1778,47.131,12.377,10.0476
HRL,SAT,62,0,0.0,374.9762,39.9032,10.3871,7.8065
HSV,ATL,201,9,0.0448,243.0103,32.1042,-0.0312,-3.1771
HSV,CLT,62,0,0.0,535.9102,60.5161,-3.6452,-2.5484
HSV,DFW,119,3,0.0252,970.432,95.0261,-1.7155,-0.4783
HSV,MLU,31,0,0.0,542.3476,49.0968,3.0968,2.7419
HSV,ORD,87,4,0.046,820.7634,85.7711,9.8193,5.3735
IAD,ATL,440,11,0.025,857.7782,80.7855,8.8298,9.1562
IAD,AUS,31,0,0.0,2087.314,174.0968,35.3226,33.129
IAD,BDL,106,2,0.0189,524.6448,53.9231,11.1154,8.6442
IAD,BOS,342,27,0.0789,664.6574,66.1778,16.1556,12.9365
IAD,CLT,153,5,0.0327,516.5981,52.0405,4.1824,2.1149
IAD,DEN,307,7,0.0228,2336.7617,191.8027,10.44,5.4047
IAD,DFW,332,20,0.0602,1886.1465,156.672,10.3045,7.8039
IAD,DTW,144,4,0.0278,616.3772,65.8714,-0.3214,-5.3786
IAD,EWR,8,0,0.0,342.7894,50.875,32.625,55.625
IAD,FLL,62,0,0.0,1450.0153,133.2742,-1.0806,-6.1129
IAD,IAH,88,1,0.0114,1915.1146,161.5747,2.7586,1.4483
IAD,LAS,62,0,0.0,3324.8964,263.3548,11.4516,9.6774
IAD,LAX,390,8,0.0205,3682.1699,286.2913,12.7539,10.3281
IAD,LGA,221,13,0.0588,368.5389,45.4348,26.0048,25.6087
IAD,MCO,392,10,0.0255,1219.8797,106.1342,9.034,4.9316
IAD,MIA,124,0,0.0,1482.2021,127.9597,9.0242,4.371
IAD,MSP,145,2,0.0138,1461.2807,133.4366,10.5175,3.2254
IAD,MSY,62,0,0.0,1535.3104,125.9677,37.7419,32.4516
IAD,ORD,305,11,0.0361,947.9013,90.0959,19.3912,18.1438
IAD,PDX,56,1,0.0179,3744.9342,297.1455,8.8182,-11.9636
IAD,PHL,81,2,0.0247,215.6516,36.1519,17.6076,17.2278
IAD,PHX,31,0,0.0,3147.869,254.2581,24.0323,22.2258
IAD,PIT,31,1,0.0323,294.5092,34.7667,0.2667,-3.9333
IAD,ROC,31,0,0.0,465.0993,46.2903,9.4839,4.7742
IAD,SAN,91,0,0.0,3625.843,284.809,11.2308,7.6067
IAD,SEA,122,0,0.0,3711.138,301.4262,9.4426,1.8443
IAD,SFO,296,12,0.0405,3892.9935,305.8169,11.8345,10.1831
IAD,SJC,62,0,0.0,3862.416,309.4032,10.0645,6.0
IAD,SJU,51,0,0.0,2528.2731,206.1961,-1.0,0.2549
IAD,SLC,69,1,0.0145,2940.2642,240.9706,2.25,-6.5147
IAD,SMF,31,0,0.0,3794.8237,302.6774,5.4194,-0.6452
IAD,STL,120,5,0.0417,1120.1006,102.9826,2.913,-5.2261
IAD,TPA,155,4,0.0258,1303.5654,109.6467,13.2119,12.9667
IAH,ABQ,150,0,0.0,1197.349,100.3733,10.02,17.1467
IAH,ANC,26,0,0.0,5256.1044,396.4615,13.1154,16.7308
IAH,ATL,436,7,0.0161,1108.8353,97.5711,6.4033,7.6084
IAH,AUS,309,5,0.0162,225.3076,27.8388,8.2796,12.9671
IAH,BDL,29,0,0.0,2425.2754,187.5172,12.3448,5.069
IAH,BHM,56,0,0.0,904.4491,76.6786,7.9286,6.4643
IAH,BNA,80,0,0.0,1057.3364,87.0125,5.5375,4.9
IAH,BOS,167,1,0.006,2570.116,203.0909,17.8735,14.9697
IAH,BRO,25,0,0.0,495.6767,48.64,24.68,30.4
IAH,BTR,26,1,0.0385,407.163,40.56,-1.12,-7.96
IAH,BWI,171,0,0.0,1987.5349,156.5614,14.6784,15.0
IAH,CLE,229,0,0.0,1755.7899,137.4978,5.7031,3.0393
IAH,CLT,174,2,0.0115,1469.3274,123.3547,7.9942,10.9826
IAH,CMH,86,1,0.0116,1586.8092,126.5176,11.6941,11.7176
IAH,COS,62,0,0.0,1301.9561,109.6935,3.0645,6.3226
IAH,CRP,35,0,0.0,323.4773,35.2571,2.3714,5.8
IAH,DAL,187,15,0.0802,349.2268,38.7824,9.814,10.0529
IAH,DCA,232,0,0.0,1944.0827,154.6853,5.069,2.8879
IAH,DEN,418,8,0.0191,1385.6417,117.3683,8.5,10.4366
IAH,DFW,631,28,0.0444,360.4922,42.9419,7.6202,10.5748
IAH,DTW,323,2,0.0062,1731.6498,138.433,7.1121,4.9626
IAH,ELP,112,0,0.0,1073.4298,87.3393,3.2589,8.7679
IAH,EWR,309,1,0.0032,2253.076,182.6863,18.7273,17.049
IAH,FLL,149,1,0.0067,1553.0131,124.1757,4.4865,2.8176
IAH,GSO,58,0,0.0,1586.8092,130.569,4.9483,6.5172
IAH,HNL,45,2,0.0444,6282.8634,447.6279,24.2558,33.6047
IAH,IAD,89,1,0.0112,1915.1146,156.1379,2.4432,-0.0115
IAH,IND,91,0,0.0,1359.8923,107.1538,12.4396,9.8791
IAH,JAX,89,0,0.0,1314.8308,105.4719,12.764,9.7978
IAH,JFK,61,0,0.0,2280.4348,188.35,5.4098,11.8833
IAH,LAS,220,2,0.0091,1966.6135,156.2581,10.8394,14.9493
IAH,LAX,362,5,0.0138,2219.2799,174.0056,14.3277,15.6723
IAH,LBB,1,0,0.0,737.0777,69.0,-2.0,-8.0
IAH,LGA,253,5,0.0198,2278.8254,186.2227,26.5645,27.2227
IAH,MCI,116,2,0.0172,1034.8056,88.9735,7.7544,7.4956
IAH,MCO,190,0,0.0,1372.767,113.6895,9.9368,8.8211
IAH,MEM,142,4,0.0282,754.7805,68.2754,6.5072,6.8841
IAH,MFE,179,0,0.0,508.5514,49.5674,9.4022,12.691
IAH,MIA,268,2,0.0075,1551.4038,123.109,7.0338,2.4361
IAH,MKE,26,0,0.0,1583.5906,126.6154,3.3846,15.9231
IAH,MSP,299,4,0.0134,1664.0576,139.9864,3.1763,1.1361
IAH,MSY,373,3,0.008,490.8487,45.3108,7.3162,8.7378
IAH,OAK,66,0,0.0,2620.0055,210.0,5.2424,12.4091
IAH,OKC,115,0,0.0,635.6893,57.6087,5.9478,9.6087
IAH,OMA,31,0,0.0,1256.8945,101.6774,5.6452,3.4516
IAH,ONT,59,0,0.0,2146.8596,166.0508,8.4746,14.8814
IAH,ORD,587,29,0.0494,1488.6395,125.3588,12.6918,13.0601
IAH,ORF,57,0,0.0,1932.8173,153.0175,5.807,2.6491
IAH,PBI,59,1,0.0169,1538.529,120.4737,8.3966,8.3158
IAH,PDX,91,0,0.0,2937.0455,232.5165,7.6923,5.6593
IAH,PHL,261,1,0.0038,2130.7662,176.8423,9.2808,8.5423
IAH,PHX,304,0,0.0,1623.8241,134.8059,9.7072,13.1809
IAH,PIT,208,1,0.0048,1797.6328,146.0971,5.1884,5.4709
IAH,PNS,60,1,0.0167,786.9673,67.7966,2.2542,3.0678
IAH,PVD,26,0,0.0,2508.9611,191.6154,5.3077,0.0
IAH,RDU,91,0,0.0,1678.5416,136.9231,6.5055,5.3187
IAH,RIC,25,1,0.04,1862.0064,148.625,6.125,7.625
IAH,RNO,31,0,0.0,2462.2902,195.129,3.9355,11.0645
IAH,RSW,35,0,0.0,1385.6417,111.3143,8.3714,9.4
IAH,SAN,151,0,0.0,2096.97,162.5232,9.3974,13.2781
IAH,SAT,326,6,0.0184,307.3839,35.275,8.7656,13.5719
IAH,SDF,53,0,0.0,1268.1599,105.2075,2.4528,4.5849
IAH,SEA,155,0,0.0,3015.9032,240.7806,13.8194,14.6323
IAH,SFO,261,6,0.023,2631.2709,212.8353,15.7647,17.0706
IAH,SJC,116,1,0.0086,2587.8187,208.9825,4.3043,10.7281
IAH,SJU,35,0,0.0,3229.9454,244.5714,4.9429,3.0571
IAH,SLC,145,1,0.0069,1923.1613,159.0208,8.9306,13.0556
IAH,SMF,58,0,0.0,2589.4281,207.5345,5.3448,9.8966
IAH,SNA,141,0,0.0,2167.781,172.5,2.4823,7.6357
IAH,STL,143,0,0.0,1075.0391,94.1608,4.979,5.5315
IAH,TPA,178,0,0.0,1266.5506,103.736,7.9719,7.8427
IAH,TUL,134,0,0.0,690.4069,62.3507,5.806,7.1269
IAH,TUS,62,1,0.0161,1506.3422,119.8197,8.8033,14.1967
ICT,DEN,91,0,0.0,674.3135,63.5714,5.6374,4.7692
ICT,DFW,257,9,0.035,527.8635,67.2996,3.2056,3.915
ICT,MEM,30,0,0.0,729.031,62.3,5.7667,2.8333
ICT,ORD,90,5,0.0556,946.2919,82.2824,14.4118,17.7294
ICT,PHX,57,0,0.0,1400.1258,124.2807,6.0351,6.0526
ICT,STL,177,6,0.0339,630.8613,59.7719,-1.193,-1.076
ILE,DFW,273,12,0.044,209.2142,39.6897,4.0766,4.705
ILM,CLT,186,1,0.0054,297.7279,40.3622,-0.4216,1.8486
IND,ATL,181,4,0.0221,695.2349,69.7514,2.209,7.339
IND,BWI,93,0,0.0,828.8101,76.9667,6.4086,5.0444
IND,CLT,163,4,0.0245,688.7975,70.4937,3.0943,6.1456
IND,CVG,60,1,0.0167,157.7153,24.9661,3.3898,4.8136
IND,DCA,72,5,0.0694,803.0607,74.7015,2.1343,3.791
IND,DEN,122,0,0.0,1572.3252,136.5,13.3033,9.9344
IND,DFW,155,2,0.0129,1226.3171,110.3268,8.7647,11.6601
IND,DTW,259,4,0.0154,371.7575,45.5984,2.6784,3.2008
IND,EWR,76,1,0.0132,1036.415,95.6216,41.3067,41.4459
IND,FLL,31,0,0.0,1617.3867,139.1613,1.4194,13.2258
IND,IAH,91,0,0.0,1359.8923,120.022,11.5934,13.5165
IND,JAX,31,0,0.0,1107.2259,95.7419,16.5806,16.6774
IND,LAS,56,1,0.0179,2560.4599,208.0545,7.5818,1.2182
IND,LAX,31,0,0.0,2919.3428,237.2903,23.1613,27.3548
IND,LGA,47,8,0.1702,1060.5551,100.2564,8.5385,7.1795
IND,MCI,31,0,0.0,725.8123,67.8065,1.0323,-1.3548
IND,MCO,122,1,0.0082,1332.5335,113.0331,6.5289,5.2066
IND,MDW,144,1,0.0069,260.7131,33.5664,11.6503,13.6643
IND,MEM,121,3,0.0248,613.1585,60.322,0.0169,1.3559
IND,MSP,180,1,0.0056,809.498,84.9553,3.067,2.1508
IND,MSY,31,0,0.0,1139.4127,96.3871,6.2581,4.4194
IND,ORD,493,26,0.0527,284.8532,40.7409,13.6745,11.0835
IND,PHL,144,8,0.0556,944.6826,88.4044,10.6544,15.7279
IND,PHX,93,1,0.0108,2396.3073,194.9457,7.2609,6.8043
IND,PIT,176,10,0.0568,523.0355,53.703,5.0602,7.0667
IND,RSW,30,0,0.0,1522.4356,127.6667,9.2667,9.7667
IND,STL,318,0,0.0,368.5389,42.4088,4.5535,2.9308
IND,TPA,31,1,0.0323,1348.6269,111.8333,24.3333,19.9333
ISP,BNA,92,0,0.0,1292.3,119.8152,13.0435,9.0217
ISP,BOS,273,28,0.1026,246.229,39.5061,9.3469,4.3469
ISP,BWI,247,1,0.004,354.0548,52.0203,11.0203,7.9024
ISP,FLL,119,2,0.0168,1759.0086,155.7069,16.0769,6.4569
ISP,JAX,31,0,0.0,1382.4231,120.0968,8.6774,4.3226
ISP,MCO,93,0,0.0,1564.2785,134.0645,0.6882,-7.2581
ISP,MDW,93,0,0.0,1231.1451,119.0879,11.5269,5.2418
ISP,PVD,113,1,0.0088,173.8087,26.2768,6.3482,3.3125
ISP,TPA,62,0,0.0,1664.0576,149.0645,2.0161,-6.871
ITH,ELM,52,2,0.0385,51.4989,11.06,-3.34,-1.1
ITH,PIT,58,1,0.0172,384.6323,45.1404,1.6491,-2.614
ITO,HNL,341,1,0.0029,347.6174,37.35,1.0118,1.3559
ITO,KOA,31,0,0.0,102.9978,18.2581,-1.5806,-2.0
ITO,OGG,62,1,0.0161,194.7301,25.8361,-0.7869,-0.9836
JAC,DEN,66,0,0.0,653.392,60.5231,7.0758,4.6462
JAC,DFW,39,0,0.0,1683.3696,130.4865,19.2564,16.3784
JAC,ORD,4,0,0.0,1870.0531,144.0,32.75,46.3333
JAN,ATL,152,0,0.0,548.7849,56.7039,4.8618,5.1908
JAN,BHM,52,2,0.0385,339.5707,36.46,3.6,3.5
JAN,BWI,62,0,0.0,1429.0939,123.1774,9.0645,7.7097
JAN,DFW,171,4,0.0234,656.6107,82.7711,6.5389,5.6566
JAN,HOU,123,0,0.0,577.7531,59.1707,7.5528,7.6585
JAN,MCO,31,0,0.0,944.6826,84.2903,11.0968,5.871
JAN,MDW,62,0,0.0,1071.8204,94.5806,3.8065,-0.9032
JAN,MEM,72,1,0.0139,304.1653,39.9296,0.5493,0.2676
JAN,MLU,29,0,0.0,186.6834,23.6897,29.069,31.9655
JAN,PNS,30,1,0.0333,341.1801,32.6897,16.5862,18.1724
JAX,ATL,306,4,0.0131,434.5218,47.1528,7.1192,6.4518
JAX,BHM,31,0,0.0,587.4091,54.7419,0.0,-3.3871
JAX,BNA,92,0,0.0,778.9206,71.2609,6.7717,3.163
JAX,BWI,154,1,0.0065,1066.9924,93.6184,11.6863,11.0395
JAX,CLT,183,0,0.0,529.4729,57.6066,7.0328,7.7158
JAX,CVG,61,1,0.0164,988.1348,88.5667,0.6667,-3.8333
JAX,DCA,62,1,0.0161,1020.3216,91.0,2.1639,5.3443
JAX,DFW,185,2,0.0108,1478.9835,129.6133,3.2514,6.9006
JAX,DTW,93,0,0.0,1310.0028,117.2609,0.0215,-3.3587
JAX,EWR,85,0,0.0,1321.2681,115.9294,22.0235,21.0941
JAX,FLL,196,0,0.0,511.7701,54.6888,7.3776,4.2092
JAX,IAH,89,0,0.0,1314.8308,113.4713,12.427,14.0805
JAX,IND,31,0,0.0,1107.2259,100.3871,14.6774,9.6452
JAX,ISP,31,0,0.0,1382.4231,114.1935,21.3548,16.7097
JAX,LGA,93,5,0.0538,1342.1896,119.6023,19.6023,18.6023
JAX,MEM,62,0,0.0,926.9798,85.7049,-1.6452,-4.3115
JAX,MIA,181,14,0.0773,537.5196,88.3293,0.2814,-1.4072
JAX,MSY,31,0,0.0,825.5914,72.9355,0.4839,-3.1613
JAX,PHL,93,0,0.0,1194.1303,106.1075,9.8387,10.3871
JAX,STL,91,0,0.0,1211.833,108.8571,1.1209,-0.4505
JAX,TPA,82,0,0.0,289.6812,34.0122,9.5854,7.3049
JFK,ALB,124,2,0.0161,233.3543,39.3279,16.9918,15.3607
JFK,ATL,93,1,0.0108,1223.0984,104.1413,36.4348,35.1196
JFK,BDL,124,11,0.0887,170.59,28.6637,9.0,6.4956
JFK,BOS,420,24,0.0571,300.9466,43.4456,14.4773,10.643
JFK,BUF,167,8,0.0479,484.4113,80.0692,21.2138,20.3208
JFK,BWI,186,15,0.0806,296.1186,52.1754,18.0643,16.8713
JFK,CLE,93,7,0.0753,683.9695,96.7326,28.7791,23.4767
JFK,CVG,62,0,0.0,947.9013,89.4194,21.2903,37.3548
JFK,DCA,369,24,0.065,342.7894,52.5147,13.0261,5.6176
JFK,DFW,62,2,0.0323,2238.5919,182.339,17.5,24.7797
JFK,DTW,91,2,0.022,817.5447,86.0112,23.427,19.236
JFK,FLL,124,0,0.0,1720.3845,149.0242,17.9677,9.2823
JFK,IAH,61,0,0.0,2280.4348,191.1475,10.5902,6.7705
JFK,LAS,196,6,0.0306,3617.7963,287.3333,22.2895,9.5238
JFK,LAX,806,16,0.0199,3983.1165,310.9352,11.0684,7.7001
JFK,MCO,217,3,0.0138,1519.217,130.6168,6.8224,0.3224
JFK,MIA,273,13,0.0476,1754.1806,146.7577,13.6,6.1769
JFK,MSP,62,2,0.0323,1654.4015,155.4655,7.85,-5.0517
JFK,MSY,18,0,0.0,1902.2399,154.8889,4.6111,-0.3889
JFK,ORD,6,0,0.0,1190.9116,113.3333,12.1667,11.0
JFK,ORH,31,4,0.129,241.401,37.2593,9.7407,9.8519
JFK,PDX,31,0,0.0,3949.3204,316.6129,25.8387,25.0
JFK,PHX,124,2,0.0161,3464.909,277.5738,15.5328,7.2295
JFK,PIT,118,10,0.0847,547.1756,96.6944,18.3611,17.3241
JFK,PVD,155,6,0.0387,231.745,36.4631,19.0403,17.3221
JFK,RDU,180,5,0.0278,685.5788,104.4138,20.0057,19.7816
JFK,ROC,143,4,0.028,424.8658,70.9424,15.2158,13.8058
JFK,SAN,119,2,0.0168,3936.4456,307.6923,10.641,6.4188
JFK,SEA,122,2,0.0164,3896.2121,321.4833,21.575,15.575
JFK,SFO,584,13,0.0223,4161.7532,331.0668,7.8879,2.9684
JFK,SJC,92,1,0.0109,4134.3945,332.5778,3.967,8.1333
JFK,SJU,299,2,0.0067,2570.116,202.1347,14.5758,13.6061
JFK,SLC,93,0,0.0,3200.9773,260.4086,13.7527,4.2796
JFK,STL,149,1,0.0067,1435.5313,128.777,5.2095,6.0
JFK,STT,18,0,0.0,2611.9588,203.6111,-0.2222,-5.2222
JFK,SYR,93,5,0.0538,336.3521,57.1591,18.5682,14.9318
JFK,TPA,62,0,0.0,1617.3867,142.3387,17.4516,10.2903
JNU,ANC,122,0,0.0,918.9331,82.475,16.0902,15.2667
JNU,GST,29,0,0.0,65.9829,12.9655,14.2759,13.5862
JNU,KTN,59,1,0.0169,376.5856,38.8947,4.5345,7.5614
JNU,PSG,31,1,0.0323,197.9488,29.5185,37.0,26.3333
JNU,SEA,191,0,0.0,1462.8901,121.5947,12.9686,17.8263
JNU,SIT,120,1,0.0083,152.8873,23.9832,8.0504,8.6471
JNU,YAK,31,4,0.129,320.2587,36.7778,18.4444,23.2593
KOA,HNL,503,13,0.0258,262.3224,29.9939,8.4082,9.2469
KOA,ITO,31,1,0.0323,102.9978,22.0667,-1.7667,1.2
KOA,LAX,93,1,0.0108,4029.7874,280.5978,1.4022,0.2283
KOA,OAK,18,1,0.0556,3827.0105,275.8235,2.2353,-5.8235
KOA,OGG,111,0,0.0,135.1846,19.8649,1.009,1.8018
KOA,SFO,31,0,0.0,3809.3078,263.1613,-2.0,-7.1613
KTN,JNU,60,1,0.0167,376.5856,41.5932,4.9492,6.3559
KTN,SEA,153,1,0.0065,1094.3512,95.2829,11.2697,17.3487
KTN,SIT,31,0,0.0,294.5092,34.8387,3.3226,2.6774
KTN,WRG,31,0,0.0,131.9659,24.3103,26.7097,27.3103
LAN,DTW,174,2,0.0115,119.0912,25.6279,1.1395,-0.3779
LAN,MSP,62,0,0.0,732.2497,73.6613,-2.8387,-7.0161
LAS,ABQ,184,0,0.0,783.7486,65.7663,6.1685,2.625
LAS,ALB,31,0,0.0,3600.0936,255.8387,10.6774,-2.8387
LAS,AMA,31,0,0.0,1219.8797,96.9032,11.5484,6.4194
LAS,ATL,236,1,0.0042,2811.517,205.5191,6.2426,4.9532
LAS,AUS,92,0,0.0,1754.1806,136.4783,3.9022,-5.4674
LAS,BDL,29,0,0.0,3698.2633,267.0,16.0345,11.5517
LAS,BHM,31,0,0.0,2603.9121,190.9355,0.5806,-18.0968
LAS,BNA,93,0,0.0,2555.6319,191.2903,2.7312,-4.7742
LAS,BOI,62,0,0.0,836.8568,79.7097,12.3065,8.1452
LAS,BOS,73,4,0.0548,3831.8385,276.8116,15.6812,18.2464
LAS,BUF,31,0,0.0,3197.7586,230.9032,3.9677,-1.5161
LAS,BUR,365,0,0.0,358.8828,41.3425,7.8,4.7452
LAS,BWI,124,1,0.0081,3389.27,249.5772,18.3821,14.3415
LAS,CLE,127,0,0.0,2937.0455,214.119,5.6378,-1.1032
LAS,CLT,87,1,0.0115,3083.4954,222.6163,5.5233,-0.2209
LAS,CMH,125,1,0.008,2851.7505,208.2846,13.6371,10.3821
LAS,CVG,123,0,0.0,2700.4725,200.0081,6.6585,6.8049
LAS,DCA,31,2,0.0645,3361.9113,244.931,13.6897,10.6207
LAS,DEN,405,2,0.0049,1012.2749,85.2463,7.1042,6.2463
LAS,DFW,351,2,0.0057,1697.8537,130.9339,6.1347,3.1466
LAS,DTW,196,0,0.0,2816.345,209.5077,3.602,5.1538
LAS,ELP,62,0,0.0,939.8546,76.9839,7.129,1.5
LAS,EWR,221,1,0.0045,3584.0002,263.0365,14.4455,15.2785
LAS,FLL,31,1,0.0323,3498.7052,251.6,31.0333,17.0333
LAS,HOU,119,0,0.0,1987.5349,156.0776,8.916,2.1034
LAS,IAD,62,0,0.0,3324.8964,238.5323,1.0968,-6.2258
LAS,IAH,219,2,0.0091,1966.6135,154.5853,6.9401,2.0184
LAS,IND,56,0,0.0,2560.4599,190.3585,10.2679,2.3019
LAS,JFK,196,6,0.0306,3617.7963,269.0265,26.9842,29.9683
LAS,LAX,1374,12,0.0087,379.8042,42.5294,10.0154,7.6953
LAS,LBB,31,0,0.0,1247.2385,97.3548,2.0323,-5.9032
LAS,LIT,31,0,0.0,2084.0953,154.3871,5.3226,-18.5806
LAS,MAF,31,0,0.0,1281.0346,102.5161,4.4839,1.0968
LAS,MCI,171,0,0.0,1834.6476,141.9353,3.7836,-3.2
LAS,MCO,62,3,0.0484,3281.4443,234.1186,9.9322,3.3729
LAS,MDW,93,0,0.0,2447.8061,182.6882,6.129,0.172
LAS,MEM,31,0,0.0,2278.8254,169.8065,7.0323,3.9355
LAS,MIA,31,1,0.0323,3500.3145,253.8,6.3667,0.6333
LAS,MKE,28,0,0.0,2452.6342,181.0,6.3571,13.0
LAS,MSP,176,0,0.0,2092.142,157.3636,7.642,8.5284
LAS,MSY,31,0,0.0,2415.6193,180.2414,17.1935,-0.2069
LAS,OAK,389,2,0.0051,655.0014,64.4574,7.9121,7.4961
LAS,OMA,104,0,0.0,1768.6647,136.6731,10.3654,9.0673
LAS,ONT,301,0,0.0,317.04,35.0864,8.1196,6.3289
LAS,ORD,397,6,0.0151,2438.1501,184.7021,16.0512,17.9948
LAS,PDX,152,0,0.0,1226.3171,109.4474,10.25,10.2632
LAS,PHL,126,2,0.0159,3501.9238,257.2033,20.7903,20.0569
LAS,PHX,1097,38,0.0346,411.991,44.7252,11.0774,8.4174
LAS,PIT,93,0,0.0,3073.8394,222.8065,-1.3548,-5.4194
LAS,RDU,5,0,0.0,3262.1322,242.8,3.8,-15.4
LAS,RNO,363,0,0.0,555.2223,55.2369,10.0165,9.9614
LAS,SAN,481,6,0.0125,415.2097,44.7642,11.2337,9.2568
LAS,SAT,119,0,0.0,1720.3845,133.9244,6.605,-1.4202
LAS,SDF,31,0,0.0,2613.5682,192.1,0.6774,-29.3333
LAS,SEA,293,0,0.0,1393.6884,126.5904,12.6382,14.3447
LAS,SFO,478,6,0.0126,666.2668,66.553,19.0996,17.4534
LAS,SJC,362,2,0.0055,621.2052,61.9778,7.2222,5.3694
LAS,SLC,394,1,0.0025,592.2371,55.4962,4.9466,4.7583
LAS,SMF,269,2,0.0074,638.908,62.8127,9.1835,7.5618
LAS,SNA,317,12,0.0379,363.7108,43.082,8.5934,7.7639
LAS,STL,155,0,0.0,2208.0145,169.2387,8.271,9.2065
LAS,TPA,62,0,0.0,3192.9306,232.3548,7.4355,0.4516
LAS,TUL,31,0,0.0,1731.6498,132.0968,9.7097,5.5161
LAS,TUS,128,0,0.0,587.4091,53.4062,7.7656,4.8828
LAW,DFW,184,4,0.0217,225.3076,35.8333,6.1111,5.6
LAX,ABQ,178,0,0.0,1089.5232,89.1742,8.0,2.3764
LAX,ANC,60,1,0.0167,3773.9023,297.9153,2.8983,-4.5593
LAX,ATL,358,4,0.0112,3131.7756,226.3588,6.2203,-0.9774
LAX,AUS,114,0,0.0,1998.8003,151.4825,3.0263,-2.0702
LAX,BDL,31,0,0.0,4066.8022,295.0968,0.3226,-12.9032
LAX,BFL,161,3,0.0186,175.4181,28.8165,2.943,2.7658
LAX,BNA,124,0,0.0,2891.984,212.8049,5.6694,-3.0081
LAX,BOS,333,12,0.036,4201.9867,301.7975,2.3302,-2.0997
LAX,BWI,152,0,0.0,3748.1529,271.2583,9.3882,8.1656
LAX,CLE,118,0,0.0,3303.975,242.8898,5.6949,5.5678
LAX,CLT,144,0,0.0,3419.8475,248.5,3.0208,-0.1458
LAX,CMH,30,1,0.0333,3212.2426,233.5862,5.7931,9.3793
LAX,COS,87,2,0.023,1340.5802,110.0353,5.9059,-0.2824
LAX,CVG,124,1,0.0081,3057.746,221.813,6.5854,5.813
LAX,DAL,111,1,0.009,2005.2376,161.3818,4.0091,-0.9818
LAX,DCA,24,1,0.0417,3719.1847,274.2609,2.9565,1.5217
LAX,DEN,560,11,0.0196,1387.2511,111.4026,6.4189,6.7268
LAX,DFW,691,15,0.0217,1987.5349,154.0785,8.2396,3.2533
LAX,DTW,215,2,0.0093,3184.8839,236.7136,1.7277,0.0329
LAX,ELP,181,1,0.0055,1149.0688,93.3389,12.3944,6.1
LAX,EWR,423,0,0.0,3949.3204,289.064,8.7423,8.3626
LAX,FAT,355,10,0.0282,336.3521,50.829,4.1014,3.971
LAX,FLL,31,1,0.0323,3769.0743,271.0667,2.6,-0.9667
LAX,HNL,372,1,0.0027,4113.473,307.4933,3.5121,-0.628
LAX,HOU,86,1,0.0116,2236.9826,171.9882,3.6706,-0.4941
LAX,IAD,387,9,0.0233,3682.1699,262.9974,4.582,-0.045
LAX,IAH,362,4,0.011,2219.2799,172.3493,5.4106,2.4085
LAX,IND,31,0,0.0,2919.3428,215.5806,2.4839,-12.2581
LAX,JFK,809,17,0.021,3983.1165,292.8832,6.6578,7.868
LAX,KOA,93,1,0.0108,4029.7874,308.5435,5.5109,4.0109
LAX,LAS,1410,17,0.0121,379.8042,42.4013,8.8693,6.0976
LAX,LIH,31,0,0.0,4208.4241,322.8387,19.4194,16.0
LAX,MCI,155,0,0.0,2193.5304,167.8701,7.2194,-0.974
LAX,MCO,216,1,0.0046,3567.9068,262.4837,3.3302,-0.5442
LAX,MEM,122,0,0.0,2605.5215,192.0661,-1.4672,-7.4298
LAX,MFR,31,1,0.0323,1013.8842,85.931,4.3667,-4.9655
LAX,MIA,216,0,0.0,3769.0743,271.6667,2.8889,-2.9259
LAX,MRY,216,4,0.0185,429.6938,66.3821,2.4387,3.9764
LAX,MSP,273,2,0.0073,2471.9462,185.0221,2.9815,3.5572
LAX,MSY,93,0,0.0,2689.2071,196.8172,14.957,6.6344
LAX,OAK,1054,15,0.0142,542.3476,53.2331,6.8941,4.9432
LAX,OGG,160,0,0.0,4000.8192,301.3875,6.6562,3.3375
LAX,ONT,1,0,0.0,75.639,22.0,20.0,33.0
LAX,ORD,958,29,0.0303,2808.2983,210.0499,10.3283,7.9523
LAX,PDX,441,6,0.0136,1342.1896,112.7471,8.7379,5.2851
LAX,PHL,243,1,0.0041,3864.0253,285.8008,4.0331,8.1328
LAX,PHX,1265,55,0.0435,595.4558,58.4868,9.4041,3.8264
LAX,PIT,155,3,0.0194,3437.5502,249.8882,6.0855,2.4474
LAX,PSP,287,10,0.0348,177.0274,35.9819,3.6606,3.2816
LAX,RNO,306,3,0.0098,627.6426,58.4785,9.2673,3.637
LAX,SAN,1087,41,0.0377,175.4181,33.8203,3.9235,4.8423
LAX,SAT,57,0,0.0,1947.3014,147.9474,2.8421,-2.7895
LAX,SBA,399,12,0.0301,143.2313,23.7054,3.199,3.5194
LAX,SBP,205,9,0.0439,249.4477,40.8418,3.4949,2.8776
LAX,SEA,722,15,0.0208,1535.3104,130.7844,12.0608,16.2723
LAX,SFO,1278,54,0.0423,542.3476,53.9861,7.0686,2.8993
LAX,SJC,1006,32,0.0318,495.6767,47.885,5.7094,3.4497
LAX,SJU,7,0,0.0,5449.2252,397.5714,18.4286,15.1429
LAX,SLC,433,2,0.0046,949.5106,82.4674,5.8585,2.4721
LAX,SMF,449,0,0.0,600.2838,58.2094,6.3586,3.2339
LAX,STL,239,0,0.0,2563.6786,191.7782,2.3933,-1.8954
LAX,TPA,62,0,0.0,3472.9557,251.4839,1.2581,-4.0806
LAX,TUL,31,0,0.0,2064.7832,157.6452,7.8387,6.9355
LAX,TUS,283,1,0.0035,725.8123,63.3794,6.4113,1.2021
LBB,ABQ,61,0,0.0,465.0993,45.1475,3.9672,-1.6066
LBB,AUS,62,0,0.0,548.7849,51.0,2.7419,0.5806
LBB,DAL,249,8,0.0321,471.5366,47.6929,10.527,7.3527
LBB,DFW,277,13,0.0469,453.8339,58.1179,2.1061,2.5361
LBB,ELP,32,0,0.0,474.7553,42.9688,9.3125,7.2188
LBB,LAS,31,0,0.0,1247.2385,106.9032,0.7419,-0.7419
LEX,ATL,120,6,0.05,487.63,54.5351,-1.4561,-3.5702
LEX,CVG,88,2,0.0227,112.6538,24.4186,-1.7791,-5.6163
LEX,PIT,62,1,0.0161,465.0993,50.3443,3.7541,6.8852
LFT,DFW,179,4,0.0223,564.8783,85.8506,4.0743,3.9195
LGA,ATL,660,50,0.0758,1224.7077,108.2397,17.9656,11.1954
LGA,BGR,31,1,0.0323,608.3305,54.7333,42.7333,22.0
LGA,BNA,87,4,0.046,1229.5358,108.2169,7.9759,3.4578
LGA,BOS,963,56,0.0582,297.7279,36.8633,-0.7773,-8.5424
LGA,BUF,170,11,0.0647,469.9273,49.4654,7.7925,-2.0189
LGA,CLE,244,15,0.0615,672.7041,69.2096,17.0087,8.7074
LGA,CLT,335,16,0.0478,875.481,81.3302,12.6803,5.9214
LGA,CMH,171,13,0.076,769.2645,75.6329,16.4873,14.2468
LGA,CVG,155,8,0.0516,941.4639,90.8562,17.517,11.2671
LGA,DAL,83,0,0.0,2222.4985,189.2169,8.3614,14.4578
LGA,DCA,942,60,0.0637,344.3988,40.9033,-0.3265,-9.9989
LGA,DEN,241,8,0.0332,2605.5215,214.691,17.9013,12.7854
LGA,DFW,563,57,0.1012,2235.3733,183.0709,12.1403,16.8441
LGA,DTW,391,26,0.0665,806.2793,79.2747,23.1068,12.3929
LGA,FLL,371,10,0.027,1731.6498,149.6556,22.9584,14.3917
LGA,GSO,164,20,0.122,741.9057,71.4931,19.3611,11.1597
LGA,HOU,82,1,0.0122,2298.1375,192.9506,7.1481,11.1235
LGA,IAD,190,10,0.0526,368.5389,45.6667,26.8444,24.4011
LGA,IAH,253,3,0.0119,2278.8254,189.8857,19.356,19.0816
LGA,IND,43,7,0.1628,1060.5551,100.3611,-1.3611,-0.6389
LGA,JAX,93,4,0.043,1342.1896,117.6404,21.2584,9.6404
LGA,MCO,361,6,0.0166,1528.873,128.9261,14.6225,4.2102
LGA,MEM,124,4,0.0323,1549.7944,132.2667,18.8667,13.4083
LGA,MHT,92,11,0.1196,313.8213,46.6667,17.9506,6.1358
LGA,MIA,318,4,0.0126,1765.446,148.7962,18.2866,10.3822
LGA,MSP,237,21,0.0886,1641.5268,146.5787,15.8148,6.8333
LGA,MSY,31,0,0.0,1903.8492,162.871,2.0645,-1.0323
LGA,ORD,1103,124,0.1124,1179.6462,110.4826,17.3044,16.0215
LGA,ORF,129,13,0.1008,476.3646,51.181,14.8707,13.3966
LGA,PBI,217,5,0.023,1665.6669,141.9764,16.2736,5.533
LGA,PHL,31,1,0.0323,154.4966,34.4667,0.9,-8.1333
LGA,PIT,301,16,0.0532,539.1289,57.258,11.6702,9.4099
LGA,PVD,180,27,0.15,230.1356,34.1242,9.8954,5.098
LGA,PWM,149,14,0.094,434.5218,43.4296,21.9852,9.4074
LGA,RDU,231,16,0.0693,693.6255,67.6,18.8093,13.2651
LGA,RIC,103,13,0.1262,469.9273,52.6111,23.8222,15.1
LGA,ROC,109,7,0.0642,408.7724,44.8333,5.402,0.549
LGA,RSW,62,2,0.0323,1738.0872,157.8305,12.0833,-1.322
LGA,STL,229,16,0.0699,1427.4846,129.8774,6.7559,6.5708
LGA,TPA,248,11,0.0444,1627.0427,141.7669,16.3882,13.411
LGA,TVC,3,0,0.0,1054.1177,98.3333,72.0,58.3333
LGA,XNA,40,3,0.075,1845.913,162.4054,13.3243,-1.0811
LGB,DFW,121,2,0.0165,1963.3948,158.8571,3.958,5.5546
LGB,PHX,140,6,0.0429,571.3157,57.0448,3.8358,0.7687
LIH,HNL,677,9,0.0133,164.1527,20.9611,1.3189,1.4102
LIH,LAX,31,0,0.0,4208.4241,286.1613,8.2581,-1.3548
LIH,OGG,67,2,0.0299,325.0867,35.5385,6.1231,7.1077
LIH,SFO,35,1,0.0286,3938.055,275.8235,13.2059,6.8235
LIT,ATL,151,2,0.0132,729.031,65.6577,1.4497,-0.5772
LIT,BWI,31,0,0.0,1467.7181,120.6452,6.129,-1.1613
LIT,DAL,195,0,0.0,476.3646,46.959,8.8154,8.2821
LIT,DFW,396,8,0.0202,489.2394,56.3737,7.0,3.9278
LIT,HOU,31,0,0.0,632.4706,63.6129,11.6452,11.5806
LIT,LAS,31,0,0.0,2084.0953,169.7419,0.7419,-13.6129
LIT,MDW,31,0,0.0,875.481,77.8387,10.6452,4.9677
LIT,MEM,152,2,0.0132,207.6049,30.6667,0.24,0.64
LIT,PHX,31,0,0.0,1828.2102,158.1613,9.0968,8.2258
LIT,STL,320,2,0.0062,476.3646,52.3386,5.261,0.4241
LNK,STL,57,0,0.0,595.4558,57.8596,1.6842,2.7719
LRD,DFW,122,4,0.0328,634.08,94.5556,7.2966,9.8718
LSE,MSP,29,0,0.0,193.1208,29.2759,5.4828,-4.2759
LSE,ORD,118,8,0.0678,346.0081,39.6273,6.7727,5.0727
LWB,CLT,13,0,0.0,297.7279,40.5385,5.1538,6.0
MAF,ABQ,62,0,0.0,534.3009,50.4426,11.7258,6.9344
MAF,AUS,56,0,0.0,473.146,44.9107,5.7857,6.1071
MAF,DAL,193,8,0.0415,513.3795,50.116,8.4162,5.8398
MAF,DFW,215,5,0.0233,497.2861,71.7762,6.181,9.5143
MAF,ELP,31,0,0.0,395.8976,36.2258,0.2903,0.871
MAF,HOU,57,1,0.0175,709.7189,63.1071,6.0,2.5179
MAF,LAS,31,0,0.0,1281.0346,111.0323,5.0968,3.3548
MBS,DTW,121,1,0.0083,157.7153,27.375,0.15,-0.1083
MBS,MSP,57,1,0.0175,745.1244,74.0893,-3.8929,-9.4821
MCI,ABQ,93,0,0.0,1155.5061,100.8925,6.8387,2.2796
MCI,ATL,239,7,0.0293,1113.6633,96.3103,5.4698,3.2845
MCI,BNA,123,1,0.0081,790.1859,69.6529,10.123,4.8099
MCI,BWI,93,0,0.0,1556.2318,125.3011,3.4086,0.0538
MCI,CLT,124,2,0.0161,1301.9561,106.9836,4.1311,5.7459
MCI,CVG,90,1,0.0111,867.4343,76.8764,3.1685,3.6629
MCI,DCA,71,2,0.0282,1528.873,125.6471,1.0,4.7647
MCI,DEN,244,2,0.0082,857.7782,78.9461,4.1777,2.4481
MCI,DFW,340,12,0.0353,740.2964,70.9939,10.4024,10.0459
MCI,DTW,137,1,0.0073,1012.2749,90.7868,8.4926,6.5
MCI,EWR,107,3,0.028,1757.3993,144.2981,7.4231,11.4808
MCI,HOU,36,1,0.0278,1071.8204,95.4857,30.9714,27.0857
MCI,IAH,116,2,0.0172,1034.8056,100.4298,11.8947,10.1404
MCI,IND,31,0,0.0,725.8123,62.129,12.4839,8.7742
MCI,LAS,171,1,0.0058,1834.6476,152.8588,8.0235,2.7765
MCI,LAX,155,0,0.0,2193.5304,179.3742,11.5871,0.4194
MCI,MCO,152,2,0.0132,1725.2125,139.92,5.4467,0.82
MCI,MDW,522,7,0.0134,651.7827,60.4481,5.7068,3.3914
MCI,MEM,120,1,0.0083,630.8613,62.5798,-0.3866,1.8403
MCI,MHT,31,0,0.0,1989.1442,146.3,37.5806,18.8667
MCI,MSP,253,1,0.004,632.4706,63.9087,2.2063,0.7341
MCI,OAK,62,0,0.0,2396.3073,196.5,13.2581,13.2419
MCI,OKC,164,0,0.0,503.7234,49.0122,12.2439,10.0671
MCI,ORD,359,14,0.039,648.564,60.7797,10.5217,10.0899
MCI,PDX,31,0,0.0,2383.4325,194.4194,13.0323,5.3226
MCI,PHL,117,3,0.0256,1670.4949,136.4649,6.2281,10.1579
MCI,PHX,300,8,0.0267,1680.151,143.4007,7.161,3.5342
MCI,PIT,124,4,0.0323,1244.0198,102.7143,3.5833,4.3866
MCI,PVD,31,0,0.0,1985.9256,150.6129,9.8387,6.2581
MCI,RDU,31,0,0.0,1454.8434,117.3871,4.129,-6.5161
MCI,SAN,31,0,0.0,2145.2502,172.9,3.3548,-2.2667
MCI,SEA,31,0,0.0,2396.3073,209.5484,1.5806,-6.6129
MCI,SJC,31,0,0.0,2380.2139,196.6774,0.7419,-6.0
MCI,SLC,152,1,0.0066,1478.9835,129.0,4.0265,-0.6093
MCI,SMF,31,0,0.0,2320.6683,194.1613,14.7742,5.3226
MCI,STL,538,4,0.0074,381.4136,41.7715,4.8521,2.0206
MCI,TPA,31,0,0.0,1686.5883,135.7419,13.0,12.3548
MCI,TUL,117,2,0.0171,358.8828,37.3304,9.8609,8.1391
MCO,ABE,62,0,0.0,1458.062,128.2258,6.3871,4.4839
MCO,ABQ,62,0,0.0,2497.6957,199.871,4.0323,-2.2581
MCO,ALB,93,0,0.0,1726.8218,144.2043,8.6774,-1.7419
MCO,ATL,392,0,0.0,648.564,63.7959,7.8265,5.0689
MCO,AUS,31,0,0.0,1598.0746,136.6774,7.871,7.7742
MCO,BDL,225,1,0.0044,1689.807,143.7252,5.3795,3.0586
MCO,BHM,31,0,0.0,769.2645,71.3226,4.8065,-3.5484
MCO,BNA,183,1,0.0055,991.3534,91.1099,9.1868,5.0769
MCO,BOS,366,16,0.0437,1804.0701,155.9599,11.6743,10.3438
MCO,BUF,36,0,0.0,1627.0427,133.9429,0.5556,-15.0571
MCO,BWI,341,4,0.0117,1266.5506,110.2687,11.2641,6.6388
MCO,CLE,124,1,0.0081,1440.3593,122.374,-0.5935,-5.4553
MCO,CLT,272,0,0.0,753.1711,75.4963,7.4375,9.8566
MCO,CMH,153,3,0.0196,1290.6907,111.5133,5.9067,0.24
MCO,CVG,155,2,0.0129,1216.661,106.7974,6.3725,2.6797
MCO,DCA,93,0,0.0,1221.4891,108.3667,-0.1505,1.7222
MCO,DEN,124,2,0.0161,2486.4303,196.7049,5.4344,2.0656
MCO,DFW,314,1,0.0032,1583.5906,133.9711,8.1022,5.8199
MCO,DTW,217,1,0.0046,1540.1384,131.8796,3.0,-0.162
MCO,EWR,458,9,0.0197,1509.5609,135.2,17.9087,16.5708
MCO,FLL,234,0,0.0,286.4625,38.2521,10.8547,5.9829
MCO,IAD,391,11,0.0281,1219.8797,107.4433,9.0632,8.2612
MCO,IAH,189,1,0.0053,1372.767,118.1935,6.4043,7.3333
MCO,IND,122,1,0.0082,1332.5335,119.916,5.2893,2.916
MCO,ISP,93,0,0.0,1564.2785,135.3441,10.6882,7.3763
MCO,JAN,31,0,0.0,944.6826,84.2581,-0.1613,-3.9355
MCO,JFK,217,1,0.0046,1519.217,131.7176,10.4491,14.0139
MCO,LAS,61,4,0.0656,3281.4443,253.7719,8.5614,4.193
MCO,LAX,216,1,0.0046,3567.9068,275.5442,4.7302,2.9628
MCO,LGA,392,10,0.0255,1528.873,134.377,26.2225,23.3182
MCO,MCI,152,2,0.0132,1725.2125,147.2148,7.28,2.1477
MCO,MDT,5,0,0.0,1369.5483,120.2,-0.6,15.8
MCO,MDW,62,3,0.0484,1591.6373,132.2069,4.6102,-7.6379
MCO,MEM,114,2,0.0175,1099.1792,98.3214,1.125,0.2143
MCO,MHT,67,0,0.0,1837.8663,152.0448,7.8209,0.403
MCO,MIA,456,21,0.0461,310.6026,50.2897,2.1678,-0.3471
MCO,MSP,124,0,0.0,2108.2354,174.9032,1.7661,-3.1774
MCO,MSY,184,0,0.0,885.137,80.1257,6.962,1.6393
MCO,ORD,368,3,0.0082,1617.3867,143.3058,8.6904,7.0909
MCO,PBI,93,0,0.0,228.5263,30.3333,3.6344,1.2473
MCO,PHL,279,2,0.0072,1385.6417,127.5471,11.5993,15.8514
MCO,PHX,93,3,0.0323,2974.0603,237.5556,4.9333,-0.6556
MCO,PIT,248,7,0.0282,1342.1896,116.3859,7.4481,11.4274
MCO,PVD,160,0,0.0,1726.8218,143.6625,5.5188,0.6812
MCO,RDU,31,0,0.0,859.3876,81.9355,10.2581,2.9677
MCO,ROC,5,0,0.0,1662.4482,143.0,-3.4,8.2
MCO,SAT,31,0,0.0,1673.7136,141.8065,7.6452,4.5161
MCO,SDF,93,1,0.0108,1155.5061,105.0109,7.5652,2.7391
MCO,SFO,31,0,0.0,3934.8363,306.6129,-0.7742,0.0323
MCO,SJU,118,3,0.0254,1913.5053,145.8333,8.4957,8.4649
MCO,SLC,62,0,0.0,3104.4169,244.3607,3.9677,0.8689
MCO,STL,247,1,0.004,1416.2192,124.6408,3.5081,-0.2041
MCO,SYR,31,0,0.0,1694.635,142.7097,16.1613,13.4516
MCO,TPA,29,1,0.0345,128.7472,21.7857,14.0714,13.4286
MDT,ABE,58,1,0.0172,123.9192,19.4912,6.9825,6.7193
MDT,ATL,62,1,0.0161,996.1815,98.6066,2.4426,1.2295
MDT,CLT,62,1,0.0161,664.6574,68.1475,-2.5738,0.9016
MDT,DTW,89,1,0.0112,595.4558,63.75,-2.3636,-6.9205
MDT,MCO,5,0,0.0,1369.5483,123.4,0.0,11.2
MDT,ORD,215,12,0.0558,955.948,93.7044,15.4384,10.4089
MDT,PIT,124,5,0.0403,297.7279,35.8739,1.4034,0.3445
MDW,ABQ,31,0,0.0,1804.0701,152.9355,32.2581,21.2903
MDW,ATL,26,1,0.0385,949.5106,93.56,6.6,19.28
MDW,BDL,62,0,0.0,1250.4572,98.1935,17.0,10.1935
MDW,BHM,62,0,0.0,917.3238,81.2581,17.0645,18.4032
MDW,BNA,261,3,0.0115,635.6893,59.6124,12.1667,11.5659
MDW,BWI,335,3,0.009,983.3067,88.7052,18.4759,17.538
MDW,CLE,255,2,0.0078,494.0674,49.3992,11.4032,10.4625
MDW,CMH,180,0,0.0,457.0526,46.5333,11.75,10.1
MDW,DFW,121,3,0.0248,1282.644,116.0932,14.9915,14.5339
MDW,DTW,477,4,0.0084,368.5389,46.0021,14.6469,15.0338
MDW,EWR,94,1,0.0106,1144.2407,99.2903,28.6022,30.7849
MDW,FLL,62,1,0.0161,1876.4904,154.541,10.5738,2.0164
MDW,HOU,62,1,0.0161,1507.9516,130.9016,12.9016,11.2787
MDW,IND,144,1,0.0069,260.7131,31.7622,17.1469,18.6643
MDW,ISP,93,0,0.0,1231.1451,110.1848,10.1183,13.8587
MDW,JAN,62,0,0.0,1071.8204,91.1452,12.0645,9.2258
MDW,LAS,93,0,0.0,2447.8061,199.2796,3.9355,-1.4301
MDW,LIT,31,0,0.0,875.481,75.8387,13.0323,14.0645
MDW,MCI,522,5,0.0096,651.7827,62.8869,13.5338,11.6706
MDW,MCO,62,3,0.0484,1591.6373,126.5862,4.0339,-5.3966
MDW,MHT,62,0,0.0,1348.6269,103.4355,21.5645,14.5323
MDW,MSP,263,4,0.0152,561.6597,64.7992,4.2239,-0.3475
MDW,OMA,180,0,0.0,680.7508,64.3167,11.9333,9.0722
MDW,PHX,93,0,0.0,2323.887,191.3871,12.5054,8.2151
MDW,PVD,92,1,0.0109,1355.0643,110.3187,5.8571,2.9231
MDW,RDU,93,0,0.0,1017.1029,90.4194,13.1505,8.172
MDW,SDF,199,3,0.0151,436.1311,46.4337,14.4898,13.1224
MDW,STL,425,6,0.0141,403.9443,48.3149,14.0048,10.3678
MDW,TPA,93,0,0.0,1604.512,128.9892,8.7742,3.5591
MEM,ATL,419,7,0.0167,534.3009,53.7913,4.7087,2.7063
MEM,AUS,93,0,0.0,899.6211,82.0215,1.3548,3.1398
MEM,BHM,90,1,0.0111,339.5707,37.5169,0.2472,1.427
MEM,BNA,92,0,0.0,321.868,36.1196,2.5435,3.9565
MEM,BOS,90,6,0.0667,1833.0383,146.5595,4.8333,6.1429
MEM,BWI,9,0,0.0,1266.5506,98.0,1.0,-0.5556
MEM,CLE,53,0,0.0,1001.0095,86.6981,-0.7358,-0.9623
MEM,CLT,187,0,0.0,823.9821,77.0214,2.3583,5.8556
MEM,CMH,9,0,0.0,833.6381,71.1111,9.0,5.7778
MEM,CVG,57,2,0.0351,648.564,62.4364,0.9091,-5.2182
MEM,DCA,118,1,0.0085,1226.3171,99.0522,6.3419,4.8696
MEM,DEN,62,0,0.0,1403.3445,119.4194,5.7097,10.2419
MEM,DFW,387,12,0.031,695.2349,67.7467,6.6587,9.2613
MEM,DTW,305,9,0.0295,981.6974,88.3682,5.4865,5.9831
MEM,EWR,116,5,0.0431,1522.4356,137.9545,13.045,15.1364
MEM,FLL,31,0,0.0,1369.5483,115.8065,3.0645,-1.2903
MEM,GPT,92,1,0.0109,521.4262,50.5604,-0.044,4.3187
MEM,GRR,31,4,0.129,951.1199,81.8148,9.7037,11.5556
MEM,GSO,31,0,0.0,917.3238,77.6129,2.0968,-5.3226
MEM,IAH,143,4,0.028,754.7805,73.8175,3.705,2.9635
MEM,ICT,30,0,0.0,729.031,67.1,-2.8333,2.0
MEM,IND,121,2,0.0165,613.1585,56.8992,4.8655,4.7563
MEM,JAN,72,1,0.0139,304.1653,32.5915,1.1549,3.0141
MEM,JAX,62,0,0.0,926.9798,81.7258,1.9516,1.1613
MEM,LAS,31,0,0.0,2278.8254,183.6129,0.7742,3.0645
MEM,LAX,122,0,0.0,2605.5215,206.418,13.1885,14.5492
MEM,LGA,93,1,0.0108,1549.7944,130.0337,21.3696,22.3933
MEM,LIT,152,1,0.0066,207.6049,26.1192,3.5894,6.3113
MEM,MCI,120,1,0.0083,630.8613,63.0672,4.2857,5.4874
MEM,MCO,113,0,0.0,1099.1792,93.2411,16.4602,13.5982
MEM,MIA,67,0,0.0,1384.0324,112.1194,4.9701,-3.2836
MEM,MKE,91,2,0.022,894.793,78.6966,7.0674,7.5393
MEM,MSP,241,4,0.0166,1126.538,99.1314,6.5316,2.5763
MEM,MSY,124,0,0.0,561.6597,53.7154,2.5887,4.0813
MEM,OKC,124,2,0.0161,695.2349,64.595,0.8033,2.3223
MEM,OMA,31,0,0.0,865.8249,82.9355,6.1613,11.4194
MEM,ORD,273,15,0.0549,790.1859,81.9416,13.2636,12.537
MEM,PHL,87,1,0.0115,1406.5632,123.6744,3.9535,10.9884
MEM,PHX,31,0,0.0,2032.5964,170.5806,2.6452,-0.5806
MEM,RDU,90,2,0.0222,1020.3216,91.5795,5.2045,3.4773
MEM,SAN,31,0,0.0,2521.8358,200.0645,5.129,2.2258
MEM,SAT,93,2,0.0215,1005.8375,89.6154,-1.8791,1.5495
MEM,SDF,31,0,0.0,514.9888,53.0,-0.7419,-0.0645
MEM,SEA,83,0,0.0,3009.4658,249.0723,4.1205,3.5904
MEM,SFO,61,1,0.0164,2908.0774,232.339,9.7667,9.5763
MEM,SJU,10,0,0.0,2998.2004,232.8,-3.7,0.4
MEM,STL,65,0,0.0,411.991,47.5077,2.6769,-0.8
MEM,TPA,93,1,0.0108,1055.727,88.0217,5.6304,6.5435
MEM,TYS,2,0,0.0,550.3943,53.0,-1.5,-9.0
MEM,VPS,122,0,0.0,593.8465,56.0492,2.0082,2.5
MFE,DFW,92,1,0.0109,753.1711,73.8556,6.7582,9.4889
MFE,IAH,179,0,0.0,508.5514,55.1173,12.1844,11.7374
MFR,LAX,31,4,0.129,1013.8842,89.1481,-0.8148,-5.8889
MFR,SFO,91,0,0.0,529.4729,55.5714,14.7253,9.2418
MHT,ATL,61,0,0.0,1532.0917,131.6721,0.7869,-3.7213
MHT,BNA,62,0,0.0,1509.5609,131.8525,2.9194,-1.9508
MHT,BWI,369,1,0.0027,606.7212,62.5452,16.1467,14.2932
MHT,CVG,30,0,0.0,1192.5209,108.6333,15.1667,4.9333
MHT,DCA,62,4,0.0645,655.0014,67.5614,10.1897,9.2982
MHT,DTW,152,0,0.0,980.0881,89.5166,6.4539,2.4238
MHT,EWR,76,0,0.0,336.3521,49.9733,18.3026,15.04
MHT,LGA,92,13,0.1413,313.8213,51.9241,12.1646,3.962
MHT,MCI,31,0,0.0,1989.1442,172.6129,2.3226,-9.1935
MHT,MCO,67,0,0.0,1837.8663,153.5152,5.6866,-2.8182
MHT,MDW,62,0,0.0,1348.6269,122.0323,5.6129,-2.3387
MHT,ORD,123,0,0.0,1356.6736,121.3083,12.3821,9.725
MHT,PHL,155,2,0.0129,466.7086,67.5364,9.8105,11.0265
MHT,PIT,93,0,0.0,780.5299,76.4839,6.1183,8.2151
MHT,TPA,31,0,0.0,1937.6454,166.1935,5.4194,1.9032
MIA,ATL,531,12,0.0226,957.5573,87.6035,7.6956,5.2573
MIA,BDL,31,0,0.0,1921.552,153.0645,19.0323,16.0
MIA,BNA,31,0,0.0,1297.128,106.6452,19.0968,12.6452
MIA,BOS,164,2,0.0122,2024.5497,167.0802,25.3765,19.5926
MIA,BWI,93,0,0.0,1522.4356,132.1413,6.5269,7.913
MIA,CLE,62,1,0.0161,1738.0872,144.8689,10.2787,3.2787
MIA,CLT,165,1,0.0061,1046.071,99.9695,-0.6402,3.1707
MIA,CVG,62,0,0.0,1525.6543,128.9032,12.7419,10.2903
MIA,DCA,309,9,0.0291,1480.5928,126.7033,7.6533,4.4367
MIA,DEN,118,1,0.0085,2750.3621,216.6068,1.4786,-0.9915
MIA,DFW,324,4,0.0123,1804.0701,148.0125,14.4,12.1442
MIA,DTW,113,0,0.0,1842.6943,153.2385,4.7965,-0.0367
MIA,EWR,274,2,0.0073,1747.7432,152.5941,14.386,13.4908
MIA,EYW,192,5,0.026,202.7768,35.1551,4.5722,2.2781
MIA,IAD,124,1,0.0081,1482.2021,126.1626,13.6748,10.4878
MIA,IAH,268,3,0.0112,1551.4038,131.6374,8.1585,5.5573
MIA,JAX,181,11,0.0608,537.5196,84.7396,7.8176,4.8284
MIA,JFK,272,1,0.0037,1754.1806,144.1866,16.3247,13.7463
MIA,LAS,31,0,0.0,3500.3145,277.2258,7.129,6.2581
MIA,LAX,217,0,0.0,3769.0743,285.7269,11.6728,11.1944
MIA,LGA,319,3,0.0094,1765.446,155.6731,22.4209,25.4744
MIA,MCO,456,19,0.0417,310.6026,47.8307,5.7826,2.9016
MIA,MEM,62,0,0.0,1384.0324,121.8,13.7258,13.85
MIA,MSP,61,0,0.0,2415.6193,198.8197,-1.5246,-4.4918
MIA,MSY,93,1,0.0108,1084.6952,94.0543,5.4239,3.413
MIA,ORD,393,8,0.0204,1926.38,161.5594,13.161,12.4222
MIA,PHL,186,0,0.0,1630.2614,144.2054,11.8548,16.9622
MIA,PHX,31,1,0.0323,3173.6185,257.6333,1.8333,1.9333
MIA,PIT,93,0,0.0,1630.2614,138.0652,0.2473,0.7391
MIA,RDU,62,0,0.0,1126.538,99.9516,9.8387,4.9516
MIA,RSW,157,11,0.0701,168.9807,32.1575,3.2123,0.0205
MIA,SAV,62,2,0.0323,708.1096,106.9492,1.7333,-1.5424
MIA,SEA,31,1,0.0323,4383.8422,342.8333,5.3333,-4.9333
MIA,SFO,124,4,0.0323,4160.1439,320.775,14.3333,11.7583
MIA,SJC,31,2,0.0645,4118.3011,319.0345,11.0345,18.931
MIA,SJU,271,14,0.0517,1681.7603,128.7354,8.5409,3.4786
MIA,STL,128,0,0.0,1718.7751,146.3386,1.9219,-3.378
MIA,STT,55,0,0.0,1781.5394,137.2963,18.0,17.2963
MIA,STX,31,0,0.0,1833.0383,138.1935,3.0645,-2.6129
MIA,TPA,269,14,0.052,328.3054,49.7795,5.0039,2.7087
MKE,ATL,91,1,0.011,1076.6485,97.8333,0.8,2.1111
MKE,CLT,62,0,0.0,1047.6803,95.2903,0.5,2.5645
MKE,CVG,90,0,0.0,511.7701,55.7,4.0556,3.2222
MKE,DFW,119,2,0.0168,1372.767,125.8462,7.8974,2.2906
MKE,DTW,215,6,0.0279,383.0229,45.6411,1.8517,1.5789
MKE,IAH,26,0,0.0,1583.5906,140.8077,-1.4615,-0.8462
MKE,LAS,28,0,0.0,2452.6342,198.6071,3.1786,6.1786
MKE,MEM,91,0,0.0,894.793,85.1868,-3.4615,-3.2857
MKE,MSP,208,1,0.0048,477.974,54.6135,2.1498,0.0966
MKE,ORD,236,17,0.072,107.8258,20.4292,10.6256,6.3881
MKE,PHX,62,0,0.0,2349.6364,193.5806,-0.3226,1.9839
MKE,PIT,118,3,0.0254,693.6255,64.6174,4.2261,7.4
MKE,STL,180,3,0.0167,510.1608,57.3107,1.4181,-1.0
MLB,ATL,118,0,0.0,712.9376,67.8136,3.5254,1.4492
MLB,EWR,31,0,0.0,1517.6076,144.0323,14.6774,19.2581
MLI,STL,177,2,0.0113,300.9466,38.2171,-0.4457,-2.76
MLU,ATL,29,0,0.0,720.9843,68.6897,2.2414,-1.6207
MLU,DFW,31,0,0.0,471.5366,49.5806,3.4516,-0.6129
MLU,JAN,29,0,0.0,186.6834,24.7241,-1.3448,2.0345
MLU,SHV,17,1,0.0588,168.9807,22.6875,1.5625,2.8125
MOB,ATL,212,13,0.0613,486.0207,50.8241,0.4221,-3.206
MOB,BHM,20,0,0.0,347.6174,37.4,5.0,6.8
MOB,DFW,21,2,0.0952,869.0436,78.7895,-1.4211,1.5263
MOT,MSP,92,0,0.0,722.5937,67.2609,-0.6196,-3.75
MQT,ORD,31,3,0.0968,487.63,58.1071,14.0714,19.2857
MRY,LAX,217,6,0.0276,429.6938,72.3555,7.7014,11.4028
MSN,DFW,26,1,0.0385,1321.2681,118.2,3.88,0.64
MSN,DTW,147,0,0.0,502.1141,53.3673,-0.6054,-1.0272
MSN,MSP,148,1,0.0068,366.9295,49.5578,-0.1361,-1.3333
MSN,ORD,212,17,0.0802,175.4181,26.5897,7.4359,2.8308
MSO,GTF,31,0,0.0,215.6516,25.2258,-0.3548,-2.3226
MSO,MSP,83,0,0.0,1630.2614,134.9036,9.9639,13.253
MSO,SLC,62,0,0.0,701.6722,60.7903,-0.129,-5.5806
MSP,ABQ,62,0,0.0,1578.7625,129.629,2.8226,0.6774
MSP,ANC,135,0,0.0,4052.3181,314.7037,11.9407,8.9111
MSP,ATL,392,1,0.0026,1458.062,124.0153,4.8261,3.9821
MSP,AUS,91,1,0.011,1676.9323,138.1889,0.9,1.2889
MSP,AZO,31,1,0.0323,685.5788,60.7241,1.2333,3.1379
MSP,BDL,111,1,0.009,1689.807,129.4455,8.4182,2.5909
MSP,BIL,114,0,0.0,1203.7863,104.7105,2.9649,-4.3246
MSP,BIS,121,0,0.0,621.2052,60.9587,4.4876,3.3802
MSP,BNA,119,0,0.0,1118.4913,96.1345,1.4958,-2.6807
MSP,BOI,92,0,0.0,1837.8663,150.9674,6.7283,4.75
MSP,BOS,272,4,0.0147,1808.8982,138.8165,12.153,12.6255
MSP,BUF,80,0,0.0,1181.2556,95.7,1.675,5.525
MSP,BWI,142,2,0.0141,1506.3422,121.6522,15.9571,15.6812
MSP,BZN,82,0,0.0,1406.5632,121.1707,7.2439,1.9756
MSP,CID,20,1,0.05,355.6641,33.9474,0.0,-15.0
MSP,CLE,168,1,0.006,1001.0095,85.1737,4.994,3.3892
MSP,CLT,153,1,0.0065,1496.6862,120.7171,2.1776,3.5461
MSP,CMH,91,1,0.011,1009.0562,84.3,4.3667,6.1889
MSP,COS,83,0,0.0,1166.7715,99.4578,4.4096,-0.7831
MSP,CVG,102,0,0.0,959.1666,84.0686,7.4314,6.0686
MSP,DAY,60,0,0.0,923.7612,80.0,0.2167,4.8167
MSP,DCA,239,2,0.0084,1498.2955,119.7241,5.1899,6.7284
MSP,DEN,476,7,0.0147,1094.3512,94.7024,10.7271,9.3319
MSP,DFW,478,7,0.0146,1371.1577,120.3843,4.1614,2.8259
MSP,DLH,79,1,0.0127,231.745,27.6667,0.0897,1.6154
MSP,DSM,57,1,0.0175,373.3669,39.2679,6.0,3.0357
MSP,DTW,477,13,0.0273,849.7315,75.8707,4.8254,2.0754
MSP,EWR,343,11,0.0321,1622.2147,132.4667,19.1566,19.7303
MSP,FAI,20,0,0.0,3968.6324,318.95,8.05,11.8
MSP,FAR,158,0,0.0,358.8828,40.5696,4.0127,0.9557
MSP,FCA,52,0,0.0,1651.1828,141.9423,4.3077,-3.0385
MSP,FSD,178,0,0.0,317.04,36.0056,4.8371,5.2809
MSP,GEG,92,0,0.0,1890.9745,156.3043,10.3478,8.9348
MSP,GFK,27,0,0.0,457.0526,49.1852,0.037,-1.9259
MSP,GRB,112,1,0.0089,405.5537,40.7207,7.7117,9.7297
MSP,GRR,119,0,0.0,656.6107,58.0932,6.042,7.3305
MSP,GTF,65,0,0.0,1427.4846,122.6562,5.7692,-3.4531
MSP,HNL,31,0,0.0,6392.2985,469.1935,21.5484,-0.4194
MSP,IAD,144,2,0.0139,1461.2807,117.5755,9.2324,8.4604
MSP,IAH,300,1,0.0033,1664.0576,145.8514,2.1405,3.3345
MSP,IND,179,0,0.0,809.498,70.6536,3.0447,5.4302
MSP,JFK,62,2,0.0323,1654.4015,139.8475,9.3833,3.2203
MSP,LAN,62,0,0.0,732.2497,64.3548,5.3065,12.4032
MSP,LAS,176,0,0.0,2092.142,168.9091,5.6705,4.9318
MSP,LAX,273,2,0.0073,2471.9462,196.2177,11.7085,5.0369
MSP,LGA,265,17,0.0642,1641.5268,133.8204,19.6129,22.3469
MSP,LSE,29,0,0.0,193.1208,23.5862,6.9655,7.1034
MSP,MBS,62,0,0.0,745.1244,65.3065,-0.2581,0.129
MSP,MCI,239,0,0.0,632.4706,62.5272,6.3054,9.6527
MSP,MCO,124,0,0.0,2108.2354,161.5328,7.3871,5.1639
MSP,MDW,260,3,0.0115,561.6597,63.2109,5.0778,6.3047
MSP,MEM,208,1,0.0048,1126.538,95.2524,4.5217,3.0
MSP,MIA,62,0,0.0,2415.6193,186.2419,2.871,-2.4677
MSP,MKE,208,1,0.0048,477.974,46.7536,5.0628,7.942
MSP,MOT,92,0,0.0,722.5937,70.1304,5.7717,4.4239
MSP,MSN,151,0,0.0,366.9295,37.2781,2.0993,4.1192
MSP,MSO,82,0,0.0,1630.2614,140.1098,6.1341,-0.3537
MSP,MSY,72,0,0.0,1673.7136,134.3611,2.2917,1.3194
MSP,OMA,231,2,0.0087,453.8339,44.7719,6.6245,4.9123
MSP,ONT,62,0,0.0,2404.354,190.0323,7.8226,3.5806
MSP,ORD,1138,78,0.0685,537.5196,54.6695,12.3019,13.7968
MSP,PDX,167,0,0.0,2294.9188,187.8323,9.5868,3.3832
MSP,PHL,273,13,0.0476,1577.1532,128.8327,11.8346,15.0272
MSP,PHX,303,4,0.0132,2053.5178,167.4415,6.5619,-0.2508
MSP,PIT,178,0,0.0,1168.3808,96.6517,1.9719,3.7303
MSP,RAP,143,0,0.0,788.5766,73.1818,1.4476,-2.972
MSP,RDR,5,0,0.0,469.9273,48.0,11.2,8.0
MSP,RDU,93,0,0.0,1578.7625,127.1613,2.5699,2.3011
MSP,RNO,62,0,0.0,2262.732,183.5645,5.1935,-0.129
MSP,RST,57,1,0.0175,122.3098,18.4643,4.8393,0.2143
MSP,RSW,3,0,0.0,2278.8254,175.0,11.0,13.6667
MSP,SAN,123,0,0.0,2465.5089,196.2541,7.8699,3.3197
MSP,SAT,62,0,0.0,1765.446,146.629,2.1452,2.5645
MSP,SDF,62,0,0.0,970.432,85.371,-0.1129,-0.0484
MSP,SEA,276,1,0.0036,2251.4667,186.5584,11.2909,8.2883
MSP,SFO,223,4,0.0179,2557.2413,207.137,9.7534,5.2511
MSP,SJC,90,0,0.0,2536.3198,208.2778,4.4667,0.5889
MSP,SLC,176,0,0.0,1594.8559,137.0341,11.5114,9.9943
MSP,SMF,93,0,0.0,2442.9781,195.957,6.3441,-1.871
MSP,SNA,90,0,0.0,2449.4155,196.1111,4.9333,-1.5222
MSP,STL,447,9,0.0201,722.5937,67.4658,2.3539,2.4338
MSP,TPA,62,0,0.0,2103.4074,162.5738,4.3387,2.918
MSP,TUS,31,0,0.0,2088.9233,167.5484,0.3226,-10.7419
MSY,ATL,333,7,0.021,683.9695,63.954,2.3558,1.8804
MSY,BHM,203,0,0.0,516.5981,49.1626,11.0985,9.3842
MSY,BNA,87,0,0.0,757.9991,68.2989,6.7586,3.4023
MSY,BWI,93,1,0.0108,1606.1213,134.9451,7.1848,3.6154
MSY,CLE,31,0,0.0,1475.7648,121.5161,2.4194,-2.7097
MSY,CLT,155,3,0.0194,1047.6803,93.6579,1.7697,2.5197
MSY,CVG,89,2,0.0225,1126.538,101.7126,1.5632,0.0345
MSY,DAL,172,2,0.0116,703.2816,65.6627,12.6353,11.4675
MSY,DCA,57,0,0.0,1559.4505,130.5536,2.1579,0.0179
MSY,DEN,68,0,0.0,1709.1191,142.8358,2.4706,1.1642
MSY,DFW,248,3,0.0121,720.9843,70.8122,2.8367,4.7796
MSY,DTW,93,0,0.0,1490.2488,130.3478,-1.172,-2.3913
MSY,EWR,116,3,0.0259,1878.0998,160.0973,14.6283,12.7876
MSY,FLL,31,0,0.0,1083.0858,98.6774,11.4516,6.7097
MSY,HOU,615,7,0.0114,487.63,50.8962,8.4589,9.1104
MSY,IAD,62,0,0.0,1535.3104,127.1774,2.3226,-1.9677
MSY,IAH,373,5,0.0134,490.8487,50.4375,9.8913,12.6821
MSY,IND,31,0,0.0,1139.4127,97.9032,14.0323,11.1613
MSY,JAX,31,0,0.0,825.5914,72.7097,7.1613,-0.4194
MSY,JFK,18,0,0.0,1902.2399,152.4444,8.9444,13.5556
MSY,LAS,31,0,0.0,2415.6193,195.3871,2.5484,-6.9677
MSY,LAX,93,0,0.0,2689.2071,211.3226,8.1398,-2.8065
MSY,LGA,31,0,0.0,1903.8492,165.2069,15.4516,25.1724
MSY,MCO,184,0,0.0,885.137,83.8804,5.7391,-0.087
MSY,MEM,124,1,0.0081,561.6597,59.8537,5.374,5.1463
MSY,MIA,93,1,0.0108,1084.6952,92.0217,1.75,-0.5543
MSY,MSP,72,1,0.0139,1673.7136,142.3429,5.2535,-1.7571
MSY,ORD,160,2,0.0125,1347.0176,116.6561,8.6013,1.4268
MSY,PHL,65,0,0.0,1750.9619,152.2,5.2154,5.8615
MSY,PHX,117,0,0.0,2093.7513,175.2393,0.7179,4.4188
MSY,PIT,63,0,0.0,1477.3741,125.6129,1.1587,-0.0323
MSY,PNS,29,0,0.0,299.3372,32.8276,1.069,0.2414
MSY,SAN,31,0,0.0,2573.3347,202.871,5.6129,6.5484
MSY,SFO,31,2,0.0645,3075.4487,242.7586,-1.0,-13.6207
MSY,STL,173,0,0.0,972.0414,86.948,0.6069,-2.6185
MSY,TPA,184,0,0.0,783.7486,75.1141,11.8804,5.5598
MYR,CLT,219,2,0.0091,251.057,33.6452,0.6267,0.9032
MYR,EWR,31,0,0.0,885.137,89.8,9.0323,6.4
MYR,PHL,5,0,0.0,761.2178,79.6,6.4,30.2
MYR,PIT,5,0,0.0,766.0458,69.4,-3.6,-12.2
OAK,ABQ,62,0,0.0,1430.7033,113.2903,11.129,5.4516
OAK,ATL,60,1,0.0167,3427.8942,244.8475,23.0508,12.8305
OAK,BNA,31,0,0.0,3152.6971,228.9355,0.9355,-4.7097
OAK,BOI,31,0,0.0,822.3727,68.3871,9.6129,9.6452
OAK,BUR,443,1,0.0023,523.0355,49.4299,6.9502,4.1176
OAK,DEN,211,2,0.0095,1540.1384,122.8038,13.244,13.2249
OAK,DFW,242,5,0.0207,2343.199,181.4553,1.9451,3.4255
OAK,EWR,53,0,0.0,4110.2544,294.6604,10.9623,12.3208
OAK,GEG,31,0,0.0,1163.5528,94.0323,7.0968,3.2258
OAK,HNL,31,0,0.0,3876.9001,307.0968,8.9032,12.4839
OAK,IAH,66,1,0.0152,2620.0055,209.7385,6.6923,4.1077
OAK,KOA,19,1,0.0526,3827.0105,307.4444,1.8333,-4.4444
OAK,LAS,389,3,0.0077,655.0014,64.4197,7.5648,4.5829
OAK,LAX,1055,17,0.0161,542.3476,57.028,9.1301,5.4484
OAK,MCI,62,0,0.0,2396.3073,179.5161,4.7742,-0.3226
OAK,OGG,31,1,0.0323,3780.3397,303.3333,6.0333,11.4667
OAK,ONT,425,10,0.0235,580.9717,56.5205,8.9807,6.5928
OAK,ORD,120,2,0.0167,2953.1389,221.0948,8.3898,9.8621
OAK,PDX,331,3,0.0091,873.8716,74.378,8.9177,6.1341
OAK,PHX,357,6,0.0168,1039.6336,94.0627,4.1681,0.2593
OAK,RNO,180,0,0.0,289.6812,31.7333,9.75,7.45
OAK,SAN,454,1,0.0022,717.7656,69.9823,9.7506,8.0508
OAK,SEA,489,2,0.0041,1079.8671,95.0883,16.1971,17.3039
OAK,SLC,124,0,0.0,946.2919,78.8468,6.4435,4.8629
OAK,SNA,381,1,0.0026,597.0651,65.9947,5.6658,4.5119
OGG,DFW,31,0,0.0,5972.2607,402.3226,-2.871,-3.0645
OGG,HNL,900,16,0.0178,160.934,23.2308,2.4502,3.1584
OGG,ITO,31,0,0.0,194.7301,25.4194,5.5161,6.0
OGG,KOA,62,1,0.0161,135.1846,21.3934,6.1967,6.9836
OGG,LAX,160,0,0.0,4000.8192,274.7062,8.0875,1.1938
OGG,LIH,62,1,0.0161,325.0867,34.1803,4.4918,4.377
OGG,OAK,31,1,0.0323,3780.3397,268.1333,24.2667,16.6333
OGG,SFO,93,0,0.0,3762.6369,261.0645,2.2688,-3.4839
OGG,SJC,31,1,0.0323,3791.605,273.8333,17.5,19.5333
OGG,SNA,31,1,0.0323,4044.2714,286.9,8.0,8.1333
OGG,STL,31,1,0.0323,6541.9671,440.0,-0.9,-12.5
OKC,ATL,91,0,0.0,1224.7077,99.2527,8.9011,5.7143
OKC,DAL,215,1,0.0047,291.2905,37.5187,7.6028,5.3598
OKC,DEN,122,0,0.0,796.6233,72.3443,7.7295,7.541
OKC,DFW,393,11,0.028,281.6345,39.2356,5.9634,4.6859
OKC,HOU,109,0,0.0,674.3135,65.5413,6.9266,6.844
OKC,IAH,115,0,0.0,635.6893,65.513,9.313,10.3739
OKC,MCI,164,0,0.0,503.7234,49.537,10.2622,8.8765
OKC,MEM,124,2,0.0161,695.2349,65.5164,0.7705,0.6803
OKC,ORD,93,0,0.0,1115.2726,96.2903,6.4194,5.7419
OKC,PHX,98,0,0.0,1340.5802,118.2041,4.7653,2.0306
OKC,SLC,60,1,0.0167,1393.6884,115.4068,4.0339,3.2203
OKC,STL,263,1,0.0038,743.5151,68.2863,5.2023,1.8435
OKC,TUL,52,1,0.0192,178.6367,24.24,-1.0588,-6.14
OMA,ATL,61,1,0.0164,1321.2681,108.1833,1.3167,-0.6833
OMA,DEN,183,1,0.0055,759.6085,69.5934,10.7912,8.9231
OMA,DFW,124,3,0.0242,938.2452,86.0579,2.6364,4.4711
OMA,IAH,31,1,0.0323,1256.8945,115.8333,-1.4,-0.9333
OMA,LAS,103,0,0.0,1768.6647,148.7573,7.9126,3.3495
OMA,MDW,180,0,0.0,680.7508,63.1844,6.7889,4.257
OMA,MEM,31,0,0.0,865.8249,81.3226,1.0645,4.3871
OMA,MSP,231,1,0.0043,453.8339,52.1609,6.3565,5.0
OMA,ORD,277,15,0.0542,669.4854,64.4885,10.9313,4.7962
OMA,PHX,185,0,0.0,1668.8856,142.0924,11.2811,6.0109
OMA,STL,233,1,0.0043,550.3943,52.7716,4.7198,1.7845
OME,ANC,93,5,0.0538,867.4343,75.5977,14.1591,15.0805
ONT,ATL,61,0,0.0,3057.746,227.6066,8.7705,5.0984
ONT,BNA,31,0,0.0,2817.9543,209.7097,2.6774,-5.9032
ONT,DEN,120,0,0.0,1318.0495,110.7667,8.7583,10.1667
ONT,DFW,216,4,0.0185,1913.5053,152.1274,2.3443,3.4387
ONT,IAH,59,0,0.0,2146.8596,171.1356,21.1695,19.0339
ONT,LAS,330,0,0.0,317.04,38.1667,5.5364,4.3
ONT,MSP,62,0,0.0,2404.354,188.4098,5.2742,6.4918
ONT,OAK,394,6,0.0152,580.9717,53.9253,8.0825,8.2809
ONT,ORD,62,1,0.0161,2735.878,213.1333,11.9344,9.2167
ONT,PDX,89,0,0.0,1348.6269,112.7753,15.236,15.764
ONT,PHX,605,8,0.0132,523.0355,52.0302,5.67,3.3819
ONT,SEA,141,1,0.0071,1538.529,131.3286,13.1857,17.5714
ONT,SFO,153,4,0.0261,584.1904,57.4362,19.2148,15.8523
ONT,SJC,272,5,0.0184,535.9102,51.015,4.3296,4.5581
ONT,SLC,92,1,0.0109,898.0117,78.967,4.1319,1.0769
ONT,SMF,367,3,0.0082,626.0333,58.9918,3.7225,1.5412
ONT,STL,62,0,0.0,2489.649,188.9839,-0.0968,-1.2903
ORD,ABE,91,9,0.0989,1052.5084,83.8415,22.7805,25.6951
ORD,ABQ,62,1,0.0161,1799.2421,148.6557,9.6393,8.6557
ORD,ALB,210,3,0.0143,1163.5528,92.4396,14.971,16.3913
ORD,ANC,80,0,0.0,4580.1816,359.7375,16.05,12.9
ORD,ATL,841,45,0.0535,975.26,88.5088,10.804,10.9925
ORD,AUS,242,5,0.0207,1573.9345,130.3941,13.2447,9.411
ORD,AZO,149,10,0.0671,196.3395,24.6043,15.964,15.446
ORD,BDL,337,3,0.0089,1260.1132,98.2703,17.2246,17.1351
ORD,BMI,118,5,0.0424,186.6834,26.4779,12.5929,10.3894
ORD,BNA,124,2,0.0161,658.2201,61.8689,6.4098,4.5246
ORD,BOI,54,0,0.0,2312.6216,190.2407,22.5185,14.3148
ORD,BOS,814,67,0.0823,1395.2978,110.6011,15.8514,15.5904
ORD,BTR,56,2,0.0357,1303.5654,107.7778,19.0926,7.2037
ORD,BTV,90,1,0.0111,1227.9264,94.8876,21.9663,24.8539
ORD,BUF,270,2,0.0074,761.2178,64.1791,12.9478,13.694
ORD,BWI,335,3,0.009,1001.0095,85.9789,17.5271,19.6042
ORD,CHA,87,6,0.069,806.2793,70.0494,11.5926,10.2346
ORD,CID,278,14,0.0504,315.4306,33.9848,16.3598,12.7727
ORD,CLE,543,31,0.0571,508.5514,49.0039,14.5957,15.5988
ORD,CLT,537,36,0.067,963.9947,86.23,14.0878,19.232
ORD,CMH,455,24,0.0527,476.3646,47.7233,14.8329,16.2698
ORD,CMI,155,10,0.0645,217.2609,26.1448,18.2966,11.6414
ORD,COS,64,0,0.0,1466.1087,120.6094,21.9844,16.1094
ORD,CVG,518,31,0.0598,424.8658,48.0638,12.6653,14.1214
ORD,DAL,111,4,0.036,1284.2533,114.3551,2.3271,0.6636
ORD,DAY,299,20,0.0669,386.2416,40.7563,16.681,16.3011
ORD,DBQ,118,5,0.0424,236.573,27.9735,9.0354,4.7522
ORD,DCA,740,51,0.0689,984.9161,84.6569,11.3701,16.8695
ORD,DEN,715,12,0.0168,1429.0939,120.2325,12.0654,8.4394
ORD,DFW,961,114,0.1186,1290.6907,113.0947,9.2904,8.8178
ORD,DLH,88,3,0.0341,638.908,61.3294,16.9647,14.1412
ORD,DSM,365,18,0.0493,481.1927,47.2478,17.1729,14.8444
ORD,DTW,749,17,0.0227,378.1949,48.2145,12.4208,11.5533
ORD,ELP,92,2,0.0217,1989.1442,158.2444,16.0333,14.4556
ORD,EVV,144,6,0.0417,439.3498,43.4058,16.0072,12.7971
ORD,EWR,1036,94,0.0907,1157.1155,97.2487,15.0594,18.7001
ORD,FLL,245,5,0.0204,1902.2399,154.7208,11.2042,12.1458
ORD,FWA,123,11,0.0894,252.6664,29.0804,12.2946,9.0982
ORD,GEG,56,1,0.0179,2410.7913,199.6182,17.1818,11.5091
ORD,GRB,155,7,0.0452,280.0252,30.8311,12.5608,11.2973
ORD,GRR,433,25,0.0577,220.4796,26.9363,15.3137,15.5343
ORD,GSO,177,9,0.0508,949.5106,84.5952,18.6726,24.1548
ORD,GSP,122,10,0.082,928.5892,81.875,12.1607,13.2232
ORD,HNL,31,0,0.0,6828.4296,511.9,7.5161,11.4333
ORD,HPN,353,38,0.1076,1187.6929,100.7994,9.2603,11.2803
ORD,HSV,87,8,0.092,820.7634,70.4557,15.0,10.3797
ORD,IAD,304,10,0.0329,947.9013,80.4592,13.9116,14.881
ORD,IAH,585,30,0.0513,1488.6395,131.2477,10.8306,14.1392
ORD,ICT,90,4,0.0444,946.2919,82.5176,22.8372,19.2
ORD,IND,494,23,0.0466,284.8532,32.9681,16.2611,15.2574
ORD,JAC,4,0,0.0,1870.0531,152.25,16.0,17.5
ORD,JFK,4,0,0.0,1190.9116,91.75,45.5,31.75
ORD,LAS,398,2,0.005,2438.1501,194.5367,16.7854,14.2
ORD,LAX,928,28,0.0302,2808.2983,219.9822,14.6811,10.3882
ORD,LGA,1073,123,0.1146,1179.6462,99.5369,18.7053,27.4471
ORD,LSE,118,7,0.0593,346.0081,41.3784,10.973,8.2432
ORD,MCI,392,12,0.0306,648.564,60.791,17.25,13.2672
ORD,MCO,393,1,0.0025,1617.3867,129.9413,15.0306,14.6429
ORD,MDT,243,12,0.0494,955.948,78.8261,21.4026,21.513
ORD,MEM,273,14,0.0513,790.1859,75.1004,11.583,9.0656
ORD,MHT,99,1,0.0101,1356.6736,99.7857,20.1531,22.4082
ORD,MIA,392,2,0.0051,1926.38,152.5321,11.8385,9.2905
ORD,MKE,237,15,0.0633,107.8258,19.6532,13.027,11.1982
ORD,MQT,31,3,0.0968,487.63,48.3929,41.5,39.5357
ORD,MSN,212,18,0.0849,175.4181,26.1503,13.933,11.3731
ORD,MSP,1140,71,0.0623,537.5196,62.3452,10.5089,9.5136
ORD,MSY,160,0,0.0,1347.0176,109.6688,11.2625,11.6312
ORD,OAK,121,1,0.0083,2953.1389,240.2917,18.8167,19.0333
ORD,OKC,93,0,0.0,1115.2726,98.4946,8.4624,7.914
ORD,OMA,308,13,0.0422,669.4854,61.5729,16.7017,12.5627
ORD,ONT,62,1,0.0161,2735.878,220.1311,30.1639,25.7705
ORD,ORF,180,5,0.0278,1153.8968,101.1143,19.0514,21.9314
ORD,ORH,62,3,0.0484,1324.4868,106.7797,22.4407,10.6102
ORD,PBI,31,0,0.0,1841.085,144.2903,8.0,2.3871
ORD,PDX,261,1,0.0038,2798.6423,222.8538,15.4308,9.9846
ORD,PHL,873,75,0.0859,1091.1325,95.1901,15.0727,20.8048
ORD,PHX,499,7,0.014,2317.4496,187.1911,15.1809,12.1545
ORD,PIA,149,13,0.0872,209.2142,27.1544,12.9338,8.9044
ORD,PIT,569,24,0.0422,663.0481,61.4485,15.7945,19.4651
ORD,PSP,6,0,0.0,2658.6297,218.6667,2.1667,-9.3333
ORD,PVD,248,2,0.0081,1366.3297,107.5,18.6057,21.5569
ORD,PWM,148,3,0.0203,1448.406,109.6181,20.8276,16.9792
ORD,RDU,329,11,0.0334,1041.243,91.3585,11.3553,13.7862
ORD,RIC,207,12,0.058,1033.1963,91.768,18.7436,20.1289
ORD,RNO,93,0,0.0,2689.2071,214.5699,12.2903,5.5376
ORD,ROC,307,6,0.0195,849.7315,70.57,10.7508,11.8433
ORD,RST,124,4,0.0323,431.3031,46.275,13.8667,10.625
ORD,RSW,31,0,0.0,1802.4608,136.9355,1.4839,-5.2581
ORD,SAN,344,2,0.0058,2772.8928,219.2903,16.7807,13.2199
ORD,SAT,183,3,0.0164,1675.3229,142.2,12.4444,12.6889
ORD,SEA,510,9,0.0176,2769.6741,227.54,13.8743,9.826
ORD,SFO,740,30,0.0405,2970.8416,235.1958,18.7887,13.7535
ORD,SJC,387,8,0.0207,2943.4829,235.9446,14.343,12.8127
ORD,SJU,118,3,0.0254,3334.5525,254.7391,6.6957,7.8435
ORD,SLC,246,3,0.0122,2010.0657,168.1529,13.8272,9.5826
ORD,SMF,151,2,0.0132,2866.2345,233.6779,25.8658,22.5973
ORD,SNA,326,9,0.0276,2777.7208,220.9425,10.2587,6.2939
ORD,STL,629,18,0.0286,415.2097,49.6039,10.6809,11.4223
ORD,STT,5,0,0.0,3405.3634,264.4,-1.2,-7.0
ORD,SWF,124,7,0.0565,1149.0688,95.4655,15.4872,17.2672
ORD,SYR,183,1,0.0055,976.8694,77.8407,15.7912,14.6319
ORD,TOL,178,15,0.0843,344.3988,36.0245,17.2699,11.6933
ORD,TPA,216,2,0.0093,1628.6521,127.715,17.1636,14.8645
ORD,TUL,155,2,0.0129,941.4639,85.0263,11.4837,8.5461
ORD,TUS,93,0,0.0,2312.6216,185.4516,12.871,6.9032
ORD,TVC,182,6,0.033,360.4922,39.0682,18.2443,14.0511
ORD,TYS,83,1,0.012,764.4365,66.439,10.2683,9.9512
ORD,XNA,139,6,0.0432,840.0755,78.3538,17.5789,7.7769
ORF,ATL,272,0,0.0,830.4194,82.3971,2.5037,0.3824
ORF,BOS,93,5,0.0538,753.1711,70.4432,11.1818,5.3068
ORF,CLT,181,3,0.0166,466.7086,52.0281,4.8876,5.6124
ORF,CVG,60,3,0.05,780.5299,74.5088,-0.9474,-7.5965
ORF,DFW,93,0,0.0,1952.1294,164.7957,6.3011,6.2903
ORF,DTW,116,1,0.0086,851.3409,89.4696,3.9217,0.1652
ORF,EWR,67,0,0.0,457.0526,58.1493,17.6866,18.1194
ORF,IAH,57,0,0.0,1932.8173,163.9649,2.2456,2.4386
ORF,LGA,129,10,0.0775,476.3646,61.4454,19.4622,19.0252
ORF,ORD,180,9,0.05,1153.8968,109.3977,18.0409,14.5906
ORF,PHL,155,1,0.0065,339.5707,45.0927,14.8182,13.6026
ORF,PIT,93,1,0.0108,531.0822,64.1196,11.1196,10.9565
ORF,RIC,31,0,0.0,120.7005,20.1613,17.5161,17.871
ORF,STL,91,1,0.011,1261.7226,118.7667,0.1667,-3.2778
ORH,JFK,31,4,0.129,241.401,41.1111,13.6296,16.963
ORH,ORD,62,3,0.0484,1324.4868,123.7895,7.339,-22.2632
OTZ,ANC,29,6,0.2069,883.5277,77.8261,2.4348,5.3913
OTZ,OME,62,1,0.0161,294.5092,34.5424,20.082,16.2542
PBI,ATL,276,2,0.0072,877.0903,82.5458,4.4781,2.2271
PBI,BDL,96,1,0.0104,1823.3822,153.4894,16.2421,12.8085
PBI,BNA,62,0,0.0,1219.8797,107.2097,1.0,-4.8065
PBI,BOS,149,2,0.0134,1926.38,166.5068,7.9932,2.1986
PBI,BWI,93,1,0.0108,1421.0472,128.0667,9.9891,1.7333
PBI,CLE,31,0,0.0,1641.5268,141.1613,-0.3226,-2.5161
PBI,CLT,152,0,0.0,949.5106,93.2829,2.6842,0.8947
PBI,CVG,62,0,0.0,1435.5313,123.5,5.2581,1.3387
PBI,DCA,93,1,0.0108,1379.2044,120.75,-2.4239,0.413
PBI,DFW,124,5,0.0403,1775.102,149.3361,1.1765,2.1008
PBI,DTW,62,0,0.0,1749.3526,149.7903,-2.6774,-5.6452
PBI,EWR,216,1,0.0046,1647.9642,145.9531,23.3209,21.0516
PBI,IAH,59,1,0.0169,1538.529,130.2069,7.0345,8.7414
PBI,LGA,186,5,0.0269,1665.6669,150.1798,16.221,17.3933
PBI,MCO,93,0,0.0,228.5263,31.6237,2.7097,1.0323
PBI,ORD,31,0,0.0,1841.085,161.0345,5.5806,0.8276
PBI,PHL,93,1,0.0108,1530.4823,137.8571,1.6196,8.9231
PBI,PIT,62,1,0.0161,1532.0917,132.2459,-1.9672,-4.2623
PBI,STL,5,0,0.0,1646.3548,137.8,0.0,-7.2
PBI,TPA,217,3,0.0138,280.0252,33.6526,1.4439,-7.4695
PDX,ABQ,31,0,0.0,1787.9767,135.4516,0.6129,-11.5806
PDX,ANC,89,1,0.0112,2481.6023,198.4545,14.1932,6.0682
PDX,ATL,93,0,0.0,3495.4865,253.3226,5.828,8.4839
PDX,BOI,92,0,0.0,553.613,49.8152,5.9022,2.5326
PDX,BUR,93,0,0.0,1314.8308,110.3226,8.6344,5.828
PDX,CVG,92,0,0.0,3178.4465,232.2717,-1.6522,-7.3913
PDX,DEN,262,3,0.0115,1596.4653,122.4903,6.0425,4.284
PDX,DFW,186,0,0.0,2600.6934,194.0601,4.828,6.3607
PDX,DTW,83,1,0.012,3143.041,228.4878,5.7561,5.122
PDX,EWR,53,0,0.0,3915.5242,289.8302,0.8679,2.4528
PDX,GEG,123,0,0.0,449.0059,42.6423,4.6829,0.1382
PDX,IAD,56,0,0.0,3744.9342,264.3455,7.375,0.7091
PDX,IAH,90,0,0.0,2937.0455,221.5,3.9667,-4.6333
PDX,JFK,31,0,0.0,3949.3204,292.2333,-0.3871,9.7333
PDX,LAS,152,0,0.0,1226.3171,105.6316,7.9868,2.6974
PDX,LAX,441,6,0.0136,1342.1896,117.0691,8.0644,4.1843
PDX,MCI,31,0,0.0,2383.4325,176.6774,0.4516,-10.6452
PDX,MSP,168,0,0.0,2294.9188,172.2143,2.4821,0.3333
PDX,OAK,331,2,0.006,873.8716,82.6778,7.6079,6.152
PDX,ONT,89,0,0.0,1348.6269,114.7416,7.618,5.4944
PDX,ORD,292,2,0.0068,2798.6423,206.7805,11.8621,12.2369
PDX,PHX,333,7,0.021,1623.8241,134.0828,5.5061,0.589
PDX,RNO,94,0,0.0,714.547,62.8191,7.9681,3.2979
PDX,SAN,154,2,0.013,1501.5142,124.7297,11.9145,8.1892
PDX,SEA,65,3,0.0462,207.6049,33.4194,11.8871,14.871
PDX,SFO,481,13,0.027,885.137,84.9075,13.6004,10.9269
PDX,SJC,438,8,0.0183,915.7145,86.6349,5.0116,4.3
PDX,SLC,215,1,0.0047,1013.8842,84.9014,3.8925,0.4742
PDX,SMF,155,0,0.0,770.8739,68.3677,3.9032,-0.5742
PDX,SNA,93,3,0.0323,1382.4231,123.8556,4.2,-2.8444
PDX,STL,148,0,0.0,2748.7527,207.8041,1.1824,0.1014
PHL,ALB,155,2,0.0129,341.1801,43.3595,11.902,12.6144
PHL,ATL,622,28,0.045,1070.2111,98.2563,9.0488,8.9612
PHL,AVP,31,2,0.0645,168.9807,25.0345,34.1379,28.5172
PHL,BDL,179,1,0.0056,315.4306,40.1124,5.8034,5.927
PHL,BNA,93,2,0.0215,1086.3045,101.4725,6.2418,3.8901
PHL,BOS,694,71,0.1023,450.6152,54.2713,11.6148,8.9165
PHL,BTV,124,4,0.0323,540.7382,55.6083,9.9,8.475
PHL,BUF,155,5,0.0323,449.0059,49.42,16.0333,18.56
PHL,BWI,96,3,0.0312,144.8406,24.1828,12.6237,6.6774
PHL,CLE,174,6,0.0345,584.1904,61.5536,7.5298,3.506
PHL,CLT,332,6,0.0181,720.9843,69.1748,9.4785,11.4816
PHL,CMH,114,7,0.0614,651.7827,66.2336,9.4299,7.5794
PHL,CVG,122,13,0.1066,815.9354,76.7248,4.6514,-0.367
PHL,DAY,27,2,0.0741,767.6552,72.24,12.52,13.2
PHL,DCA,155,2,0.0129,191.5115,28.1645,13.2418,9.1711
PHL,DEN,237,3,0.0127,2505.7424,209.2821,18.1453,12.9658
PHL,DFW,367,20,0.0545,2095.3607,172.2093,6.4986,9.1047
PHL,DTW,363,19,0.0523,729.031,75.8372,7.7006,13.8663
PHL,FLL,191,1,0.0052,1596.4653,138.4632,18.5737,21.1737
PHL,GSO,124,5,0.0403,587.4091,60.6975,10.1176,13.2269
PHL,GSP,31,6,0.1935,827.2008,78.0,20.16,17.84
PHL,IAD,80,4,0.05,215.6516,33.0132,19.4737,17.1579
PHL,IAH,265,0,0.0,2130.7662,179.7557,6.2151,5.4046
PHL,IND,173,11,0.0636,944.6826,89.8704,7.784,11.6975
PHL,JAX,94,0,0.0,1194.1303,102.9681,10.9255,7.3085
PHL,LAS,127,1,0.0079,3501.9238,277.0397,18.7937,6.7302
PHL,LAX,266,0,0.0,3864.0253,304.0717,17.094,15.2264
PHL,LGA,31,0,0.0,154.4966,28.0968,15.5161,13.871
PHL,MCI,89,4,0.0449,1670.4949,145.25,7.2353,5.5119
PHL,MCO,277,4,0.0144,1385.6417,117.1648,16.8718,15.2234
PHL,MEM,87,3,0.0345,1406.5632,123.6867,-0.5119,1.4337
PHL,MHT,155,1,0.0065,466.7086,51.5779,7.8442,4.9091
PHL,MIA,186,1,0.0054,1630.2614,135.6141,15.2757,12.1087
PHL,MSP,273,15,0.0549,1577.1532,142.8093,11.5504,7.8638
PHL,MSY,65,1,0.0154,1750.9619,151.125,15.0781,11.25
PHL,MYR,5,0,0.0,761.2178,70.8,-2.2,-3.0
PHL,ORD,874,78,0.0892,1091.1325,104.3752,16.2626,19.7947
PHL,ORF,155,5,0.0323,339.5707,39.0933,14.6667,11.7733
PHL,PBI,93,1,0.0108,1530.4823,130.25,15.5217,19.7391
PHL,PHX,183,2,0.0109,3339.3805,267.6575,11.9337,6.7845
PHL,PIT,377,17,0.0451,429.6938,46.0694,14.475,18.9139
PHL,PVD,155,1,0.0065,383.0229,44.3701,15.0,16.6623
PHL,PWM,155,8,0.0516,587.4091,57.4286,10.5034,12.3333
PHL,RDU,241,9,0.0373,540.7382,56.1609,12.8405,8.3739
PHL,RIC,186,22,0.1183,318.6493,40.6098,8.5122,5.0
PHL,ROC,155,7,0.0452,413.6004,46.1419,9.1351,4.4324
PHL,RSW,67,1,0.0149,1596.4653,141.8333,12.8485,11.5606
PHL,SAN,91,0,0.0,3812.5265,301.6,16.2857,11.6111
PHL,SDF,8,0,0.0,926.9798,89.0,32.75,21.0
PHL,SEA,123,1,0.0081,3827.0105,314.4754,19.0902,12.6885
PHL,SFO,244,2,0.0082,4057.1461,322.3802,13.9215,8.7438
PHL,SJU,133,2,0.015,2536.3198,204.5954,11.9313,5.7786
PHL,SLC,62,0,0.0,3099.5888,253.8387,7.1129,-0.5645
PHL,STL,237,12,0.0506,1308.3934,118.4267,9.3022,12.9156
PHL,STT,31,0,0.0,2582.9907,209.5161,14.4516,6.4194
PHL,SYR,124,9,0.0726,366.9295,42.6435,6.9304,7.7826
PHL,TPA,217,0,0.0,1480.5928,128.7972,11.4101,13.3687
PHX,ABQ,554,4,0.0072,527.8635,47.5818,7.9382,4.2582
PHX,ANC,25,0,0.0,4105.4263,312.48,1.64,1.76
PHX,ATL,362,15,0.0414,2554.0226,189.951,5.0,0.9568
PHX,AUS,272,2,0.0074,1403.3445,112.8773,6.8,0.8327
PHX,BDL,31,0,0.0,3561.4694,258.8387,5.9355,15.3226
PHX,BHM,31,0,0.0,2341.5897,171.7742,5.0968,-13.7742
PHX,BNA,92,0,0.0,2330.3243,172.6522,2.8043,-7.4457
PHX,BOI,59,0,0.0,1182.8649,105.0,4.8644,12.4746
PHX,BOS,92,5,0.0543,3701.482,274.6552,17.5057,20.6207
PHX,BUF,31,0,0.0,3077.0581,222.1613,5.8065,-3.2903
PHX,BUR,357,7,0.0196,593.8465,65.5514,5.9914,3.3114
PHX,BWI,248,2,0.0081,3217.0707,237.6885,16.6748,10.6434
PHX,CLE,103,0,0.0,2795.4236,208.598,3.9126,1.951
PHX,CLT,62,0,0.0,2854.9692,209.5161,-3.3065,-7.871
PHX,CMH,129,2,0.0155,2689.2071,198.5906,21.5039,19.0157
PHX,COS,87,2,0.023,886.7463,79.4,14.2824,16.3176
PHX,CVG,99,3,0.0303,2525.0545,187.8298,0.0938,-1.0319
PHX,DCA,62,1,0.0161,3184.8839,234.2,16.0492,16.4667
PHX,DEN,524,14,0.0267,968.8227,84.0216,6.9333,4.5639
PHX,DFW,534,15,0.0281,1396.9071,115.8514,5.1349,3.0927
PHX,DTW,248,0,0.0,2689.2071,202.9113,8.1976,6.7903
PHX,ELP,346,1,0.0029,558.441,51.2435,8.5739,5.7159
PHX,EWR,261,4,0.0153,3432.7222,258.9451,10.8249,11.6196
PHX,FLL,30,0,0.0,3173.6185,244.0333,10.4,11.8667
PHX,GEG,61,0,0.0,1641.5268,136.5738,6.7705,14.3115
PHX,HOU,180,0,0.0,1641.5268,129.6313,10.6,1.1229
PHX,IAD,31,0,0.0,3147.869,229.2,-0.6774,-10.9667
PHX,IAH,304,0,0.0,1623.8241,134.0561,11.875,8.1914
PHX,ICT,57,0,0.0,1400.1258,114.4211,6.5263,6.6316
PHX,IND,93,1,0.0108,2396.3073,179.0217,12.0652,7.1413
PHX,JFK,124,2,0.0161,3464.909,262.5738,11.6148,14.4918
PHX,LAS,1081,21,0.0194,411.991,44.8679,8.8887,9.1104
PHX,LAX,1302,49,0.0376,595.4558,57.6361,9.1014,4.7749
PHX,LGB,140,6,0.0429,571.3157,55.709,7.5299,5.5373
PHX,LIT,31,0,0.0,1828.2102,142.0,13.0968,7.9355
PHX,MCI,300,5,0.0167,1680.151,131.8878,4.9763,-0.8231
PHX,MCO,93,4,0.043,2974.0603,226.3483,15.5843,6.1236
PHX,MDW,93,0,0.0,2323.887,173.5161,5.6559,-4.6237
PHX,MEM,31,0,0.0,2032.5964,157.0968,-2.3871,0.0
PHX,MIA,30,0,0.0,3173.6185,244.9667,13.7,7.6333
PHX,MKE,62,0,0.0,2349.6364,179.129,5.8548,15.5161
PHX,MSP,303,4,0.0132,2053.5178,159.1879,4.9064,5.651
PHX,MSY,116,0,0.0,2093.7513,162.9741,8.9914,-0.9569
PHX,OAK,358,3,0.0084,1039.6336,96.0845,6.2197,6.3183
PHX,OKC,98,0,0.0,1340.5802,105.8776,11.2449,3.551
PHX,OMA,185,0,0.0,1668.8856,130.4811,9.4541,5.4703
PHX,ONT,603,4,0.0066,523.0355,49.3562,7.6778,6.1221
PHX,ORD,498,4,0.008,2317.4496,175.9817,13.6417,11.6334
PHX,PDX,334,8,0.024,1623.8241,138.8712,6.9356,5.3313
PHX,PHL,184,0,0.0,3339.3805,251.3716,5.4022,6.0874
PHX,PIT,124,0,0.0,2917.7334,211.7317,-1.4919,-8.122
PHX,PVD,62,0,0.0,3664.4672,263.3226,4.5645,-16.0161
PHX,RNO,244,0,0.0,967.2133,87.1926,8.2418,6.7008
PHX,SAN,745,7,0.0094,489.2394,48.9606,9.5014,7.7201
PHX,SAT,215,3,0.014,1356.6736,107.4245,8.3538,4.6226
PHX,SDF,31,0,0.0,2423.666,181.871,9.6452,-4.871
PHX,SEA,426,4,0.0094,1781.5394,152.4858,14.0024,15.8294
PHX,SFO,390,8,0.0205,1047.6803,96.9738,15.7565,13.3176
PHX,SJC,452,8,0.0177,999.4001,92.1059,8.6419,7.0495
PHX,SLC,476,1,0.0021,815.9354,72.9705,7.1663,8.1137
PHX,SMF,332,1,0.003,1041.243,95.0152,11.0242,7.4
PHX,SNA,327,3,0.0092,543.9569,53.8827,5.7778,5.2346
PHX,STL,450,3,0.0067,2030.9871,156.8386,9.6398,4.9484
PHX,TPA,68,0,0.0,2877.4999,218.9412,5.3676,-2.7794
PHX,TUL,98,0,0.0,1504.7329,118.8878,8.2347,-1.1939
PHX,TUS,383,18,0.047,177.0274,24.611,4.8438,3.8603
PIA,ORD,149,12,0.0805,209.2142,29.0657,6.7372,5.0876
PIT,ABE,124,4,0.0323,407.163,42.0252,7.2583,7.4454
PIT,ALB,124,1,0.0081,590.6278,55.1057,10.2358,7.6179
PIT,ATL,330,3,0.0091,846.5128,80.6086,6.5015,7.367
PIT,AVP,93,1,0.0108,391.0696,41.6413,17.4348,17.4565
PIT,BDL,154,1,0.0065,653.392,61.6645,6.5686,4.8882
PIT,BNA,124,1,0.0081,743.5151,73.0407,9.7967,11.6179
PIT,BOS,246,7,0.0285,798.2326,73.4351,12.0962,10.6485
PIT,BTV,31,0,0.0,730.6404,59.0645,14.4194,5.5161
PIT,BUF,124,0,0.0,299.3372,33.9113,14.4919,10.8065
PIT,BWI,238,4,0.0168,337.9614,43.0172,11.5043,13.9356
PIT,CAK,87,1,0.0115,112.6538,18.2442,8.8721,5.5465
PIT,CLT,419,19,0.0453,589.0184,61.965,9.185,11.605
PIT,CMH,154,2,0.013,231.745,29.6711,7.4474,6.3158
PIT,CRW,93,2,0.0215,263.9318,30.1209,7.8791,6.2967
PIT,CVG,58,1,0.0172,411.991,44.0351,-2.2281,-2.1228
PIT,DAY,98,1,0.0102,346.0081,39.0206,7.0206,8.9381
PIT,DCA,186,6,0.0323,329.9147,38.55,6.6611,5.9944
PIT,DEN,152,0,0.0,2076.0486,171.5921,8.8684,1.0855
PIT,DFW,240,4,0.0167,1718.7751,145.7754,5.2627,4.1653
PIT,DTW,245,6,0.0245,323.4773,41.4268,4.0921,2.3556
PIT,ELM,57,0,0.0,334.7427,37.4211,5.4211,4.807
PIT,ERI,124,2,0.0161,175.4181,23.3689,6.4918,1.459
PIT,EWR,269,16,0.0595,513.3795,59.502,12.9881,13.3399
PIT,FLL,95,1,0.0105,1599.684,135.8191,12.7234,10.5106
PIT,GRR,62,0,0.0,513.3795,52.6129,3.7581,-0.3226
PIT,GSO,62,1,0.0161,489.2394,50.0492,11.5082,12.6393
PIT,HPN,56,2,0.0357,555.2223,62.2593,4.7037,2.3889
PIT,IAD,31,0,0.0,294.5092,33.8387,12.7742,10.2258
PIT,IAH,202,1,0.005,1797.6328,158.4293,7.1194,12.899
PIT,IND,155,2,0.0129,523.0355,53.9211,10.2484,14.1908
PIT,ITH,80,1,0.0125,384.6323,41.1282,5.0253,3.5128
PIT,JFK,118,12,0.1017,547.1756,82.3396,20.8396,20.8679
PIT,LAS,93,0,0.0,3073.8394,244.4839,6.4086,3.1398
PIT,LAX,154,2,0.013,3437.5502,271.6184,16.3355,14.8487
PIT,LEX,62,1,0.0161,465.0993,51.541,8.7049,10.2459
PIT,LGA,311,16,0.0514,539.1289,58.034,10.5661,11.0272
PIT,MCI,123,2,0.0163,1244.0198,110.85,17.5868,16.5417
PIT,MCO,250,2,0.008,1342.1896,111.7935,8.8347,11.4818
PIT,MDT,124,5,0.0403,297.7279,34.0168,6.2689,5.4706
PIT,MHT,93,0,0.0,780.5299,66.3226,6.0968,2.9247
PIT,MIA,93,0,0.0,1630.2614,138.957,7.2581,9.9355
PIT,MKE,118,1,0.0085,693.6255,69.6325,9.2222,9.6838
PIT,MSP,180,0,0.0,1168.3808,108.2905,3.6333,-2.2737
PIT,MSY,58,1,0.0172,1477.3741,128.0526,4.7368,8.9474
PIT,MYR,5,0,0.0,766.0458,69.6,-1.6,-1.2
PIT,ORD,563,27,0.048,663.0481,68.0037,14.3209,13.1084
PIT,ORF,88,0,0.0,531.0822,61.875,4.7955,7.6818
PIT,PBI,62,0,0.0,1532.0917,125.9516,8.9355,4.3871
PIT,PHL,363,9,0.0248,429.6938,49.6864,12.0254,17.0678
PIT,PHX,124,0,0.0,2917.7334,233.4274,7.1371,4.5242
PIT,PVD,124,1,0.0081,751.5618,70.1138,10.3496,10.626
PIT,PWM,62,0,0.0,893.1837,73.2742,9.9032,9.6129
PIT,RDU,118,0,0.0,527.8635,56.2034,5.7373,10.4322
PIT,RIC,89,2,0.0225,416.8191,50.4483,3.2759,4.9195
PIT,ROA,62,1,0.0161,352.4455,40.3443,3.4262,4.7377
PIT,ROC,124,3,0.0242,360.4922,38.6446,4.0248,1.6446
PIT,RSW,62,0,0.0,1554.6224,130.7258,3.4839,6.1129
PIT,SAN,92,0,0.0,3389.27,267.1319,19.3043,13.7033
PIT,SBN,62,0,0.0,527.8635,54.1774,0.4677,1.2419
PIT,SDF,117,1,0.0085,539.1289,58.5259,8.4914,9.4052
PIT,SEA,124,0,0.0,3419.8475,280.5403,10.871,7.0081
PIT,SFO,151,1,0.0066,3627.4524,290.2568,12.0,9.1959
PIT,SJU,15,0,0.0,2798.6423,225.2308,1.5333,-1.2308
PIT,SNA,62,0,0.0,3403.7541,268.5161,2.2258,0.0323
PIT,STL,261,8,0.0307,889.965,84.6008,1.5968,1.6285
PIT,SYR,124,1,0.0081,449.0059,44.8455,5.7805,4.3171
PIT,TPA,155,0,0.0,1404.9538,117.4903,9.8839,12.2903
PNS,ATL,213,5,0.0235,437.7405,48.0769,0.8173,-1.5769
PNS,CLT,124,0,0.0,785.3579,74.4032,0.9516,1.0806
PNS,IAH,60,1,0.0167,786.9673,73.6441,2.5593,4.1356
PNS,JAN,30,1,0.0333,341.1801,36.9655,-7.2069,-4.4138
PNS,MSY,29,0,0.0,299.3372,35.069,-7.1379,-4.2759
PSC,GEG,31,0,0.0,193.1208,23.2903,12.3871,12.8065
PSC,SLC,60,0,0.0,838.4661,69.9333,3.1667,-0.75
PSG,JNU,31,0,0.0,197.9488,28.7333,39.0645,39.2333
PSG,WRG,31,4,0.129,49.8895,13.0741,23.2222,27.1111
PSP,DFW,37,0,0.0,1812.1168,145.7027,-1.2432,-3.7297
PSP,LAX,288,11,0.0382,177.0274,31.6968,3.7653,2.7509
PSP,ORD,6,0,0.0,2658.6297,199.6667,2.6667,-1.5
PSP,SEA,2,0,0.0,1588.4186,135.5,-7.0,-7.5
PSP,SFO,62,0,0.0,677.5321,67.2581,9.5645,12.4194
PVD,ATL,123,0,0.0,1453.234,131.9024,8.065,6.252
PVD,BNA,62,0,0.0,1459.6714,134.8871,11.8226,6.2742
PVD,BWI,493,5,0.0101,527.8635,60.4086,13.1742,10.5421
PVD,CLT,124,3,0.0242,1099.1792,103.0165,6.8347,10.7273
PVD,CVG,61,0,0.0,1161.9435,108.082,7.1639,1.6721
PVD,DCA,118,3,0.0254,574.5344,67.0965,1.0957,2.9474
PVD,DTW,152,0,0.0,988.1348,93.0987,0.5461,-5.7434
PVD,EWR,92,0,0.0,257.4944,43.8587,16.0109,17.2391
PVD,FLL,31,1,0.0323,1911.8959,166.4333,-0.2,-4.8
PVD,IAH,26,0,0.0,2508.9611,216.8077,-2.5769,3.3462
PVD,ISP,113,1,0.0088,173.8087,24.3214,6.9554,1.9196
PVD,JFK,155,7,0.0452,231.745,36.8716,6.8446,2.4932
PVD,LGA,180,25,0.1389,230.1356,39.1871,21.6452,13.2323
PVD,MCI,31,0,0.0,1985.9256,170.6452,1.6129,-5.3226
PVD,MCO,160,0,0.0,1726.8218,146.044,9.3125,1.3145
PVD,MDW,92,0,0.0,1355.0643,124.7033,13.2065,9.033
PVD,ORD,248,1,0.004,1366.3297,126.6382,12.6599,10.6016
PVD,PHL,154,3,0.0195,383.0229,57.94,10.7219,15.7867
PVD,PHX,62,0,0.0,3664.4672,304.4262,7.0161,-0.377
PVD,PIT,124,0,0.0,751.5618,75.4516,6.3145,7.4435
PVD,TPA,62,0,0.0,1829.8196,160.7213,4.1774,1.7213
PWM,ATL,61,0,0.0,1652.7922,142.55,3.8033,-2.25
PWM,BOS,211,16,0.0758,152.8873,28.2513,9.7487,6.9538
PWM,CVG,91,0,0.0,1303.5654,116.6667,7.4725,5.5333
PWM,DTW,83,1,0.012,1075.0391,100.4146,3.3902,-5.6951
PWM,EWR,26,0,0.0,457.0526,63.3846,11.0385,20.6923
PWM,LGA,149,17,0.1141,434.5218,54.9621,18.1591,11.9015
PWM,MHT,24,0,0.0,120.7005,20.75,16.0,15.5
PWM,ORD,123,2,0.0163,1448.406,131.7731,19.0744,13.8739
PWM,PHL,124,4,0.0323,587.4091,73.3917,8.7333,12.4583
PWM,PIT,93,1,0.0108,893.1837,86.3043,6.9239,9.1739
RAP,MSP,144,0,0.0,788.5766,72.4653,-0.6597,0.5833
RDR,MSP,6,0,0.0,469.9273,47.3333,-5.1667,-11.8333
RDU,ATL,302,5,0.0166,572.925,56.9933,2.8754,0.6936
RDU,AUS,61,0,0.0,1870.0531,153.8667,6.5082,3.9
RDU,BNA,154,1,0.0065,712.9376,67.4314,14.9346,9.7908
RDU,BOS,76,6,0.0789,984.9161,89.9714,10.2286,-5.7
RDU,BWI,154,0,0.0,410.3817,44.5584,7.9481,5.5974
RDU,CLT,272,6,0.0221,209.2142,30.7256,5.6466,6.3308
RDU,CVG,91,1,0.011,627.6426,67.7111,2.7222,2.6444
RDU,DCA,52,1,0.0192,365.3202,40.8627,-1.8824,-2.5294
RDU,DFW,273,1,0.0037,1709.1191,145.6618,11.6176,9.3088
RDU,DTW,150,2,0.0133,806.2793,85.6622,4.1689,2.1757
RDU,EWR,170,8,0.0471,669.4854,69.5988,16.6235,17.6605
RDU,IAH,95,1,0.0105,1678.5416,144.1075,3.3085,3.4516
RDU,JFK,181,8,0.0442,685.5788,97.4104,17.8324,13.2543
RDU,LAS,5,0,0.0,3262.1322,261.8,0.0,-16.2
RDU,LGA,233,16,0.0687,693.6255,69.4533,21.1613,17.7009
RDU,MCI,31,0,0.0,1454.8434,130.5161,0.5484,-4.1613
RDU,MCO,31,0,0.0,859.3876,78.7419,12.0,8.7419
RDU,MDW,93,0,0.0,1017.1029,97.2065,8.0645,1.4457
RDU,MEM,90,2,0.0222,1020.3216,96.0682,3.0909,2.9318
RDU,MIA,62,0,0.0,1126.538,99.5806,5.6452,4.5
RDU,MSP,93,0,0.0,1578.7625,143.0645,-0.4624,-5.0538
RDU,ORD,330,13,0.0394,1041.243,101.1529,9.5047,7.3153
RDU,PHL,242,6,0.0248,540.7382,62.0085,17.4788,16.2298
RDU,PIT,117,2,0.0171,527.8635,61.0174,9.2261,13.9565
RDU,STL,117,0,0.0,1073.4298,102.8291,0.3248,-3.547
RDU,TPA,62,0,0.0,944.6826,85.8548,12.4194,5.7258
RIC,ATL,272,11,0.0404,774.0925,75.7308,1.2605,-1.1962
RIC,BOS,119,6,0.0504,762.8272,70.3805,7.0354,1.9204
RIC,CLT,248,4,0.0161,411.991,46.8115,1.7951,2.1311
RIC,CVG,59,1,0.0169,664.6574,67.5345,2.5172,-2.2069
RIC,DFW,93,2,0.0215,1863.6157,157.8242,4.3956,5.5714
RIC,DTW,113,3,0.0265,733.859,78.2182,7.2,4.5727
RIC,EWR,45,1,0.0222,447.3965,53.7273,23.2727,33.7727
RIC,IAH,29,1,0.0345,1862.0064,155.6071,-1.75,-5.0
RIC,LGA,103,10,0.0971,469.9273,53.4239,15.1183,11.7391
RIC,ORD,207,12,0.058,1033.1963,101.6769,12.1795,8.0205
RIC,ORF,60,5,0.0833,120.7005,20.2727,21.0727,21.8545
RIC,PHL,186,13,0.0699,318.6493,42.814,4.0694,8.3314
RIC,PIT,89,3,0.0337,416.8191,56.593,-0.3023,0.907
RIC,STL,60,0,0.0,1150.6781,108.5667,6.6333,2.2
RNO,BOI,87,0,0.0,539.1289,48.8621,6.1724,4.9425
RNO,DEN,67,0,0.0,1293.9094,102.6716,15.6119,10.8507
RNO,DFW,123,1,0.0081,2164.5623,164.7025,10.8934,12.0744
RNO,IAH,31,0,0.0,2462.2902,193.8667,8.6774,4.7
RNO,LAS,332,0,0.0,555.2223,53.3193,5.2771,2.8193
RNO,LAX,306,3,0.0098,627.6426,62.9703,8.637,6.1452
RNO,MSP,62,0,0.0,2262.732,170.4032,-3.6129,-3.9839
RNO,OAK,210,1,0.0048,289.6812,36.0574,4.6699,2.9187
RNO,ORD,93,0,0.0,2689.2071,200.8261,9.1505,8.5109
RNO,PDX,94,0,0.0,714.547,66.1915,13.5532,10.7872
RNO,PHX,244,0,0.0,967.2133,83.7951,1.4959,-4.5164
RNO,SEA,177,0,0.0,907.6678,85.1356,18.2655,18.5254
RNO,SFO,123,0,0.0,308.9933,45.2295,15.5041,13.0738
RNO,SJC,185,1,0.0054,302.5559,42.2951,5.9402,3.9781
RNO,SLC,62,0,0.0,679.1415,61.371,10.4516,7.1613
ROA,CLT,87,5,0.0575,249.4477,33.1585,-2.7927,0.2683
ROA,PIT,93,4,0.043,352.4455,42.7865,-0.2584,-1.4045
ROC,ATL,91,3,0.033,1205.3957,104.3864,-0.8636,-7.3636
ROC,BOS,108,11,0.1019,552.0036,76.0825,14.5876,10.5155
ROC,CLT,62,0,0.0,922.1518,90.3871,2.9839,5.5645
ROC,DCA,93,5,0.0538,476.3646,52.7356,-0.8182,-1.931
ROC,DTW,84,1,0.0119,476.3646,52.2048,-1.012,-0.9277
ROC,IAD,31,0,0.0,465.0993,51.871,5.871,7.6774
ROC,JFK,143,6,0.042,424.8658,73.7794,16.3139,17.1765
ROC,LGA,109,6,0.055,408.7724,49.7723,6.4078,3.3465
ROC,MCO,5,0,0.0,1662.4482,137.8,-3.4,-12.6
ROC,ORD,332,7,0.0211,849.7315,82.9286,11.4462,9.6211
ROC,PHL,155,7,0.0452,413.6004,57.6054,7.1892,7.7891
ROC,PIT,124,5,0.0403,360.4922,42.2689,0.5798,0.4874
ROC,SYR,31,0,0.0,127.1379,20.871,-2.6129,-5.0
RST,MSP,58,1,0.0172,122.3098,23.0,2.0175,-1.4386
RST,ORD,124,4,0.0323,431.3031,47.4583,5.2917,5.3417
RSW,ATL,246,1,0.0041,828.8101,80.551,1.1796,-1.0041
RSW,BOS,92,3,0.0326,2010.0657,168.7528,7.8652,7.2472
RSW,BWI,31,0,0.0,1478.9835,128.2581,0.9355,-7.5161
RSW,CLE,44,2,0.0455,1649.5735,137.4524,-4.6429,-8.6429
RSW,CLT,153,1,0.0065,965.604,90.8684,-1.0132,1.3158
RSW,CMH,31,1,0.0323,1496.6862,126.4667,-3.4,-5.2
RSW,CVG,59,0,0.0,1414.6099,119.4746,1.0847,-0.1864
RSW,DTW,62,0,0.0,1746.1339,145.7581,17.8871,18.3387
RSW,EWR,153,7,0.0458,1718.7751,152.8028,21.9247,26.0915
RSW,IAH,35,0,0.0,1385.6417,121.9429,-3.4286,-1.0286
RSW,IND,30,0,0.0,1522.4356,130.0667,4.7333,10.6667
RSW,LGA,62,3,0.0484,1738.0872,151.2456,34.6949,28.7368
RSW,MIA,155,9,0.0581,168.9807,30.6233,-1.7534,-4.5137
RSW,MSP,3,0,0.0,2278.8254,181.3333,2.0,-9.3333
RSW,ORD,31,0,0.0,1802.4608,151.5161,3.3548,2.6129
RSW,PHL,67,0,0.0,1596.4653,136.8209,1.3134,-1.2239
RSW,PIT,62,0,0.0,1554.6224,131.1129,-3.6774,-3.5161
RSW,STL,66,0,0.0,1575.5439,133.6818,0.197,-0.8182
SAN,ABQ,124,0,0.0,1010.6655,82.7097,6.6532,4.4194
SAN,ATL,154,0,0.0,3043.2619,223.2338,3.1494,0.8961
SAN,AUS,61,0,0.0,1873.2718,142.9016,9.6066,1.2623
SAN,BNA,62,0,0.0,2817.9543,210.2419,11.3548,-1.0806
SAN,BOS,62,2,0.0323,4164.9719,304.9167,2.25,-0.3667
SAN,CLT,91,0,0.0,3342.5992,241.6484,0.7912,-4.6154
SAN,CVG,71,0,0.0,3001.4191,219.4648,3.0563,-1.7042
SAN,DEN,229,2,0.0087,1372.767,113.6133,6.0837,11.12
SAN,DFW,368,8,0.0217,1884.5371,150.4373,5.9278,8.0641
SAN,DTW,62,0,0.0,3149.4784,240.1774,0.8226,2.5161
SAN,ELP,62,0,0.0,1023.5402,84.2581,5.5,4.5323
SAN,EWR,114,0,0.0,3902.6495,289.0702,4.5351,5.0702
SAN,IAD,90,1,0.0111,3625.843,260.8276,8.2584,7.0345
SAN,IAH,151,0,0.0,2096.97,167.6623,7.7219,6.6159
SAN,JFK,119,2,0.0168,3936.4456,296.3707,0.9145,2.2931
SAN,LAS,502,9,0.0179,415.2097,48.7241,7.8337,6.6288
SAN,LAX,1090,51,0.0468,175.4181,29.6554,1.6641,0.3811
SAN,MCI,31,0,0.0,2145.2502,164.8276,20.4194,9.6552
SAN,MEM,31,0,0.0,2521.8358,188.2,7.6452,4.6
SAN,MSP,123,0,0.0,2465.5089,192.6504,2.1138,6.4065
SAN,MSY,31,0,0.0,2573.3347,189.9355,0.1613,-11.6452
SAN,OAK,454,1,0.0022,717.7656,65.0839,9.8543,9.7439
SAN,ORD,344,2,0.0058,2772.8928,209.8964,8.8655,8.784
SAN,PDX,154,2,0.013,1501.5142,124.6053,9.8026,14.2171
SAN,PHL,91,0,0.0,3812.5265,281.625,2.9341,1.2159
SAN,PHX,725,6,0.0083,489.2394,51.121,7.0389,6.1627
SAN,PIT,93,1,0.0108,3389.27,245.5435,5.663,5.9239
SAN,SEA,269,1,0.0037,1689.807,142.6716,17.7201,24.3134
SAN,SFO,428,6,0.014,719.375,65.1555,19.7014,16.3804
SAN,SJC,449,2,0.0045,671.0948,60.6242,8.3266,9.4519
SAN,SLC,154,3,0.0195,1007.4468,87.4636,8.4834,7.6623
SAN,SMF,357,4,0.0112,772.4832,69.4759,6.7082,6.0623
SAN,STL,124,0,0.0,2507.3517,193.629,-0.3145,0.5161
SAN,TUS,93,0,0.0,590.6278,55.0215,7.1075,6.4409
SAT,ATL,202,1,0.005,1406.5632,119.315,7.0398,6.06
SAT,AUS,31,0,0.0,106.2164,16.9333,8.5484,1.3667
SAT,BNA,31,0,0.0,1322.8775,110.4194,0.129,-2.4516
SAT,BWI,31,0,0.0,2264.3414,180.9333,7.0968,-5.4
SAT,CVG,61,0,0.0,1647.9642,134.2131,14.2459,10.0492
SAT,DAL,418,11,0.0263,399.1163,43.1798,8.2211,6.6749
SAT,DEN,91,0,0.0,1277.816,108.2,0.8681,-0.2556
SAT,DFW,476,10,0.021,397.507,44.7306,5.7833,6.2737
SAT,ELP,114,0,0.0,798.2326,69.5088,3.8772,2.7018
SAT,EWR,25,1,0.04,2525.0545,217.0,38.3333,38.5417
SAT,HOU,365,2,0.0055,308.9933,34.442,6.8512,4.8481
SAT,HRL,62,0,0.0,374.9762,37.5,8.0806,4.2903
SAT,IAH,327,5,0.0153,307.3839,39.3146,15.295,13.9969
SAT,LAS,118,0,0.0,1720.3845,144.5169,6.4153,6.3814
SAT,LAX,56,0,0.0,1947.3014,160.5357,3.6429,-7.0536
SAT,MCO,31,0,0.0,1673.7136,143.5806,2.4839,-1.6129
SAT,MEM,93,2,0.0215,1005.8375,88.4111,-4.989,-6.1444
SAT,MSP,62,0,0.0,1765.446,139.9194,-3.5,-10.5484
SAT,ORD,183,3,0.0164,1675.3229,138.9326,9.1833,6.1854
SAT,PHX,185,2,0.0108,1356.6736,117.2896,5.2186,5.5246
SAT,SLC,31,1,0.0323,1747.7432,145.6552,-1.0,-5.0
SAT,STL,148,0,0.0,1264.9412,110.8041,-1.1554,-3.223
SAT,TPA,36,0,0.0,1564.2785,129.1389,2.8056,-3.1111
SAV,ATL,305,9,0.0295,346.0081,40.8243,3.6993,2.1959
SAV,CLT,186,1,0.0054,342.7894,44.027,-0.4595,0.3243
SAV,DFW,87,2,0.023,1488.6395,133.1882,6.5294,-0.3647
SAV,EWR,4,0,0.0,1139.4127,118.5,24.75,28.25
SAV,MIA,62,3,0.0484,708.1096,112.0678,-0.8136,-0.8305
SBA,LAX,399,15,0.0376,143.2313,32.0833,6.75,8.5469
SBA,SFO,149,3,0.0201,421.6471,44.3288,16.2671,12.4315
SBN,DTW,50,2,0.04,252.6664,36.9792,23.0417,23.9792
SBN,PIT,62,0,0.0,527.8635,55.5738,1.2097,6.8361
SBP,LAX,209,10,0.0478,249.4477,47.0201,8.5729,11.0804
SCC,ANC,44,2,0.0455,1007.4468,87.5476,4.2619,2.619
SDF,ATL,210,5,0.0238,516.5981,58.5902,3.3951,3.961
SDF,BHM,62,0,0.0,519.8168,50.371,7.1129,6.3548
SDF,BWI,147,0,0.0,796.6233,74.3103,9.8707,7.3931
SDF,CLT,93,1,0.0108,540.7382,57.4945,0.4891,1.0769
SDF,CVG,93,1,0.0108,133.5752,26.0217,6.0978,3.9348
SDF,DFW,122,2,0.0164,1179.6462,106.2833,1.6833,6.1417
SDF,DTW,144,3,0.0208,492.458,57.7021,8.156,7.2553
SDF,IAH,53,2,0.0377,1268.1599,114.7647,0.6078,0.4118
SDF,LAS,31,0,0.0,2613.5682,215.5806,3.2581,2.3871
SDF,LEX,29,0,0.0,101.3884,18.069,20.1034,21.7241
SDF,MCO,94,1,0.0106,1155.5061,99.3804,10.3763,3.7065
SDF,MDW,199,3,0.0151,436.1311,47.4541,10.3469,9.2347
SDF,MEM,31,1,0.0323,514.9888,59.0,0.5333,-0.8
SDF,MSP,62,0,0.0,970.432,98.371,0.8387,-3.0484
SDF,PHL,8,0,0.0,926.9798,96.25,2.625,1.0
SDF,PHX,31,0,0.0,2423.666,200.7419,0.0,-7.1935
SDF,PIT,118,3,0.0254,539.1289,55.2281,3.0522,3.4474
SDF,STL,265,5,0.0189,408.7724,49.3846,10.6192,6.2231
SDF,TPA,31,0,0.0,1169.9902,101.129,0.7419,-3.3226
SEA,ABQ,31,0,0.0,1899.0212,146.871,19.5161,13.6129
SEA,ANC,733,29,0.0396,2331.9337,189.2216,13.9844,10.223
SEA,ATL,176,1,0.0057,3511.5799,253.1429,6.5943,8.0971
SEA,BNA,31,0,0.0,3181.6652,230.9,13.6129,3.7667
SEA,BOI,93,0,0.0,642.1267,56.5484,12.5914,10.914
SEA,BOS,56,0,0.0,4016.9126,287.4,1.8214,-2.9091
SEA,BUR,104,1,0.0096,1507.9516,122.5534,10.301,9.0388
SEA,BWI,31,0,0.0,3757.8089,272.1613,9.3548,11.6129
SEA,CLE,26,1,0.0385,3252.4761,240.44,1.0,-3.08
SEA,CLT,93,0,0.0,3667.6859,263.3226,4.172,8.2581
SEA,CVG,62,1,0.0161,3160.7438,228.2623,2.0,1.2951
SEA,DEN,374,8,0.0214,1647.9642,127.0521,9.7896,8.1753
SEA,DFW,369,1,0.0027,2671.5044,199.3515,6.6549,3.1608
SEA,DTW,216,0,0.0,3101.1982,220.6651,6.6667,5.414
SEA,EWR,151,1,0.0066,3864.0253,280.6533,6.3,9.1133
SEA,FAI,121,0,0.0,2467.1182,197.9752,19.314,15.5372
SEA,GEG,408,2,0.0049,360.4922,36.2094,16.1232,15.7709
SEA,HNL,52,0,0.0,4308.2032,321.1346,24.4423,26.2885
SEA,IAD,122,0,0.0,3711.138,261.6033,10.8443,11.9008
SEA,IAH,155,0,0.0,3015.9032,225.5921,6.8258,-0.6908
SEA,JFK,122,1,0.0082,3896.2121,287.0252,10.4628,13.563
SEA,JNU,218,2,0.0092,1462.8901,125.1737,15.7361,14.9061
SEA,KTN,153,0,0.0,1094.3512,98.6078,12.4706,11.5033
SEA,LAS,322,0,0.0,1393.6884,118.1522,10.1553,4.8882
SEA,LAX,750,18,0.024,1535.3104,129.9904,16.0492,14.2367
SEA,MCI,31,0,0.0,2396.3073,182.0,9.3548,6.3548
SEA,MEM,82,0,0.0,3009.4658,220.4875,5.7439,2.7
SEA,MIA,31,1,0.0323,4383.8422,311.3333,5.8333,-0.6667
SEA,MSP,277,1,0.0036,2251.4667,164.8768,2.9638,1.6268
SEA,OAK,489,4,0.0082,1079.8671,100.6268,13.9938,13.3402
SEA,ONT,141,0,0.0,1538.529,126.766,19.1277,16.5319
SEA,ORD,510,12,0.0235,2769.6741,203.1463,9.4317,8.0122
SEA,PDX,65,0,0.0,207.6049,28.4308,5.6615,7.1692
SEA,PHL,124,1,0.0081,3827.0105,279.0732,9.3252,14.6667
SEA,PHX,394,4,0.0102,1781.5394,143.2751,15.4179,11.1157
SEA,PIT,123,2,0.0163,3419.8475,244.0579,11.2066,12.0992
SEA,PSP,2,0,0.0,1588.4186,136.0,-0.5,-0.5
SEA,RNO,178,0,0.0,907.6678,76.4775,14.6685,10.0225
SEA,SAN,270,1,0.0037,1689.807,138.5468,21.1784,19.5805
SEA,SFO,699,13,0.0186,1092.7419,103.063,23.0948,21.5403
SEA,SIT,31,0,0.0,1387.2511,118.871,13.7097,10.3548
SEA,SJC,445,4,0.009,1121.71,103.6077,13.4263,11.6077
SEA,SLC,278,1,0.0036,1108.8353,90.5054,8.7978,5.7184
SEA,SMF,309,0,0.0,973.6507,83.0647,14.4822,11.4757
SEA,SNA,289,6,0.0208,1573.9345,135.6784,8.5795,5.8869
SEA,STL,184,0,0.0,2751.9714,204.5,5.0761,4.413
SEA,TUS,62,0,0.0,1956.9574,151.2581,15.2903,4.7258
SFO,ABQ,5,0,0.0,1441.9686,114.4,-3.6,-8.2
SFO,ANC,54,1,0.0185,3247.6481,251.6415,11.7925,-5.1887
SFO,ATL,254,17,0.0669,3442.3783,247.346,0.9241,-1.5823
SFO,AUS,31,0,0.0,2420.4474,182.1935,20.6774,16.4194
SFO,BDL,25,0,0.0,4224.5175,297.72,9.84,19.92
SFO,BOI,121,1,0.0083,840.0755,67.3,12.1583,5.75
SFO,BOS,300,11,0.0367,4351.6554,304.7785,8.4775,9.3218
SFO,BUR,348,21,0.0603,524.6448,49.1595,9.2294,5.1166
SFO,BWI,117,0,0.0,3954.1484,281.1379,3.0085,2.181
SFO,CLE,83,0,0.0,3477.7837,250.3133,0.6747,0.6386
SFO,CLT,154,1,0.0065,3695.0446,264.6928,1.4575,5.5948
SFO,CVG,123,4,0.0325,3276.6162,238.5042,-0.3361,1.5378
SFO,DEN,477,18,0.0377,1556.2318,117.3769,4.3486,0.0436
SFO,DFW,473,19,0.0402,2356.0738,176.3717,4.1278,3.4027
SFO,DTW,156,0,0.0,3345.8179,242.3355,1.1667,0.6194
SFO,EUG,153,1,0.0065,725.8123,61.4803,13.7763,7.3882
SFO,EWR,378,8,0.0212,4127.9571,297.4103,13.5216,19.9076
SFO,HNL,193,0,0.0,3859.1973,292.4974,9.0518,7.9637
SFO,IAD,292,13,0.0445,3892.9935,272.0827,5.8208,4.4856
SFO,IAH,265,5,0.0189,2631.2709,201.4163,4.8308,-0.7821
SFO,JFK,585,13,0.0222,4161.7532,301.207,3.6084,9.9193
SFO,KOA,31,0,0.0,3809.3078,289.0,0.2258,2.0645
SFO,LAS,478,8,0.0167,666.2668,64.1638,13.0404,10.1638
SFO,LAX,1276,51,0.04,542.3476,55.9461,5.5592,2.7565
SFO,LIH,35,0,0.0,3938.055,300.8857,1.8286,-20.6
SFO,MCO,31,0,0.0,3934.8363,280.9677,11.3226,14.7419
SFO,MEM,61,1,0.0164,2908.0774,212.35,-1.2833,-1.5333
SFO,MFR,91,2,0.022,529.4729,47.5056,14.5393,5.9551
SFO,MIA,124,4,0.0323,4160.1439,296.2083,3.8333,-9.8667
SFO,MSP,235,5,0.0213,2557.2413,186.0826,-1.913,-2.6565
SFO,MSY,31,0,0.0,3075.4487,221.7742,0.129,-8.4194
SFO,OGG,93,0,0.0,3762.6369,291.7742,6.8387,6.7527
SFO,ONT,153,4,0.0261,584.1904,56.6644,19.3356,15.1611
SFO,ORD,663,26,0.0392,2970.8416,215.4889,8.2418,8.5429
SFO,PDX,481,12,0.0249,885.137,74.6588,12.3497,8.5629
SFO,PHL,233,2,0.0086,4057.1461,297.1739,4.1602,11.6696
SFO,PHX,391,5,0.0128,1047.6803,91.9093,8.4171,2.7047
SFO,PIT,150,0,0.0,3627.4524,259.8523,-0.4933,5.8859
SFO,PSP,62,0,0.0,677.5321,62.8226,18.6129,22.129
SFO,RNO,123,0,0.0,308.9933,32.0081,14.6829,7.0976
SFO,SAN,424,5,0.0118,719.375,68.4578,13.7208,10.5108
SFO,SBA,149,2,0.0134,421.6471,45.2789,15.9864,12.7347
SFO,SEA,697,14,0.0201,1092.7419,93.3774,19.9766,19.6784
SFO,SLC,246,3,0.0122,963.9947,78.5514,6.0082,3.4527
SFO,SNA,341,17,0.0499,598.6745,64.7253,5.7469,3.929
SFO,STL,185,3,0.0162,2793.8142,205.2747,2.5604,-3.5989
SGF,DFW,241,8,0.0332,585.7998,79.9013,6.8412,6.3562
SGF,STL,175,4,0.0229,313.8213,38.2105,2.1287,-0.7895
SHV,ATL,60,3,0.05,888.3557,82.614,6.4035,8.0175
SHV,DFW,449,21,0.0468,305.7746,48.089,3.3131,2.26
SHV,MLU,21,0,0.0,168.9807,22.5238,8.9524,7.7619
SIT,JNU,93,0,0.0,152.8873,22.7312,1.8817,1.9677
SIT,KTN,31,0,0.0,294.5092,33.0968,1.5484,1.1613
SIT,SEA,58,0,0.0,1387.2511,116.4483,11.069,14.8793
SJC,ATL,104,4,0.0385,3405.3634,253.82,7.07,8.17
SJC,AUS,111,3,0.027,2375.3858,178.8241,5.4722,1.7407
SJC,BOS,88,1,0.0114,4327.5153,314.7126,6.4138,7.7586
SJC,BUR,239,3,0.0126,476.3646,44.9153,4.7331,1.928
SJC,CVG,31,3,0.0968,3246.0388,243.0714,-1.1786,7.1429
SJC,DEN,316,5,0.0158,1525.6543,125.9068,10.1029,10.7814
SJC,DFW,305,7,0.023,2314.2309,179.4595,10.8792,9.7432
SJC,DTW,62,0,0.0,3320.0684,246.2459,2.4516,0.0164
SJC,EWR,77,1,0.013,4100.5983,304.0395,1.8289,13.0789
SJC,HNL,31,0,0.0,3888.1654,302.6774,5.8387,7.2581
SJC,IAD,87,0,0.0,3862.416,282.0,3.4368,-5.1494
SJC,IAH,116,3,0.0259,2587.8187,209.6036,3.5133,-2.1171
SJC,JFK,92,1,0.0109,4134.3945,308.6484,2.967,6.7253
SJC,LAS,393,1,0.0025,621.2052,60.176,10.5485,9.0995
SJC,LAX,981,36,0.0367,495.6767,51.928,8.0698,5.6144
SJC,MCI,31,0,0.0,2380.2139,184.1935,2.5484,2.8065
SJC,MIA,31,1,0.0323,4118.3011,308.4333,4.8667,3.8
SJC,MSP,90,0,0.0,2536.3198,197.8889,0.3556,4.0667
SJC,OGG,31,1,0.0323,3791.605,294.5,8.6667,13.7333
SJC,ONT,272,5,0.0184,535.9102,51.8689,5.3146,2.5131
SJC,ORD,415,9,0.0217,2943.4829,222.6328,9.6404,12.0025
SJC,PDX,438,8,0.0183,915.7145,81.8209,6.4651,6.1837
SJC,PHX,421,8,0.019,999.4001,88.0291,3.9758,-0.2451
SJC,RNO,184,2,0.0109,302.5559,37.326,6.6044,3.5912
SJC,SAN,449,1,0.0022,671.0948,62.1745,6.6272,3.7517
SJC,SEA,444,5,0.0113,1121.71,101.2831,14.6469,16.6895
SJC,SLC,90,0,0.0,941.4639,82.4667,5.5889,3.4444
SJC,SNA,437,11,0.0252,550.3943,57.8824,5.3944,2.5129
SJC,STL,92,1,0.0109,2761.6274,216.8222,1.4396,3.9111
SJC,TUS,62,0,0.0,1160.3341,94.0968,14.5968,8.9355
SJT,DFW,179,7,0.0391,366.9295,56.6842,-0.7674,0.731
SJU,ATL,135,9,0.0667,2489.649,194.1349,-0.754,-10.9365
SJU,BDL,56,0,0.0,2681.1604,210.8393,1.1429,-4.1429
SJU,BOS,118,1,0.0085,2694.0352,211.5641,3.2991,-8.4103
SJU,BWI,45,0,0.0,2518.6171,207.8667,7.4889,9.0889
SJU,CLE,10,0,0.0,2959.5763,237.0,-2.8,-3.6
SJU,CLT,56,0,0.0,2372.1672,193.5179,5.6071,16.9286
SJU,CVG,29,4,0.1379,2909.6867,236.2083,-3.16,-8.5
SJU,DFW,119,0,0.0,3484.2211,263.9748,1.3361,4.6555
SJU,DTW,10,0,0.0,3104.4169,248.4,7.9,-7.8
SJU,EWR,204,1,0.0049,2587.8187,214.7143,11.9409,11.9901
SJU,FLL,96,1,0.0104,1683.3696,135.7053,-0.1895,-1.0526
SJU,IAD,51,0,0.0,2528.2731,208.5918,12.549,15.1633
SJU,IAH,35,0,0.0,3229.9454,246.4286,-1.1429,-1.7143
SJU,JFK,300,12,0.04,2570.116,203.1458,10.8021,4.1007
SJU,LAX,8,0,0.0,5449.2252,410.875,70.75,72.375
SJU,MCO,118,4,0.0339,1913.5053,150.8421,7.2982,5.114
SJU,MEM,10,0,0.0,2998.2004,230.1,11.2,4.9
SJU,MIA,273,10,0.0366,1681.7603,131.2471,9.7871,3.962
SJU,ORD,123,2,0.0163,3334.5525,270.6525,5.5455,5.0424
SJU,PHL,133,1,0.0075,2536.3198,206.4122,9.2803,10.6107
SJU,PIT,15,0,0.0,2798.6423,225.9333,7.6667,2.4667
SJU,STL,45,2,0.0444,3257.3042,254.4419,10.6047,1.7442
SJU,STT,31,0,0.0,109.4351,17.4516,5.8387,8.6774
SJU,TPA,60,0,0.0,1990.7536,154.2542,6.0667,8.9322
SLC,ABQ,62,1,0.0161,793.4046,67.1148,6.3279,3.1967
SLC,ANC,93,0,0.0,3419.8475,261.6452,7.3978,3.129
SLC,ATL,246,7,0.0285,2557.2413,189.7824,3.1841,0.1297
SLC,BIL,92,4,0.0435,622.8146,54.2841,6.0795,5.0568
SLC,BOI,153,0,0.0,468.3179,44.281,9.1961,4.0131
SLC,BOS,93,3,0.0323,3387.6607,247.9,9.3,13.1111
SLC,BWI,31,0,0.0,2999.8098,225.2258,7.3548,2.6129
SLC,BZN,62,0,0.0,558.441,49.6613,21.9032,15.871
SLC,COS,31,0,0.0,659.8294,66.7742,5.3871,8.7742
SLC,CVG,185,2,0.0108,2331.9337,177.1421,2.7978,4.5301
SLC,DEN,392,7,0.0179,629.2519,57.774,5.1455,2.813
SLC,DFW,246,2,0.0081,1590.0279,124.719,9.1598,8.3884
SLC,DTW,61,3,0.0492,2383.4325,185.5517,7.569,5.7931
SLC,EWR,91,1,0.011,3167.1811,243.1889,16.8,27.1778
SLC,FCA,62,2,0.0323,856.1689,71.65,6.95,4.3
SLC,GEG,93,0,0.0,878.6996,74.6129,7.0215,6.129
SLC,GTF,62,0,0.0,745.1244,63.4426,5.5323,4.9672
SLC,HLN,62,0,0.0,646.9547,57.7903,1.3871,-0.1935
SLC,HNL,10,0,0.0,4818.364,357.6,3.3,-20.2
SLC,IAD,69,1,0.0145,2940.2642,216.1791,5.0588,9.1343
SLC,IAH,145,0,0.0,1923.1613,159.2238,4.3724,3.0629
SLC,JFK,93,0,0.0,3200.9773,243.7097,18.7957,30.7097
SLC,LAS,395,1,0.0025,592.2371,57.8934,6.0228,2.6218
SLC,LAX,494,4,0.0081,949.5106,84.6286,8.1102,1.1531
SLC,MCI,122,0,0.0,1478.9835,119.6612,5.0328,5.4132
SLC,MCO,62,0,0.0,3104.4169,227.8387,7.8065,2.6774
SLC,MSO,93,1,0.0108,701.6722,61.4239,4.8696,4.3152
SLC,MSP,145,1,0.0069,1594.8559,126.6713,5.2083,5.028
SLC,OAK,124,0,0.0,946.2919,86.9032,4.7016,1.5565
SLC,OKC,60,1,0.0167,1393.6884,110.569,7.6441,4.7586
SLC,ONT,92,1,0.0109,898.0117,76.7692,7.2527,1.4066
SLC,ORD,246,3,0.0122,2010.0657,157.4851,15.9383,19.166
SLC,PDX,246,0,0.0,1013.8842,86.1545,3.6789,0.1382
SLC,PHL,62,0,0.0,3099.5888,234.4032,4.1129,9.8226
SLC,PHX,505,5,0.0099,815.9354,74.234,6.266,2.298
SLC,PSC,91,0,0.0,838.4661,72.4505,7.2527,6.6813
SLC,RNO,62,0,0.0,679.1415,63.4032,2.8548,-1.8548
SLC,SAN,153,3,0.0196,1007.4468,86.6824,8.5133,4.0203
SLC,SAT,92,2,0.0217,1747.7432,136.2273,5.1444,0.6591
SLC,SEA,278,0,0.0,1108.8353,98.4368,9.7014,6.9206
SLC,SFO,245,2,0.0082,963.9947,85.3909,12.5885,6.4691
SLC,SJC,90,0,0.0,941.4639,86.3111,6.2222,1.9
SLC,SMF,92,3,0.0326,856.1689,73.427,7.382,3.9213
SLC,SNA,122,4,0.0328,946.2919,83.339,5.1695,5.0339
SLC,STL,178,0,0.0,1860.397,148.1751,4.6685,1.8983
SLC,TUL,29,0,0.0,1490.2488,113.2857,4.3793,4.3214
SLC,TUS,29,0,0.0,967.2133,80.7586,6.4483,3.5172
SMF,ATL,93,0,0.0,3366.7393,240.7742,2.6129,1.6452
SMF,BUR,293,0,0.0,576.1437,53.6689,3.1399,1.0444
SMF,DEN,205,2,0.0098,1464.4994,116.4187,7.9606,7.2512
SMF,DFW,155,1,0.0065,2302.9655,173.2092,1.5455,3.9085
SMF,IAD,31,0,0.0,3794.8237,269.6774,-1.6129,-6.4516
SMF,IAH,58,0,0.0,2589.4281,208.7586,4.6207,6.931
SMF,LAS,268,2,0.0075,638.908,59.4286,7.1692,3.4398
SMF,LAX,449,1,0.0022,600.2838,61.654,8.0826,5.8036
SMF,MCI,31,0,0.0,2320.6683,176.5806,9.3548,6.871
SMF,MSP,93,0,0.0,2442.9781,184.4409,0.9892,2.1398
SMF,ONT,367,2,0.0054,626.0333,58.3233,3.6301,-0.789
SMF,ORD,120,2,0.0167,2866.2345,214.5948,9.1017,9.1293
SMF,PDX,155,0,0.0,770.8739,67.9484,4.1677,2.5548
SMF,PHX,331,4,0.0121,1041.243,90.1498,6.4526,1.1651
SMF,SAN,358,2,0.0056,772.4832,69.4141,6.3708,2.4113
SMF,SEA,309,0,0.0,973.6507,87.8285,14.6084,14.3851
SMF,SLC,92,2,0.0217,856.1689,71.8556,4.4444,4.5889
SMF,SNA,133,1,0.0075,650.1734,69.1439,2.3182,0.6364
SMF,STL,86,0,0.0,2702.0819,204.8256,0.6628,-0.7791
SNA,ATL,90,4,0.0444,3088.3235,230.2442,7.8372,4.2791
SNA,DEN,151,5,0.0331,1361.5016,109.4069,8.5616,8.8621
SNA,DFW,331,19,0.0574,1939.2547,151.9711,6.6314,5.9839
SNA,DTW,31,0,0.0,3154.3064,235.1613,-0.5806,-6.0
SNA,EWR,103,4,0.0388,3915.5242,289.1959,4.0,9.3093
SNA,HNL,31,0,0.0,4156.9252,330.4194,0.0645,-2.7097
SNA,IAH,141,1,0.0071,2167.781,172.6715,2.0643,0.1022
SNA,LAS,307,8,0.0261,363.7108,44.7391,6.4716,6.0569
SNA,MSP,90,0,0.0,2449.4155,190.7,-0.5667,-0.0889
SNA,OAK,381,1,0.0026,597.0651,61.4789,5.2974,7.4895
SNA,OGG,31,1,0.0323,4044.2714,321.3667,4.5333,0.1333
SNA,ORD,324,10,0.0309,2777.7208,208.0737,6.4586,7.6795
SNA,PDX,93,4,0.043,1382.4231,119.9213,8.191,12.3933
SNA,PHX,337,4,0.0119,543.9569,54.8138,8.967,7.0661
SNA,PIT,62,0,0.0,3403.7541,246.7119,-1.1452,3.1864
SNA,SEA,288,4,0.0139,1573.9345,137.7641,9.2923,15.5317
SNA,SFO,372,21,0.0565,598.6745,60.208,7.0769,6.5556
SNA,SJC,438,11,0.0251,550.3943,55.9906,4.9883,5.6674
SNA,SLC,121,4,0.0331,946.2919,84.4741,7.2222,6.8276
SNA,SMF,133,6,0.0451,650.1734,67.0551,5.622,2.9921
SNA,STL,62,0,0.0,2526.6638,187.8226,-2.0323,-4.7903
SPS,DFW,156,3,0.0192,181.8554,29.9739,2.7647,0.0065
SRQ,ATL,182,0,0.0,716.1563,71.3077,2.8077,-0.522
SRQ,CLT,93,0,0.0,880.309,84.75,-3.1398,-1.3913
SRQ,EWR,31,0,0.0,1664.0576,149.5161,8.7097,8.6129
SRQ,MIA,1,0,0.0,286.4625,45.0,0.0,0.0
STL,ABQ,214,0,0.0,1503.1236,129.4953,6.8551,4.8879
STL,ANC,34,0,0.0,4725.0222,368.7353,15.5,10.6471
STL,ATL,424,13,0.0307,777.3112,72.8224,3.365,3.3066
STL,AUS,121,1,0.0083,1161.9435,99.475,3.6417,2.3083
STL,BDL,122,0,0.0,1540.1384,123.3279,5.459,4.3197
STL,BHM,31,0,0.0,659.8294,62.9032,2.8387,-11.1613
STL,BNA,178,2,0.0112,436.1311,44.8466,4.392,3.233
STL,BOS,210,10,0.0476,1683.3696,134.845,9.495,8.89
STL,BWI,277,0,0.0,1186.0836,101.1345,6.0181,4.8836
STL,CID,202,6,0.0297,366.9295,38.3827,3.398,-0.1224
STL,CLE,242,1,0.0041,783.7486,68.7458,9.1535,5.0
STL,CLT,236,1,0.0042,925.3705,80.8383,2.6255,2.0979
STL,CMH,241,0,0.0,659.8294,60.3112,6.9087,5.278
STL,COS,116,0,0.0,1245.6292,109.1552,5.7241,4.7328
STL,DAY,122,1,0.0082,543.9569,50.825,4.0,4.0583
STL,DCA,207,4,0.0193,1157.1155,97.525,4.6601,4.895
STL,DEN,386,3,0.0078,1239.1918,110.7008,5.7154,4.378
STL,DFW,507,16,0.0316,886.7463,82.1568,2.5153,2.5031
STL,DSM,176,1,0.0057,418.4284,43.6839,3.8743,3.8218
STL,DTW,533,4,0.0075,708.1096,69.4405,6.5595,4.3686
STL,EWR,224,8,0.0357,1403.3445,121.9302,13.2824,11.1814
STL,FLL,93,0,0.0,1699.463,140.9677,4.3226,3.3226
STL,FSD,91,0,0.0,757.9991,70.6044,4.5055,2.0659
STL,HNL,31,0,0.0,6644.9649,504.3871,16.5161,13.0323
STL,HOU,257,11,0.0428,1105.6166,101.1189,8.0325,7.5082
STL,IAD,120,5,0.0417,1120.1006,94.2544,5.4348,7.2544
STL,IAH,142,1,0.007,1075.0391,97.5036,9.2624,9.0
STL,ICT,177,6,0.0339,630.8613,59.4647,2.117,0.7706
STL,IND,319,0,0.0,368.5389,39.0188,4.5674,4.5078
STL,JAX,91,0,0.0,1211.833,100.1209,6.6703,6.6923
STL,JFK,149,5,0.0336,1435.5313,123.0,8.7292,7.7292
STL,LAS,155,0,0.0,2208.0145,181.7226,6.871,6.3355
STL,LAX,244,0,0.0,2563.6786,206.4344,9.5738,7.3975
STL,LGA,230,13,0.0565,1427.4846,122.467,8.9724,10.868
STL,LIT,289,1,0.0035,476.3646,45.7222,9.6076,6.316
STL,LNK,57,0,0.0,595.4558,59.0877,2.3333,4.0877
STL,MCI,538,3,0.0056,381.4136,42.9268,7.6262,6.1088
STL,MCO,247,0,0.0,1416.2192,114.8537,5.9676,2.5569
STL,MDW,424,4,0.0094,403.9443,43.1074,8.9238,4.8377
STL,MEM,75,0,0.0,411.991,48.7333,-2.1733,-3.8933
STL,MIA,128,0,0.0,1718.7751,139.8672,2.6953,-1.4062
STL,MKE,180,3,0.0167,510.1608,49.904,2.1582,0.209
STL,MLI,177,2,0.0113,300.9466,33.0171,1.5086,-0.9029
STL,MSP,439,8,0.0182,722.5937,71.7981,1.6032,-0.3991
STL,MSY,172,0,0.0,972.0414,82.1512,2.1047,-1.0872
STL,OGG,31,1,0.0323,6541.9671,497.9,3.7667,2.8333
STL,OKC,263,0,0.0,743.5151,67.7901,5.8555,3.6565
STL,OMA,233,1,0.0043,550.3943,54.29,5.7759,3.2597
STL,ONT,62,0,0.0,2489.649,201.8548,9.8387,10.0968
STL,ORD,627,19,0.0303,415.2097,45.4521,11.898,9.9769
STL,ORF,91,0,0.0,1261.7226,104.1556,4.8791,3.5111
STL,PBI,5,0,0.0,1646.3548,138.4,24.0,35.8
STL,PDX,148,0,0.0,2748.7527,225.8912,11.1284,6.449
STL,PHL,237,6,0.0253,1308.3934,112.4891,12.3333,17.0699
STL,PHX,482,3,0.0062,2030.9871,172.0585,6.0292,4.5908
STL,PIT,266,12,0.0451,889.965,78.1614,6.8307,6.7441
STL,RDU,117,0,0.0,1073.4298,92.4615,3.7265,1.5726
STL,RIC,60,0,0.0,1150.6781,94.7414,5.5,5.7414
STL,RSW,66,0,0.0,1575.5439,128.4,4.3333,4.8154
STL,SAN,124,0,0.0,2507.3517,202.7016,5.5968,2.3952
STL,SAT,148,0,0.0,1264.9412,110.2432,8.5811,7.8446
STL,SDF,266,4,0.015,408.7724,42.2786,4.8893,5.4389
STL,SEA,184,0,0.0,2751.9714,230.5574,7.4076,5.7486
STL,SFO,185,3,0.0162,2793.8142,226.467,10.1099,7.4505
STL,SGF,175,4,0.0229,313.8213,34.0877,5.462,1.8246
STL,SJC,92,0,0.0,2761.6274,227.413,4.6522,2.5978
STL,SJU,44,1,0.0227,3257.3042,249.3095,-1.7209,-1.7619
STL,SLC,176,0,0.0,1860.397,159.9429,10.375,6.5714
STL,SMF,86,0,0.0,2702.0819,220.5698,7.7674,4.6395
STL,SNA,62,0,0.0,2526.6638,204.4355,2.3548,-0.1613
STL,TPA,185,0,0.0,1398.5165,114.4973,5.1838,1.9135
STL,TUL,294,2,0.0068,564.8783,54.2226,4.2466,1.637
STT,ATL,31,1,0.0323,2573.3347,201.3448,-1.1667,-12.3793
STT,EWR,25,0,0.0,2629.6616,223.48,1.44,5.8
STT,JFK,18,0,0.0,2611.9588,207.9444,0.0,-9.9444
STT,MIA,56,0,0.0,1781.5394,142.7636,-0.2143,-1.7273
STT,SJU,51,2,0.0392,109.4351,21.8163,-1.6122,-7.0204
STT,STX,31,0,0.0,72.4203,13.5161,7.9032,7.0968
STX,MIA,31,0,0.0,1833.0383,144.2581,0.6129,-2.129
STX,PHL,31,0,0.0,2655.411,221.9032,2.1613,3.4516
SWF,ORD,124,8,0.0645,1149.0688,112.5948,8.6638,7.4483
SYR,ATL,58,0,0.0,1276.2066,116.1724,1.069,-4.8966
SYR,CLT,31,0,0.0,970.432,96.6129,0.3548,-2.0645
SYR,CVG,29,2,0.069,848.1222,79.8519,0.4815,-2.2963
SYR,DCA,93,6,0.0645,479.5833,56.7241,5.1034,6.5632
SYR,DTW,145,3,0.0207,601.8932,61.1549,-2.8169,-6.7113
SYR,JFK,93,6,0.0645,336.3521,61.2874,9.3908,5.2529
SYR,MCO,31,0,0.0,1694.635,144.9355,10.0,5.0645
SYR,ORD,183,2,0.0109,976.8694,93.9448,5.7072,5.7901
SYR,PHL,124,9,0.0726,366.9295,48.2087,7.9304,7.8522
SYR,PIT,124,2,0.0161,449.0059,52.2295,4.0,3.3443
SYR,ROC,31,0,0.0,127.1379,19.6129,-0.9677,-2.5484
TLH,ATL,121,1,0.0083,358.8828,42.5333,0.025,-1.9083
TOL,ORD,177,16,0.0904,344.3988,43.7081,10.882,4.3416
TPA,ABQ,31,0,0.0,2409.182,195.3226,3.9355,-3.9355
TPA,ATL,379,9,0.0237,653.392,65.9216,3.9243,-0.8405
TPA,AUS,31,0,0.0,1493.4675,129.1935,0.0,-5.6774
TPA,BDL,62,1,0.0161,1787.9767,151.2833,5.082,12.25
TPA,BHM,62,0,0.0,740.2964,67.3226,1.629,0.5484
TPA,BNA,123,0,0.0,984.9161,88.187,4.3252,0.0407
TPA,BOS,184,9,0.0489,1907.0679,163.1143,17.6,17.0686
TPA,BWI,278,3,0.0108,1355.0643,116.9382,17.4364,13.7164
TPA,CLE,74,0,0.0,1491.8582,124.5,-0.7838,-8.2973
TPA,CLT,267,2,0.0075,817.5447,77.8365,4.9132,7.1939
TPA,CMH,124,3,0.0242,1334.1429,114.1333,9.0083,3.2333
TPA,CVG,151,1,0.0066,1244.0198,106.66,3.1,-2.3667
TPA,DCA,93,2,0.0215,1310.0028,116.0795,6.1868,9.9773
TPA,DEN,62,0,0.0,2423.666,193.0,26.2742,23.0806
TPA,DFW,278,4,0.0144,1495.0769,127.4762,2.3248,1.8681
TPA,DTW,153,0,0.0,1581.9812,132.8693,2.3529,0.4444
TPA,EWR,170,1,0.0059,1606.1213,139.6548,24.4024,18.3988
TPA,FLL,342,3,0.0088,317.04,39.0295,8.6903,6.4218
TPA,IAD,155,2,0.0129,1303.5654,113.0392,10.4641,9.9804
TPA,IAH,178,0,0.0,1266.5506,108.2229,8.8539,10.0229
TPA,IND,31,0,0.0,1348.6269,116.1613,13.5484,12.2258
TPA,ISP,62,0,0.0,1664.0576,140.4194,12.8065,7.8387
TPA,JAX,82,0,0.0,289.6812,33.9512,8.3293,6.0122
TPA,JFK,62,0,0.0,1617.3867,137.1452,11.2419,2.7581
TPA,LAS,62,2,0.0323,3192.9306,252.4667,5.6167,-15.4167
TPA,LAX,62,0,0.0,3472.9557,263.8871,9.8871,0.3226
TPA,LGA,248,8,0.0323,1627.0427,141.8059,22.4708,24.8439
TPA,MCI,31,0,0.0,1686.5883,141.3548,5.9355,-0.7742
TPA,MCO,31,2,0.0645,128.7472,25.069,8.5517,6.8621
TPA,MDW,93,1,0.0108,1604.512,131.2065,4.3696,-6.3804
TPA,MEM,93,3,0.0323,1055.727,94.8667,2.6778,3.8
TPA,MHT,31,0,0.0,1937.6454,157.3871,1.3871,-13.8065
TPA,MIA,269,16,0.0595,328.3054,51.6245,4.3478,1.0791
TPA,MSP,61,0,0.0,2103.4074,170.4918,13.6393,4.9016
TPA,MSY,183,1,0.0055,783.7486,76.1813,5.6868,0.3462
TPA,ORD,216,4,0.0185,1628.6521,140.7583,3.8821,2.218
TPA,PBI,217,3,0.0138,280.0252,31.6075,3.5327,-2.0093
TPA,PHL,217,0,0.0,1480.5928,135.0184,12.4009,18.6636
TPA,PHX,68,0,0.0,2877.4999,234.8971,6.0441,3.5588
TPA,PIT,155,1,0.0065,1404.9538,120.0131,9.6688,9.3007
TPA,PVD,62,0,0.0,1829.8196,150.2258,5.0806,1.2903
TPA,RDU,62,0,0.0,944.6826,86.371,8.8871,2.0806
TPA,SAT,36,0,0.0,1564.2785,137.3611,7.5278,6.5556
TPA,SDF,31,0,0.0,1169.9902,104.129,0.0,-6.6129
TPA,SJU,60,0,0.0,1990.7536,153.7833,1.8,-0.8
TPA,STL,185,1,0.0054,1398.5165,120.3478,2.712,-2.462
TRI,CLT,62,0,0.0,193.1208,27.4516,0.1129,0.2742
TUL,ATL,117,1,0.0085,1084.6952,91.1062,2.7069,-2.4867
TUL,DAL,248,8,0.0323,381.4136,41.3083,6.3667,3.675
TUL,DEN,92,1,0.0109,870.6529,77.8132,7.956,3.011
TUL,DFW,476,20,0.042,381.4136,53.0768,6.4561,6.2544
TUL,HOU,138,2,0.0145,729.031,73.7941,7.3676,7.5882
TUL,IAH,134,0,0.0,690.4069,72.4403,5.9478,3.1343
TUL,LAS,31,0,0.0,1731.6498,143.5484,0.0,-11.3226
TUL,LAX,31,0,0.0,2064.7832,165.0645,-1.2581,-0.3548
TUL,MCI,117,3,0.0256,358.8828,38.7434,7.9825,2.7788
TUL,OKC,51,2,0.0392,178.6367,24.6531,8.0408,8.2449
TUL,ORD,155,2,0.0129,941.4639,82.8105,8.8824,6.7843
TUL,PHX,92,0,0.0,1504.7329,131.6848,7.413,2.9457
TUL,SLC,31,0,0.0,1490.2488,126.3548,0.1613,-5.7419
TUL,STL,294,1,0.0034,564.8783,55.2867,1.1195,-2.628
TUS,ABQ,62,0,0.0,516.5981,46.7419,6.9355,-0.1452
TUS,CVG,60,2,0.0333,2491.2583,184.7931,2.7069,-3.8448
TUS,DEN,91,0,0.0,1028.3683,89.4945,4.978,5.1538
TUS,DFW,270,4,0.0148,1308.3934,107.6932,6.3421,2.625
TUS,IAH,62,1,0.0161,1506.3422,124.1311,4.6557,1.2459
TUS,LAS,128,0,0.0,587.4091,57.4141,3.8438,3.4453
TUS,LAX,283,1,0.0035,725.8123,68.5426,6.7021,3.9787
TUS,MSP,31,0,0.0,2088.9233,160.3333,-2.8387,-9.1333
TUS,ORD,93,1,0.0108,2312.6216,178.0761,6.1739,3.5435
TUS,PHX,416,18,0.0433,177.0274,26.9146,1.1281,0.9623
TUS,SAN,93,0,0.0,590.6278,58.4565,5.2473,5.7065
TUS,SEA,62,0,0.0,1956.9574,162.8226,7.3387,2.4032
TUS,SJC,62,0,0.0,1160.3341,103.3387,9.0161,5.0484
TUS,SLC,29,0,0.0,967.2133,81.6552,2.069,0.8621
TVC,DTW,113,0,0.0,333.1334,41.2301,5.1593,6.3628
TVC,LGA,4,0,0.0,1054.1177,95.0,28.75,32.5
TVC,ORD,183,7,0.0383,360.4922,45.6629,14.1364,15.4629
TXK,DFW,148,6,0.0405,291.2905,45.8511,0.331,-3.305
TYR,DFW,275,5,0.0182,165.762,29.5185,2.2333,3.6
TYS,ATL,216,4,0.0185,244.6197,33.2783,1.9717,0.8774
TYS,CLT,92,0,0.0,284.8532,37.1739,-2.9348,-0.5652
TYS,DFW,93,0,0.0,1242.4105,113.172,1.8495,2.7527
TYS,DTW,51,0,0.0,712.9376,72.9608,1.7255,2.1961
TYS,MEM,2,0,0.0,550.3943,58.5,-8.5,-14.0
TYS,ORD,84,1,0.0119,764.4365,76.9639,11.012,13.7108
VPS,ATL,29,1,0.0345,424.8658,44.7143,-1.2857,1.1071
VPS,MEM,122,1,0.0082,593.8465,66.9833,-2.281,-0.6083
WRG,KTN,31,2,0.0645,131.9659,22.3448,24.931,27.7931
WRG,PSG,31,1,0.0323,49.8895,13.2414,28.7667,25.6207
XNA,DFW,325,13,0.04,452.2245,48.4551,7.0865,4.4679
XNA,LGA,40,4,0.1,1845.913,154.1143,7.5833,0.3429
XNA,ORD,139,9,0.0647,840.0755,78.6462,10.3538,8.8231
YAK,CDV,31,2,0.0645,342.7894,34.9655,27.2759,29.5172
YAK,JNU,31,0,0.0,320.2587,34.2581,20.1935,21.5806
