Origin,Dest,flight_count,cancelled_count,cancellation_rate,avg_distance,avg_air_time,avg_dep_delay,avg_arr_delay
ABE,ATL,60,6,0.1,1113.6633,99.1111,5.5185,-1.2778
ABE,CLT,29,4,0.1379,774.0925,76.24,-2.56,-1.28
ABE,DTW,40,15,0.375,682.3602,70.88,49.44,39.8
ABE,MCO,39,10,0.2564,1458.062,130.8276,1.8966,-1.8621
ABE,MDT,40,4,0.1,123.9192,20.0278,1.5,0.4444
ABE,ORD,103,35,0.3398,1052.5084,100.8955,0.3235,-2.806
ABE,PIT,114,25,0.2193,407.163,48.427,-2.1461,-1.3371
ABI,DFW,202,38,0.1881,254.2757,40.1829,-1.1341,-6.6707
ABQ,AMA,56,7,0.125,445.7872,40.8776,3.2653,-1.1633
ABQ,ATL,59,12,0.2034,2042.2525,149.8043,11.234,8.3696
ABQ,BWI,30,3,0.1,2687.5978,204.1111,12.0741,-16.1481
ABQ,CVG,60,6,0.1,1995.5816,149.5185,1.5,0.5556
ABQ,DAL,202,26,0.1287,933.4172,79.8466,4.1932,-0.4091
ABQ,DEN,178,64,0.3596,561.6597,53.5263,-0.1491,-1.6404
ABQ,DFW,200,38,0.19,915.7145,76.6111,4.5556,3.3086
ABQ,ELP,108,12,0.1111,358.8828,37.0417,4.2292,1.5208
ABQ,HOU,60,7,0.1167,1221.4891,101.5849,4.1887,2.1698
ABQ,IAH,146,24,0.1644,1197.349,102.3554,-4.6967,-5.1901
ABQ,LAS,168,19,0.1131,783.7486,70.5772,3.1208,-0.6644
ABQ,LAX,202,23,0.1139,1089.5232,95.8547,3.5028,-8.6313
ABQ,LBB,60,7,0.1167,465.0993,42.0755,5.9434,2.1698
ABQ,MAF,30,4,0.1333,534.3009,47.0385,3.8462,-0.0769
ABQ,MCI,86,9,0.1047,1155.5061,94.0909,9.1948,3.9351
ABQ,MCO,60,6,0.1,2497.6957,184.037,2.0,-8.7222
ABQ,MDW,30,4,0.1333,1804.0701,139.0,3.0385,-17.2308
ABQ,MSP,60,7,0.1167,1578.7625,131.6604,-2.8491,-3.4151
ABQ,OAK,56,7,0.125,1430.7033,126.0408,1.0204,-6.7347
ABQ,ORD,83,8,0.0964,1799.2421,140.4459,4.5733,3.1486
ABQ,PDX,30,4,0.1333,1787.9767,149.9231,0.5769,-23.6538
ABQ,PHX,568,67,0.118,527.8635,57.2834,3.99,-1.1457
ABQ,SAN,116,13,0.1121,1010.6655,89.7255,7.9903,-1.1961
ABQ,SEA,30,3,0.1,1899.0212,160.7407,1.3333,-20.7778
ABQ,SFO,2,2,1.0,1441.9686,,,
ABQ,SLC,60,5,0.0833,793.4046,73.6182,2.2,-7.5636
ABQ,STL,158,24,0.1519,1503.1236,119.903,9.3507,6.5224
ABQ,TPA,30,3,0.1,2409.182,179.3333,4.0,-6.6667
ABQ,TUS,90,9,0.1,516.5981,49.8889,7.037,3.1481
ACT,DFW,222,48,0.2162,143.2313,30.3391,-2.8046,-5.5287
ADQ,ANC,54,7,0.1296,405.5537,41.5957,10.1277,10.4468
ADQ,BET,6,2,0.3333,630.8613,60.25,13.5,23.25
AKN,DLG,30,3,0.1,114.2631,17.5926,0.5556,-1.1111
ALB,ATL,80,10,0.125,1371.1577,120.7143,5.4571,-10.7286
ALB,BOS,86,29,0.3372,233.3543,37.3684,-3.5088,-13.8246
ALB,BWI,194,28,0.1443,463.4899,56.5663,3.3072,0.012
ALB,CLT,60,6,0.1,1039.6336,103.6667,3.2593,2.8889
ALB,CVG,60,7,0.1167,1002.6188,94.2642,2.5283,-3.1887
ALB,DCA,48,47,0.9792,511.7701,60.0,-7.0,2.0
ALB,DTW,129,26,0.2016,785.3579,77.0291,1.9223,-4.9612
ALB,JFK,119,29,0.2437,233.3543,43.5889,-0.2889,-8.5111
ALB,LAS,30,3,0.1,3600.0936,289.7037,3.963,-25.2593
ALB,MCO,78,16,0.2051,1726.8218,154.7705,0.5323,-6.8197
ALB,ORD,179,39,0.2179,1163.5528,108.5286,1.2143,-4.9357
ALB,PHL,150,34,0.2267,341.1801,50.6466,3.4569,3.1293
ALB,PIT,120,19,0.1583,590.6278,61.2376,0.3465,-0.0297
AMA,ABQ,56,6,0.1071,445.7872,43.08,6.84,1.16
AMA,DAL,220,27,0.1227,521.4262,50.1606,4.9378,2.0984
AMA,DFW,180,32,0.1778,503.7234,58.2313,0.8784,-5.0952
AMA,LAS,30,4,0.1333,1219.8797,104.8462,0.0,-5.9231
ANC,ADQ,60,9,0.15,405.5537,43.7059,7.7255,9.3922
ANC,AKN,30,3,0.1,465.0993,46.7407,6.7778,4.3333
ANC,BET,87,10,0.1149,642.1267,59.9351,3.9221,2.1948
ANC,CDV,30,3,0.1,257.4944,33.2222,10.4815,14.8519
ANC,DEN,13,9,0.6923,3872.072,283.25,12.5,16.0
ANC,DUT,48,13,0.2708,1274.5973,112.6,5.9714,4.2
ANC,FAI,313,39,0.1246,420.0377,40.146,1.8613,1.2226
ANC,JNU,90,8,0.0889,918.9331,84.2222,9.6098,15.0864
ANC,LAX,30,3,0.1,3773.9023,290.5185,3.0741,6.1852
ANC,MSP,80,13,0.1625,4052.3181,292.0152,6.5224,1.4091
ANC,OME,18,2,0.1111,867.4343,75.375,3.9375,-2.4375
ANC,ORD,30,3,0.1,4580.1816,332.1111,0.037,3.1852
ANC,OTZ,76,7,0.0921,883.5277,77.2174,10.2319,11.6087
ANC,PDX,60,8,0.1333,2481.6023,191.4231,6.7692,11.7308
ANC,SCC,30,2,0.0667,1007.4468,86.6071,26.8571,25.6786
ANC,SEA,526,71,0.135,2331.9337,183.7269,5.8725,11.2643
ANC,SLC,80,11,0.1375,3419.8475,248.8116,2.5942,1.8406
ANC,STL,20,2,0.1,4725.0222,339.0556,8.3889,6.6667
ATL,ABE,60,5,0.0833,1113.6633,94.0909,15.7818,11.9636
ATL,ABQ,66,11,0.1667,2042.2525,164.1296,18.4909,7.1852
ATL,ALB,90,10,0.1111,1371.1577,107.6125,9.6375,2.4
ATL,AUS,160,29,0.1812,1308.3934,110.8769,4.4275,-10.1
ATL,BDL,161,23,0.1429,1382.4231,111.7029,10.913,5.0217
ATL,BHM,217,53,0.2442,215.6516,27.9509,10.2805,3.0736
ATL,BNA,225,55,0.2444,344.3988,37.2471,7.2706,0.8235
ATL,BOS,339,70,0.2065,1522.4356,122.9401,6.6952,0.6929
ATL,BTR,80,12,0.15,722.5937,64.3088,8.7059,0.9118
ATL,BUF,110,16,0.1455,1145.8501,91.1915,6.766,-2.1915
ATL,BWI,381,65,0.1706,926.9798,78.8889,11.1741,7.1778
ATL,CAE,178,39,0.2191,307.3839,32.1367,8.8345,4.9424
ATL,CAK,55,36,0.6545,849.7315,71.6316,23.0,3.8421
ATL,CHS,247,51,0.2065,416.8191,39.8418,7.2449,2.6122
ATL,CLE,170,28,0.1647,891.5744,78.7113,10.338,4.4507
ATL,CLT,438,74,0.1689,365.3202,39.9973,2.3626,-1.8709
ATL,CMH,207,43,0.2077,717.7656,64.4146,9.1037,4.75
ATL,COS,60,5,0.0833,1907.0679,150.8545,15.8364,0.1273
ATL,CVG,306,48,0.1569,600.2838,57.9457,9.5465,4.0039
ATL,DAB,120,13,0.1083,589.0184,52.9159,5.729,2.8879
ATL,DAY,140,20,0.1429,695.2349,62.4,7.9667,2.8
ATL,DCA,273,237,0.8681,880.309,74.5484,10.5833,5.2903
ATL,DEN,334,64,0.1916,1929.5987,160.632,8.1481,-3.0892
ATL,DFW,655,138,0.2107,1178.0369,106.5828,12.7021,4.9844
ATL,DTW,469,77,0.1642,955.948,86.852,4.3214,-2.602
ATL,ELP,23,8,0.3478,2063.1739,162.2667,6.8,-6.0667
ATL,EWR,528,142,0.2689,1198.9583,102.8935,4.544,-4.974
ATL,FLL,290,28,0.0966,935.0265,79.8969,9.7824,4.5687
ATL,GSO,247,53,0.2146,492.458,48.2887,7.1443,3.2371
ATL,GSP,155,38,0.2452,246.229,28.6581,7.641,1.735
ATL,HOU,140,18,0.1286,1120.1006,102.041,8.4672,-0.5738
ATL,HSV,184,31,0.1685,243.0103,28.6013,8.1373,1.366
ATL,IAD,450,89,0.1978,857.7782,76.9164,11.759,7.2786
ATL,IAH,374,75,0.2005,1108.8353,98.3926,4.3478,-2.896
ATL,IND,167,28,0.1677,695.2349,63.3165,4.741,0.0072
ATL,JAN,150,18,0.12,548.7849,51.5878,7.1742,-0.4198
ATL,JAX,320,44,0.1375,434.5218,42.5725,8.8007,4.8949
ATL,JFK,90,12,0.1333,1223.0984,98.7821,23.6667,15.5
ATL,LAS,220,32,0.1455,2811.517,224.5323,11.4202,-2.1774
ATL,LAX,289,35,0.1211,3131.7756,244.044,16.9724,-5.124
ATL,LEX,90,10,0.1111,487.63,46.0375,3.1625,-3.6
ATL,LGA,582,129,0.2216,1224.7077,101.6422,6.064,-6.3444
ATL,LIT,131,24,0.1832,729.031,65.9439,6.4673,-1.9346
ATL,MCI,226,51,0.2257,1113.6633,100.4914,10.6343,4.1771
ATL,MCO,376,50,0.133,648.564,58.3252,12.3405,5.4847
ATL,MDT,60,5,0.0833,996.1815,85.4,11.3818,8.2909
ATL,MDW,90,11,0.1222,949.5106,83.8077,9.7215,-1.7821
ATL,MEM,386,70,0.1813,534.3009,53.2057,4.6487,-0.8608
ATL,MHT,60,7,0.1167,1532.0917,122.6604,3.0189,-2.9057
ATL,MIA,446,68,0.1525,957.5573,81.1799,10.5926,5.4603
ATL,MKE,80,11,0.1375,1076.6485,93.3623,9.6957,0.8261
ATL,MLB,120,14,0.1167,712.9376,63.2453,8.8585,5.3962
ATL,MLU,30,5,0.1667,720.9843,65.28,2.16,0.12
ATL,MOB,191,35,0.1832,486.0207,47.5769,10.0064,3.2628
ATL,MSP,356,51,0.1433,1458.062,129.5548,8.4984,1.7375
ATL,MSY,276,37,0.1341,683.9695,65.6151,7.1841,-0.4059
ATL,OAK,60,6,0.1,3427.8942,272.3208,13.5926,12.7925
ATL,OKC,70,13,0.1857,1224.7077,103.6316,15.193,4.5263
ATL,OMA,60,5,0.0833,1321.2681,113.7273,14.5818,-1.0182
ATL,ONT,60,9,0.15,3057.746,238.6863,5.098,-6.0784
ATL,ORD,766,173,0.2258,975.26,89.4484,5.5565,-3.0491
ATL,ORF,250,39,0.156,830.4194,68.2476,10.8863,6.4286
ATL,PBI,230,27,0.1174,877.0903,74.6733,11.7143,7.3515
ATL,PDX,60,6,0.1,3495.4865,278.3148,18.4444,2.7407
ATL,PHL,444,99,0.223,1070.2111,95.058,6.5826,3.4522
ATL,PHX,330,34,0.103,2554.0226,211.1429,12.9865,-0.7857
ATL,PIT,316,52,0.1646,846.5128,74.1136,4.6629,-0.947
ATL,PNS,200,34,0.17,437.7405,44.1807,6.4639,-1.5723
ATL,PVD,120,11,0.0917,1453.234,113.6019,11.8165,6.9444
ATL,PWM,60,6,0.1,1652.7922,127.1887,16.8333,7.9245
ATL,RDU,286,42,0.1469,572.925,54.4631,7.7008,3.0697
ATL,RIC,243,62,0.2551,774.0925,65.1657,3.768,0.6685
ATL,ROC,78,18,0.2308,1205.3957,96.9,9.15,2.6
ATL,RSW,230,36,0.1565,828.8101,71.5699,10.6649,6.456
ATL,SAN,120,13,0.1083,3043.2619,242.7453,13.3178,-4.4434
ATL,SAT,167,28,0.1677,1406.5632,118.5612,5.1871,-7.5108
ATL,SAV,281,58,0.2064,346.0081,35.1345,7.6547,4.287
ATL,SDF,210,23,0.1095,516.5981,51.369,9.5134,3.1604
ATL,SEA,95,11,0.1158,3511.5799,283.5422,19.3452,9.2048
ATL,SFO,254,45,0.1772,3442.3783,272.7971,12.1962,-5.8261
ATL,SHV,90,11,0.1222,888.3557,78.641,4.3671,-4.8718
ATL,SJC,60,6,0.1,3405.3634,270.4906,9.4259,-10.7547
ATL,SJU,105,18,0.1714,2489.649,186.0805,8.5632,1.2299
ATL,SLC,269,26,0.0967,2557.2413,206.562,11.1811,-3.4835
ATL,SMF,81,14,0.1728,3366.7393,265.9385,13.5373,-1.2769
ATL,SNA,90,9,0.1,3088.3235,247.4557,7.5926,4.1392
ATL,SRQ,170,23,0.1353,716.1563,62.2721,5.3537,-1.2109
ATL,STL,410,72,0.1756,777.3112,75.5178,6.2574,-2.9675
ATL,STT,30,3,0.1,2573.3347,192.0741,2.2963,-4.0741
ATL,SYR,40,8,0.2,1276.2066,100.0323,8.9375,2.0323
ATL,TLH,120,13,0.1083,358.8828,36.215,10.9533,5.6075
ATL,TPA,339,48,0.1416,653.392,58.5052,8.6942,3.2784
ATL,TUL,115,20,0.1739,1084.6952,93.3298,8.7053,-3.0638
ATL,TYS,190,27,0.1421,244.6197,27.7239,7.6564,0.9202
ATL,VPS,90,10,0.1111,424.8658,40.675,10.5375,7.175
AUS,ATL,158,28,0.1772,1308.3934,103.9077,5.7385,-4.4615
AUS,BNA,60,6,0.1,1216.661,99.3148,2.963,-2.5556
AUS,BOS,3,3,1.0,2732.6593,,,
AUS,BWI,30,3,0.1,2159.7343,169.6667,8.9259,3.8889
AUS,CVG,60,10,0.1667,1541.7477,124.1,6.46,4.2
AUS,DAL,383,53,0.1384,304.1653,38.3435,3.903,-0.4529
AUS,DEN,103,33,0.3204,1247.2385,107.087,-1.8286,-0.971
AUS,DFW,432,88,0.2037,305.7746,38.5901,9.4419,6.5785
AUS,ELP,116,14,0.1207,849.7315,73.7745,2.8333,-2.0588
AUS,EWR,49,21,0.4286,2420.4474,194.0741,9.2143,3.4074
AUS,HOU,376,57,0.1516,238.1823,32.5189,5.1755,4.1447
AUS,HRL,30,3,0.1,439.3498,45.3704,0.4074,-5.4444
AUS,IAD,30,8,0.2667,2087.314,172.0455,-1.4091,-10.0455
AUS,IAH,296,64,0.2162,225.3076,33.6364,1.5862,-1.8355
AUS,LAS,86,9,0.1047,1754.1806,149.4416,4.7013,-3.6883
AUS,LAX,89,15,0.1685,1998.8003,162.411,8.4324,-3.2877
AUS,LBB,60,7,0.1167,548.7849,50.5472,4.8302,0.6604
AUS,MAF,56,6,0.1071,473.146,45.6,9.26,6.78
AUS,MCO,30,3,0.1,1598.0746,123.5185,8.8148,-2.7778
AUS,MEM,80,9,0.1125,899.6211,80.2535,-3.0986,-4.2535
AUS,MSP,86,11,0.1279,1676.9323,143.0137,-4.48,-7.5205
AUS,ORD,209,40,0.1914,1573.9345,132.9345,7.645,4.7381
AUS,PHX,247,32,0.1296,1403.3445,122.7349,3.3535,-0.3256
AUS,RDU,60,9,0.15,1870.0531,142.1176,1.7647,-10.4706
AUS,SAN,60,8,0.1333,1873.2718,156.0577,4.0385,-4.1923
AUS,SFO,14,13,0.9286,2420.4474,,36.0,
AUS,SJC,77,18,0.2338,2375.3858,192.569,11.1525,7.8621
AUS,SLC,30,3,0.1,1746.1339,146.963,4.2222,-1.0741
AUS,STL,94,12,0.1277,1161.9435,103.0854,-1.4268,-6.878
AUS,TPA,30,3,0.1,1493.4675,117.7778,6.0741,-5.5185
AVL,CLT,135,40,0.2963,148.0593,25.3053,-4.2947,-2.0
AVP,PHL,30,5,0.1667,168.9807,25.72,8.4,1.2
AVP,PIT,76,17,0.2237,391.0696,46.7288,0.8644,0.1356
AZO,DTW,29,3,0.1034,181.8554,30.5769,1.4231,-0.2308
AZO,MSP,21,11,0.5238,685.5788,70.8,-10.2,-9.2
AZO,ORD,146,20,0.137,196.3395,29.1905,1.3968,-2.7937
BDL,ATL,161,24,0.1491,1382.4231,120.0294,5.7372,-4.8088
BDL,BNA,60,8,0.1333,1371.1577,122.25,4.1923,-8.25
BDL,BOS,1,0,0.0,146.4499,23.0,43.0,39.0
BDL,BWI,321,62,0.1931,455.4432,51.4865,4.2973,2.5405
BDL,CLE,17,4,0.2353,764.4365,84.5385,-3.0769,-1.6923
BDL,CLT,117,22,0.188,1036.415,93.9895,-2.0105,-8.7158
BDL,CVG,110,10,0.0909,1063.7737,97.38,3.55,-7.05
BDL,DCA,62,61,0.9839,503.7234,68.0,4.0,13.0
BDL,DEN,13,11,0.8462,2689.2071,231.0,-6.5,-18.0
BDL,DFW,110,14,0.1273,2367.3391,198.1398,18.2917,11.3656
BDL,DTW,122,28,0.2295,881.9183,87.8404,-0.0319,-10.8617
BDL,FLL,90,12,0.1333,1887.7558,167.8961,0.5,-5.3247
BDL,IAD,47,17,0.3617,524.6448,60.1,6.5333,6.1
BDL,IAH,11,8,0.7273,2425.2754,193.0,18.0,10.5
BDL,JFK,120,27,0.225,170.59,35.3333,5.3978,-2.3226
BDL,LAS,4,0,0.0,3698.2633,309.5,15.0,5.0
BDL,LAX,3,3,1.0,4066.8022,,,
BDL,MCO,196,34,0.1735,1689.807,150.1988,-0.3025,-10.5217
BDL,MDW,60,6,0.1,1250.4572,117.0566,2.7963,-7.4151
BDL,MIA,30,3,0.1,1921.552,161.2222,14.2593,22.2593
BDL,MSP,81,17,0.2099,1689.807,153.0794,-1.8438,-11.3492
BDL,ORD,317,65,0.205,1260.1132,117.0159,9.8214,3.5238
BDL,PBI,90,11,0.1222,1823.3822,162.0253,1.0759,-3.6203
BDL,PHL,166,47,0.2831,315.4306,51.4454,3.4958,3.084
BDL,PHX,30,3,0.1,3561.4694,285.1852,8.8148,-3.1111
BDL,PIT,147,24,0.1633,653.392,65.7236,1.8618,-1.2764
BDL,SJU,30,5,0.1667,2681.1604,207.2,20.12,10.4
BDL,STL,120,11,0.0917,1540.1384,139.5463,1.9541,-9.6481
BDL,TPA,60,5,0.0833,1787.9767,159.4259,2.2909,8.9074
BET,ANC,93,12,0.129,642.1267,58.0247,2.2346,2.8642
BFL,LAX,180,31,0.1722,175.4181,33.5839,-3.7315,-8.6644
BGR,BOS,361,149,0.4127,323.4773,51.2783,4.7877,-5.5047
BGR,LGA,39,10,0.2564,608.3305,69.3214,0.6207,-23.8929
BHM,ATL,218,55,0.2523,215.6516,29.9571,1.6196,-5.0982
BHM,BNA,86,11,0.1279,284.8532,34.08,3.88,-1.8267
BHM,BWI,90,10,0.1111,1097.5699,94.7875,6.5375,1.075
BHM,CLT,139,42,0.3022,564.8783,55.7216,6.1546,6.7732
BHM,CVG,50,6,0.12,637.2986,65.7045,-2.25,-4.7273
BHM,DFW,90,12,0.1333,960.776,94.1795,4.3205,2.6923
BHM,DTW,53,6,0.1132,1005.8375,91.0435,-3.4894,-7.9348
BHM,HOU,61,8,0.1311,917.3238,90.0385,3.4906,-1.4423
BHM,IAH,51,11,0.2157,904.4491,85.4,-1.375,-4.975
BHM,JAN,23,9,0.3913,339.5707,37.9286,-2.2143,-6.6429
BHM,JAX,30,3,0.1,587.4091,52.5926,3.2222,-3.963
BHM,LAS,30,3,0.1,2603.9121,216.6296,4.8148,-6.3333
BHM,MCO,30,3,0.1,769.2645,69.1852,1.2963,-9.8889
BHM,MDW,60,7,0.1167,917.3238,83.434,2.7358,-3.0
BHM,MEM,64,9,0.1406,339.5707,39.9636,6.5455,3.3455
BHM,MSY,198,22,0.1111,516.5981,51.4425,5.0511,-1.9943
BHM,PHX,30,3,0.1,2341.5897,202.9231,8.3333,-4.2692
BHM,SDF,60,8,0.1333,519.8168,49.8077,1.1538,-4.6923
BHM,STL,30,4,0.1333,659.8294,62.6538,1.2692,-0.9615
BHM,TPA,60,6,0.1,740.2964,64.5,7.8889,2.2593
BIL,DEN,60,13,0.2167,732.2497,64.617,-3.9149,-5.3191
BIL,MSP,71,17,0.2394,1203.7863,100.3333,-6.7963,-10.963
BIL,SLC,90,10,0.1111,622.8146,57.1,-0.125,-4.6375
BIS,MSP,100,19,0.19,621.2052,60.0123,-0.6667,-7.2593
BMI,ORD,116,15,0.1293,186.6834,27.93,-3.901,-8.11
BNA,ATL,226,58,0.2566,344.3988,38.125,4.7202,-1.5298
BNA,AUS,60,6,0.1,1216.661,106.9444,2.6481,-6.6111
BNA,BDL,60,6,0.1,1371.1577,115.2963,6.5185,3.2963
BNA,BHM,86,9,0.1047,284.8532,31.013,3.2078,-1.2727
BNA,BOS,90,19,0.2111,1517.6076,125.8873,1.1972,-9.7606
BNA,BWI,266,30,0.1128,946.2919,89.0636,5.3136,10.9364
BNA,CLE,116,14,0.1207,720.9843,68.951,4.3627,2.8235
BNA,CLT,135,30,0.2222,529.4729,52.219,-0.2667,0.7429
BNA,CMH,52,7,0.1346,543.9569,57.8444,2.1778,1.3556
BNA,CVG,30,2,0.0667,370.1482,42.3214,5.25,-2.8214
BNA,DCA,29,28,0.9655,904.4491,90.0,-6.0,10.0
BNA,DFW,232,68,0.2931,1015.4935,90.8447,9.2744,2.7329
BNA,DTW,265,50,0.1887,735.4684,71.9628,0.5349,-4.1721
BNA,EWR,52,9,0.1731,1203.7863,108.3953,-1.5814,-11.9302
BNA,FLL,30,3,0.1,1276.2066,107.2222,10.037,3.4815
BNA,HOU,197,21,0.1066,1078.2578,99.2557,3.7557,-1.1818
BNA,IAH,74,11,0.1486,1057.3364,100.5873,-1.0317,-3.0317
BNA,ISP,61,6,0.0984,1292.3,110.9259,4.8364,-0.4444
BNA,JAX,90,10,0.1111,778.9206,68.2375,2.2875,-1.525
BNA,LAS,90,10,0.1111,2555.6319,210.725,2.75,-13.175
BNA,LAX,120,14,0.1167,2891.984,234.8286,8.6132,-6.1048
BNA,LGA,86,19,0.2209,1229.5358,104.7463,2.0896,-9.5672
BNA,MCI,116,13,0.1121,790.1859,77.4175,3.2136,-2.9903
BNA,MCO,166,29,0.1747,991.3534,85.1825,3.5182,-1.8759
BNA,MDW,250,30,0.12,635.6893,61.9318,7.0182,3.5591
BNA,MEM,74,12,0.1622,321.868,38.2742,0.0484,-4.2581
BNA,MHT,60,6,0.1,1509.5609,116.1481,5.2963,-7.2407
BNA,MIA,20,3,0.15,1297.128,105.8824,9.5882,5.3529
BNA,MSP,107,18,0.1682,1118.4913,106.977,3.2584,-5.8276
BNA,MSY,90,10,0.1111,757.9991,68.225,4.7375,-1.5125
BNA,OAK,30,3,0.1,3152.6971,251.8148,8.4815,-9.2593
BNA,ONT,30,5,0.1667,2817.9543,228.56,0.6,-13.8
BNA,ORD,120,15,0.125,658.2201,70.1635,4.7333,-0.7404
BNA,PBI,60,7,0.1167,1219.8797,103.3396,3.9057,-6.6981
BNA,PHL,86,12,0.1395,1086.3045,103.9324,7.2973,10.3649
BNA,PHX,90,9,0.1,2330.3243,195.3544,6.9383,-9.9241
BNA,PIT,119,31,0.2605,743.5151,70.4713,-2.0341,-1.5632
BNA,PVD,60,7,0.1167,1459.6714,118.434,7.7925,2.6038
BNA,RDU,146,16,0.1096,712.9376,66.2231,5.7538,-0.0077
BNA,SAN,60,7,0.1167,2817.9543,229.8462,4.6792,-2.2692
BNA,SAT,30,3,0.1,1322.8775,115.2222,8.2222,-1.3704
BNA,SEA,30,4,0.1333,3181.6652,268.0,9.5,-18.5
BNA,STL,176,17,0.0966,436.1311,48.2516,-0.6038,-4.8176
BNA,TPA,116,14,0.1207,984.9161,83.2059,2.9804,-4.8824
BOI,DEN,120,27,0.225,1044.4617,85.5269,-0.5484,-1.4624
BOI,GEG,86,11,0.1279,461.8806,44.56,3.8533,-1.7733
BOI,LAS,60,8,0.1333,836.8568,83.9423,4.9038,-1.1154
BOI,MSP,73,18,0.2466,1837.8663,143.2963,0.8545,-1.3704
BOI,OAK,30,3,0.1,822.3727,76.8148,3.2222,0.7407
BOI,ORD,30,5,0.1667,2312.6216,176.6,3.64,1.12
BOI,PDX,90,10,0.1111,553.613,54.15,7.0,0.825
BOI,PHX,56,6,0.1071,1182.8649,103.58,1.74,-0.02
BOI,RNO,86,11,0.1279,539.1289,49.9867,3.24,-1.96
BOI,SEA,90,12,0.1333,642.1267,66.3718,3.5256,1.3846
BOI,SFO,104,31,0.2981,840.0755,81.5694,-0.9315,-7.8194
BOI,SLC,146,25,0.1712,468.3179,43.9669,0.6364,-3.7686
BOS,ALB,86,26,0.3023,233.3543,38.6667,6.9,-4.1333
BOS,ATL,323,58,0.1796,1522.4356,132.3245,9.4075,-4.8943
BOS,AUS,3,3,1.0,2732.6593,,,
BOS,BGR,361,148,0.41,323.4773,46.0141,10.0704,-1.7183
BOS,BNA,90,19,0.2111,1517.6076,135.6761,8.6338,-3.507
BOS,BTV,142,42,0.2958,291.2905,44.1,5.77,-7.95
BOS,BWI,353,80,0.2266,595.4558,63.381,4.8278,-4.0256
BOS,CLE,118,34,0.2881,906.0584,90.8214,-0.381,-7.0595
BOS,CLT,221,57,0.2579,1171.5995,107.3415,5.6159,-2.0305
BOS,CMH,116,31,0.2672,1029.9776,98.3765,9.8941,-0.2235
BOS,CVG,168,38,0.2262,1210.2237,109.1783,9.2538,-3.5659
BOS,DCA,372,328,0.8817,642.1267,70.4773,0.3182,1.0909
BOS,DEN,144,51,0.3542,2822.7824,230.2065,7.4301,-9.8261
BOS,DFW,350,90,0.2571,2513.7891,209.664,16.5808,2.4664
BOS,DTW,226,54,0.2389,1017.1029,95.7674,4.3547,-8.6453
BOS,EWR,607,252,0.4152,321.868,49.0535,2.5775,-8.907
BOS,FLL,167,53,0.3174,1990.7536,179.3717,8.7018,-3.0796
BOS,HPN,216,105,0.4861,267.1504,45.5676,6.982,-2.0
BOS,IAD,275,79,0.2873,664.6574,70.4615,4.9643,0.8718
BOS,IAH,153,35,0.2288,2570.116,217.8793,1.5593,-6.3966
BOS,ISP,282,136,0.4823,246.229,41.1027,7.3288,-4.0205
BOS,JFK,345,75,0.2174,300.9466,48.5963,21.3,8.4
BOS,LAS,72,20,0.2778,3831.8385,307.902,5.4038,-11.098
BOS,LAX,256,52,0.2031,4201.9867,328.4109,15.6127,-6.8168
BOS,LGA,759,474,0.6245,297.7279,40.3333,0.7684,-14.2211
BOS,MCO,308,86,0.2792,1804.0701,160.3455,6.7027,-3.0318
BOS,MEM,77,13,0.1688,1833.0383,159.2344,0.2656,-9.7031
BOS,MIA,123,28,0.2276,2024.5497,171.8421,40.0632,29.3474
BOS,MSP,230,50,0.2174,1808.8982,159.1685,2.6389,-10.0787
BOS,ORD,699,209,0.299,1395.2978,126.8724,11.7959,-0.8457
BOS,ORF,90,13,0.1444,753.1711,73.4805,7.3766,-4.0649
BOS,PBI,116,37,0.319,1926.38,170.8571,10.1013,0.1169
BOS,PHL,656,294,0.4482,450.6152,64.989,5.558,-1.6381
BOS,PHX,71,21,0.2958,3701.482,299.28,8.42,-15.44
BOS,PIT,265,66,0.2491,798.2326,77.7323,3.7387,-5.2222
BOS,PWM,217,67,0.3088,152.8873,25.1267,8.12,-1.4733
BOS,RDU,149,23,0.1544,984.9161,93.3254,13.5159,-12.3413
BOS,RIC,106,25,0.2358,762.8272,78.0988,11.8025,1.5556
BOS,ROC,98,27,0.2755,552.0036,83.2857,13.6056,-0.8286
BOS,RSW,80,19,0.2375,2010.0657,185.0167,9.8525,-0.3333
BOS,SAN,33,7,0.2121,4164.9719,331.7308,19.4231,-3.2308
BOS,SEA,30,4,0.1333,4016.9126,326.32,25.7308,-0.32
BOS,SFO,242,62,0.2562,4351.6554,343.905,12.9833,-7.1676
BOS,SJC,63,11,0.1746,4327.5153,343.3922,23.5192,0.6471
BOS,SJU,90,12,0.1333,2694.0352,213.8846,28.5513,20.8205
BOS,SLC,76,14,0.1842,3387.6607,275.9508,7.2742,-12.0656
BOS,STL,180,30,0.1667,1683.3696,152.7297,5.2133,-3.7095
BOS,TPA,138,50,0.3623,1907.0679,173.4432,3.5455,-7.1705
BPT,DFW,155,19,0.1226,434.5218,66.0741,-1.7059,-7.8
BQN,EWR,8,5,0.625,2550.8039,204.3333,-5.6667,-23.6667
BRO,IAH,17,5,0.2941,495.6767,54.25,-2.9167,-5.0
BRW,FAI,67,13,0.194,809.498,71.3889,6.1667,4.8148
BTR,ATL,80,12,0.15,722.5937,63.4118,-1.4118,-7.6324
BTR,DFW,190,21,0.1105,616.3772,83.1905,-3.2722,-10.381
BTR,IAH,26,3,0.1154,407.163,47.3478,-3.3043,1.8261
BTR,ORD,56,15,0.2679,1303.5654,117.3171,-4.0488,-8.8049
BTV,BOS,142,43,0.3028,291.2905,46.4848,-3.6364,-10.6263
BTV,ORD,80,20,0.25,1227.9264,108.7288,1.6667,-4.8814
BTV,PHL,81,17,0.2099,540.7382,65.7344,4.2344,2.75
BTV,PIT,60,12,0.2,730.6404,75.0,-0.4167,0.6667
BUF,ATL,110,16,0.1455,1145.8501,99.9574,0.766,-9.5957
BUF,BWI,206,24,0.1165,452.2245,51.7912,1.9231,-6.5659
BUF,CLT,84,16,0.1905,878.6996,85.5147,6.3971,3.3824
BUF,CVG,20,3,0.15,659.8294,66.0588,7.0,-0.1176
BUF,DCA,48,47,0.9792,476.3646,53.0,-3.0,-7.0
BUF,DFW,30,3,0.1,1950.5201,162.0,2.5926,-8.4615
BUF,DTW,127,26,0.2047,386.2416,45.9604,7.3267,5.099
BUF,EWR,81,19,0.2346,453.8339,54.5806,3.6452,-1.3871
BUF,JFK,80,29,0.3625,484.4113,84.8824,5.1765,0.7843
BUF,LAS,30,3,0.1,3197.7586,256.2593,0.6667,-22.1481
BUF,LGA,130,51,0.3923,469.9273,53.2278,0.4051,-8.519
BUF,MCO,34,4,0.1176,1627.0427,134.6,0.3667,-18.1
BUF,MSP,51,7,0.1373,1181.2556,111.9302,3.2727,-3.5349
BUF,ORD,225,45,0.2,761.2178,74.0503,10.4,1.6425
BUF,PHL,143,33,0.2308,449.0059,55.5505,2.0727,-3.7248
BUF,PHX,30,4,0.1333,3077.0581,250.8077,4.0385,-24.3077
BUF,PIT,111,21,0.1892,299.3372,40.3222,1.8444,0.8778
BUR,DEN,54,21,0.3889,1367.939,112.5625,-1.3636,-0.25
BUR,DFW,63,12,0.1905,1981.0975,154.72,11.2745,7.66
BUR,LAS,356,40,0.1124,358.8828,40.5918,1.0696,-1.5063
BUR,OAK,434,55,0.1267,523.0355,52.6728,2.3509,2.9499
BUR,PDX,86,18,0.2093,1314.8308,111.1324,1.8529,-0.9118
BUR,PHX,329,49,0.1489,593.8465,63.4964,2.1893,0.7393
BUR,SEA,73,20,0.274,1507.9516,129.3962,1.0566,-1.6038
BUR,SFO,280,106,0.3786,524.6448,54.2832,6.9598,4.3237
BUR,SJC,236,28,0.1186,476.3646,47.2644,2.375,0.0721
BUR,SMF,288,38,0.1319,576.1437,55.768,1.768,-0.02
BWI,ABQ,30,4,0.1333,2687.5978,222.9615,2.6923,1.6154
BWI,ALB,194,27,0.1392,463.4899,54.1257,5.1617,6.3114
BWI,ATL,352,63,0.179,926.9798,85.2396,9.564,1.3576
BWI,AUS,30,4,0.1333,2159.7343,183.6923,8.5385,-0.9615
BWI,BDL,321,55,0.1713,455.4432,50.8947,5.2669,5.6241
BWI,BHM,90,10,0.1111,1097.5699,99.8875,4.975,-4.3375
BWI,BNA,269,29,0.1078,946.2919,87.4917,6.05,-1.5542
BWI,BOS,351,75,0.2137,595.4558,59.7065,3.5217,-7.9746
BWI,BUF,206,24,0.1165,452.2245,46.989,5.5,-6.1813
BWI,CLE,295,44,0.1492,505.3328,53.9044,4.3466,2.502
BWI,CLT,244,36,0.1475,580.9717,60.3654,6.4038,7.5144
BWI,CMH,62,7,0.1129,540.7382,57.8,8.4364,-0.7636
BWI,CVG,96,15,0.1562,692.0162,68.716,9.9506,1.2716
BWI,DEN,120,27,0.225,2399.5259,196.5495,6.6452,-0.7692
BWI,DFW,162,30,0.1852,1958.5668,162.2366,24.6894,18.9008
BWI,DTW,211,46,0.218,656.6107,67.9758,7.3455,3.6606
BWI,FLL,162,29,0.179,1488.6395,138.197,5.4962,2.6439
BWI,HOU,60,9,0.15,2005.2376,174.7451,5.4118,-1.902
BWI,IAH,167,24,0.1437,1987.5349,166.5248,0.6084,0.2553
BWI,IND,86,11,0.1279,828.8101,80.8933,3.56,-3.88
BWI,ISP,236,27,0.1144,354.0548,43.3014,4.4258,3.1196
BWI,JAN,60,7,0.1167,1429.0939,125.4717,3.2075,-5.283
BWI,JAX,136,29,0.2132,1066.9924,98.2056,6.6916,3.4486
BWI,JFK,180,28,0.1556,296.1186,50.9211,13.4539,5.5658
BWI,LAS,120,12,0.1,3389.27,274.1321,18.5741,1.4717
BWI,LAX,91,28,0.3077,3748.1529,295.5902,16.1429,10.7541
BWI,LIT,30,3,0.1,1467.7181,125.9259,3.3333,-11.7778
BWI,MCI,90,10,0.1111,1556.2318,137.25,7.975,-3.975
BWI,MCO,312,54,0.1731,1266.5506,114.4457,6.1938,3.3605
BWI,MDW,278,63,0.2266,983.3067,95.6542,7.3721,1.5748
BWI,MEM,11,9,0.8182,1266.5506,103.0,-0.5,-18.5
BWI,MHT,340,51,0.15,606.7212,59.6644,7.9412,6.3114
BWI,MIA,80,17,0.2125,1522.4356,134.1129,23.6984,22.0484
BWI,MSP,102,20,0.1961,1506.3422,132.2317,14.0854,9.4634
BWI,MSY,76,19,0.25,1606.1213,141.4107,5.6842,-0.0536
BWI,ORD,318,63,0.1981,1001.0095,96.1535,12.2353,7.685
BWI,ORF,27,0,0.0,255.8851,31.4444,2.963,-4.2963
BWI,PBI,85,16,0.1882,1421.0472,129.5072,6.6232,6.6522
BWI,PHL,159,33,0.2075,144.8406,28.3651,2.5079,2.0556
BWI,PHX,224,32,0.1429,3217.0707,262.8936,18.1823,-2.1436
BWI,PIT,159,32,0.2013,337.9614,37.4803,6.7638,6.7795
BWI,PVD,458,72,0.1572,527.8635,52.8031,5.8731,5.6399
BWI,RDU,150,18,0.12,410.3817,45.6667,8.4394,5.5379
BWI,RSW,30,4,0.1333,1478.9835,135.28,7.6538,7.64
BWI,SAT,30,3,0.1,2264.3414,192.1538,7.1481,-1.5
BWI,SDF,146,15,0.1027,796.6233,79.5615,7.4656,-0.8077
BWI,SEA,20,3,0.15,3757.8089,300.0,5.1765,-20.8125
BWI,SFO,75,16,0.2133,3954.1484,315.6667,21.1356,14.1579
BWI,SJU,30,3,0.1,2518.6171,198.2963,40.2222,41.2963
BWI,SLC,30,3,0.1,2999.8098,251.7692,3.6667,-11.5769
BWI,STL,270,27,0.1,1186.0836,111.8589,6.3333,-2.6224
BWI,TPA,252,41,0.1627,1355.0643,121.8863,6.3649,3.128
BZN,MSP,60,7,0.1167,1406.5632,117.7547,3.0,4.9057
BZN,SLC,60,8,0.1333,558.441,51.6731,0.7692,-3.7692
CAE,ATL,175,37,0.2114,307.3839,37.4855,6.2971,-2.529
CAE,CLT,93,38,0.4086,141.6219,26.9091,-2.2545,-2.9273
CAK,ATL,50,31,0.62,849.7315,77.6316,1.7368,-2.6842
CAK,PIT,68,22,0.3235,112.6538,22.3478,-1.9565,-0.8696
CDV,ANC,30,4,0.1333,257.4944,31.5769,-0.9615,0.1538
CDV,YAK,30,3,0.1,342.7894,37.1111,11.4074,13.8519
CHA,CLT,71,37,0.5211,389.4603,44.5294,0.7353,-1.8235
CHA,ORD,86,12,0.1395,806.2793,78.0548,1.8784,-7.2329
CHS,ATL,247,53,0.2146,416.8191,44.2732,2.9021,-4.4691
CHS,CLT,198,43,0.2172,270.3691,33.6903,-0.329,-4.6968
CHS,DCA,17,16,0.9412,714.547,66.0,-5.0,-3.0
CID,DEN,60,15,0.25,1113.6633,97.3556,-0.2,-3.7333
CID,DFW,90,11,0.1222,1102.3979,100.2911,-0.3924,-12.7215
CID,MSP,9,1,0.1111,355.6641,41.5,-7.5,-14.75
CID,ORD,277,60,0.2166,315.4306,37.9309,-3.2719,-8.6406
CID,STL,202,25,0.1238,366.9295,40.0621,-0.8192,-1.1073
CLE,ATL,198,31,0.1566,891.5744,81.1198,-2.503,-12.0599
CLE,BDL,17,4,0.2353,764.4365,69.0,-5.6154,-6.4615
CLE,BNA,116,13,0.1121,720.9843,69.9029,1.8447,-10.1748
CLE,BOS,117,34,0.2906,906.0584,81.012,-1.6145,-8.6867
CLE,BWI,299,44,0.1472,505.3328,55.0,3.7255,0.2627
CLE,CLT,120,25,0.2083,692.0162,68.3053,0.0737,-2.1158
CLE,CVG,120,14,0.1167,355.6641,38.6792,-0.1321,-6.2925
CLE,DCA,54,53,0.9815,498.8954,52.0,-2.0,-3.0
CLE,DEN,112,18,0.1607,1932.8173,164.0109,5.734,0.0978
CLE,DFW,140,43,0.3071,1643.1361,139.5263,7.6082,-0.1895
CLE,DTW,111,15,0.1351,152.8873,26.8646,7.8854,-0.0208
CLE,EWR,180,25,0.1389,650.1734,63.5806,3.4645,-6.7355
CLE,FLL,47,5,0.1064,1709.1191,145.3333,3.5476,2.5238
CLE,IAH,209,25,0.1196,1755.7899,148.3388,1.8587,-2.082
CLE,JFK,90,17,0.1889,683.9695,88.3014,8.9178,-2.7945
CLE,LAS,125,35,0.28,2937.0455,232.4444,3.1333,-9.6111
CLE,LAX,101,21,0.2079,3303.975,260.2152,2.5625,-10.481
CLE,LGA,218,60,0.2752,672.7041,68.6306,0.8481,-15.2484
CLE,MCO,87,28,0.3218,1440.3593,119.3051,0.0,-5.1186
CLE,MDW,242,30,0.124,494.0674,51.8143,5.2264,0.3095
CLE,MEM,41,11,0.2683,1001.0095,90.8,-4.8333,-15.7
CLE,MIA,48,11,0.2292,1738.0872,143.6111,12.973,7.5
CLE,MSP,112,13,0.1161,1001.0095,97.3608,3.0606,-1.4845
CLE,MSY,30,5,0.1667,1475.7648,122.0,-4.6,-9.36
CLE,ORD,527,131,0.2486,508.5514,56.1218,3.197,-3.9112
CLE,PBI,21,6,0.2857,1641.5268,136.2667,-1.0667,-8.8667
CLE,PHL,156,31,0.1987,584.1904,63.768,1.2,-4.608
CLE,PHX,103,24,0.233,2795.4236,228.4805,10.4937,0.974
CLE,RSW,30,4,0.1333,1649.5735,137.4615,-3.4615,-5.4231
CLE,SFO,60,9,0.15,3477.7837,279.36,6.3333,-0.74
CLE,SJU,3,1,0.3333,2959.5763,253.0,-5.0,4.5
CLE,STL,233,23,0.0987,783.7486,75.5359,7.2571,-0.5837
CLE,TPA,56,10,0.1786,1491.8582,126.8444,-3.3696,-8.9778
CLL,DFW,230,45,0.1957,263.9318,44.8595,-3.6324,-5.2108
CLT,ABE,30,3,0.1,774.0925,75.4074,-1.6296,-3.2963
CLT,ALB,60,7,0.1167,1039.6336,93.1887,0.2453,-6.9434
CLT,ATL,408,70,0.1716,365.3202,42.0947,2.9734,-10.3935
CLT,AVL,135,41,0.3037,148.0593,21.8298,-1.6383,-3.2766
CLT,BDL,112,23,0.2054,1036.415,89.3258,8.2697,4.2472
CLT,BHM,139,42,0.3022,564.8783,59.1856,-1.4227,-3.1134
CLT,BNA,135,29,0.2148,529.4729,57.0566,1.2075,-0.7453
CLT,BOS,280,72,0.2571,1171.5995,99.5096,2.8894,-4.2163
CLT,BUF,83,17,0.2048,878.6996,78.0606,7.803,2.5303
CLT,BWI,241,39,0.1618,580.9717,56.4604,6.3762,2.9059
CLT,CAE,91,39,0.4286,141.6219,21.1538,-2.4038,-6.9231
CLT,CHA,72,39,0.5417,389.4603,42.1515,3.9091,1.1212
CLT,CHS,198,43,0.2172,270.3691,30.9935,0.8968,-1.6839
CLT,CLE,120,22,0.1833,692.0162,70.3367,0.8265,-6.051
CLT,CMH,110,21,0.1909,556.8316,56.6629,2.9888,-0.6629
CLT,DAY,60,8,0.1333,595.4558,63.9808,2.1154,-1.8654
CLT,DCA,184,183,0.9946,532.6915,52.0,-4.0,-8.0
CLT,DEN,85,9,0.1059,2151.6876,182.2667,5.7632,-3.3733
CLT,DFW,292,61,0.2089,1506.3422,134.7446,1.1255,-3.7835
CLT,DTW,226,49,0.2168,804.67,80.0286,-0.1751,-7.9486
CLT,EWR,279,99,0.3548,851.3409,80.3722,0.6167,-7.1722
CLT,FAY,7,6,0.8571,189.9021,22.0,69.0,60.0
CLT,FLL,184,31,0.1685,1015.4935,93.6536,3.6209,0.7843
CLT,GSO,182,54,0.2967,133.5752,21.6094,-0.4766,-5.0156
CLT,GSP,114,52,0.4561,120.7005,18.4839,6.6452,1.2258
CLT,HSV,45,20,0.4444,535.9102,54.96,1.04,-3.8
CLT,IAD,145,24,0.1655,516.5981,53.3719,4.843,-0.3967
CLT,IAH,158,32,0.2025,1469.3274,131.944,7.9048,5.496
CLT,ILM,165,39,0.2364,297.7279,33.127,1.619,-0.873
CLT,IND,141,27,0.1915,688.7975,71.9825,1.4298,-2.0526
CLT,JAX,149,29,0.1946,529.4729,52.0672,7.1917,5.7647
CLT,LAS,78,19,0.2436,3083.4954,246.8103,10.0678,5.6379
CLT,LAX,127,30,0.2362,3419.8475,273.5729,12.8351,3.1562
CLT,LGA,296,86,0.2905,875.481,78.8612,3.2905,-6.7703
CLT,LWB,13,2,0.1538,297.7279,33.5455,12.3636,8.4545
CLT,MCI,135,24,0.1778,1301.9561,120.4324,1.7838,-2.4865
CLT,MCO,242,44,0.1818,753.1711,68.6616,4.8434,3.3081
CLT,MDT,60,7,0.1167,664.6574,64.6981,-1.5094,-4.6038
CLT,MEM,191,42,0.2199,823.9821,79.745,2.0134,-1.4094
CLT,MIA,158,28,0.1772,1046.071,93.0615,2.2615,-3.1692
CLT,MKE,60,7,0.1167,1047.6803,100.0943,7.3019,4.6604
CLT,MSP,111,21,0.1892,1496.6862,138.2989,0.1444,-6.7011
CLT,MSY,149,29,0.1946,1047.6803,94.5667,0.5417,0.3583
CLT,MYR,234,43,0.1838,251.057,31.9476,0.3141,-0.5602
CLT,ORD,490,134,0.2735,963.9947,94.2825,1.5815,-1.0537
CLT,ORF,171,43,0.2515,466.7086,45.9766,2.4844,-2.7109
CLT,PBI,120,16,0.1333,949.5106,85.8077,5.3654,5.0192
CLT,PHL,277,63,0.2274,720.9843,69.9907,7.2103,4.7897
CLT,PHX,56,8,0.1429,2854.9692,233.7021,3.2917,-2.3617
CLT,PIT,337,74,0.2196,589.0184,57.6198,3.4259,-0.076
CLT,PNS,116,26,0.2241,785.3579,73.3556,0.4111,1.0
CLT,PVD,118,21,0.178,1099.1792,91.4124,5.6804,2.5773
CLT,RDU,239,53,0.2218,209.2142,28.8387,0.0645,-0.6452
CLT,RIC,196,69,0.352,411.991,41.937,-1.5748,-5.7008
CLT,ROA,95,36,0.3789,249.4477,32.3051,-0.4915,-1.4237
CLT,ROC,59,11,0.1864,922.1518,83.2708,-0.5208,-2.4167
CLT,RSW,120,16,0.1333,965.604,86.7885,1.4327,-1.2596
CLT,SAN,60,8,0.1333,3342.5992,269.46,5.0385,-0.16
CLT,SAV,159,47,0.2956,342.7894,37.9286,2.2143,-1.6518
CLT,SDF,90,19,0.2111,540.7382,61.1268,-1.4366,-3.5915
CLT,SEA,77,17,0.2208,3667.6859,300.322,7.5833,-0.9153
CLT,SFO,114,25,0.2193,3695.0446,297.5795,9.764,1.4318
CLT,SJU,38,5,0.1316,2372.1672,189.8788,6.8485,14.0
CLT,SRQ,89,12,0.1348,880.309,80.7792,2.026,-0.039
CLT,STL,225,35,0.1556,925.3705,91.3895,4.2263,-2.0
CLT,STT,5,1,0.2,2446.1968,196.25,33.25,19.5
CLT,SYR,30,3,0.1,970.432,89.1111,5.4444,1.1481
CLT,TPA,222,40,0.1802,817.5447,74.6429,3.2418,1.6703
CLT,TRI,7,7,1.0,193.1208,,,
CLT,TYS,71,31,0.4366,284.8532,34.725,-1.75,-2.15
CMH,ATL,191,35,0.1832,717.7656,68.2244,2.8013,-5.8782
CMH,BNA,52,6,0.1154,543.9569,55.2174,1.7826,-2.3043
CMH,BOS,116,31,0.2672,1029.9776,90.5882,1.6235,-9.2235
CMH,BWI,62,7,0.1129,540.7382,53.7273,5.8545,-8.1636
CMH,CLT,104,20,0.1923,556.8316,57.4167,-0.3929,-4.2024
CMH,CVG,136,24,0.1765,186.6834,28.1964,6.9732,1.9464
CMH,DCA,105,103,0.981,518.2075,52.5,-2.0,-2.0
CMH,DEN,60,14,0.2333,1858.7877,161.6889,5.1087,-1.8222
CMH,DFW,127,35,0.2756,1491.8582,127.3407,7.6087,4.022
CMH,DTW,137,25,0.1825,249.4477,37.2946,4.7768,1.7054
CMH,EWR,78,18,0.2308,743.5151,77.55,-0.9167,-0.6667
CMH,IAD,6,1,0.1667,481.1927,48.8,-0.6,-5.6
CMH,IAH,82,13,0.1585,1586.8092,136.971,1.6812,-3.1594
CMH,LAS,90,8,0.0889,2851.7505,229.6709,9.7927,-3.9747
CMH,LAX,30,3,0.1,3212.2426,260.3333,14.8889,13.7037
CMH,LGA,108,18,0.1667,769.2645,74.4607,3.5889,-11.0562
CMH,MCO,130,18,0.1385,1290.6907,109.9018,-0.875,-6.7589
CMH,MDW,172,21,0.1221,457.0526,49.0596,4.5762,1.0927
CMH,MEM,21,10,0.4762,833.6381,80.2727,2.1818,-0.3636
CMH,MSP,99,19,0.1919,1009.0562,96.1169,6.025,0.3117
CMH,ORD,403,98,0.2432,476.3646,51.7096,2.5902,-5.2937
CMH,PHL,137,37,0.2701,651.7827,66.3776,2.28,-7.6531
CMH,PHX,176,18,0.1023,2689.2071,220.3949,11.0823,-2.9554
CMH,PIT,120,24,0.2,231.745,31.8125,1.3958,-1.8958
CMH,RSW,20,5,0.25,1496.6862,131.2667,-3.2667,-5.4667
CMH,STL,235,23,0.0979,659.8294,65.4151,4.1274,-1.7877
CMH,TPA,120,12,0.1,1334.1429,114.0283,2.2315,-3.7075
CMI,ORD,149,18,0.1208,217.2609,32.7481,0.4198,-0.6947
COS,ATL,54,7,0.1296,1907.0679,140.6522,10.7447,4.5652
COS,CVG,51,9,0.1765,1734.8685,133.119,1.4286,-3.1905
COS,DEN,147,40,0.2721,115.8725,18.7477,1.5514,-2.9907
COS,DFW,176,44,0.25,952.7293,79.2519,4.8712,3.3359
COS,IAH,60,8,0.1333,1301.9561,108.7885,-3.4808,-5.9808
COS,LAX,79,23,0.2911,1340.5802,115.2182,9.3036,-2.0364
COS,MSP,60,8,0.1333,1166.7715,96.5577,-3.7885,-4.9615
COS,ORD,43,16,0.3721,1466.1087,116.4444,6.8889,0.2593
COS,PHX,86,13,0.1512,886.7463,84.6575,-1.6438,-1.5068
COS,SLC,21,4,0.1905,659.8294,70.4118,16.3529,11.2353
COS,STL,64,10,0.1562,1245.6292,100.8148,-2.8519,-7.5556
CRP,DFW,223,57,0.2556,569.7064,70.1341,3.6506,-0.4024
CRP,HOU,220,26,0.1182,300.9466,35.8187,7.366,7.4249
CRP,IAH,38,4,0.1053,323.4773,38.5294,-1.8529,-4.1471
CRW,PIT,68,30,0.4412,263.9318,32.1842,-2.4211,-1.0263
CVG,ABQ,60,5,0.0833,1995.5816,165.4545,12.4182,0.2182
CVG,ALB,50,6,0.12,1002.6188,83.9091,12.6136,15.9545
CVG,ATL,253,32,0.1265,600.2838,61.5113,8.2036,-0.2217
CVG,AUS,60,6,0.1,1541.7477,129.5,5.0185,-3.537
CVG,BDL,110,11,0.1,1063.7737,88.0707,8.2727,5.0808
CVG,BHM,47,17,0.3617,637.2986,57.3333,4.1667,5.4667
CVG,BNA,18,8,0.4444,370.1482,43.4,28.5,23.7
CVG,BOS,140,24,0.1714,1210.2237,101.431,4.8966,1.0172
CVG,BUF,20,3,0.15,659.8294,58.8235,22.2941,12.8824
CVG,BWI,66,12,0.1818,692.0162,66.7407,4.6481,8.4074
CVG,CLE,150,15,0.1,355.6641,39.5704,4.3185,-1.7704
CVG,CMH,120,13,0.1083,186.6834,28.1028,0.972,-2.9252
CVG,COS,44,14,0.3182,1734.8685,144.3667,8.0333,1.0333
CVG,DCA,65,64,0.9846,661.4387,68.0,28.0,31.0
CVG,DEN,106,20,0.1887,1720.3845,143.7791,8.8953,0.0465
CVG,DFW,216,47,0.2176,1306.7841,114.7927,7.0651,1.3232
CVG,DTW,48,12,0.25,368.5389,47.8056,1.7778,0.9167
CVG,EWR,110,20,0.1818,915.7145,87.6,7.9444,2.6333
CVG,FLL,60,5,0.0833,1499.9049,123.7636,11.1091,6.2727
CVG,GSO,30,4,0.1333,531.0822,51.9615,5.6923,0.0769
CVG,IND,50,8,0.16,157.7153,22.9524,6.7619,9.881
CVG,JAX,60,8,0.1333,988.1348,82.6346,0.7115,-2.0
CVG,JFK,60,9,0.15,947.9013,93.7059,11.4706,6.9412
CVG,LAS,90,7,0.0778,2700.4725,215.9512,16.3373,0.2561
CVG,LAX,120,10,0.0833,3057.746,238.5463,14.6636,-3.6759
CVG,LEX,80,12,0.15,112.6538,18.1176,7.8676,2.6765
CVG,LGA,180,28,0.1556,941.4639,87.4408,6.0855,-1.4079
CVG,MCI,90,12,0.1333,867.4343,79.1299,6.0641,-0.9351
CVG,MCO,140,17,0.1214,1216.661,100.5082,5.8862,2.623
CVG,MEM,30,9,0.3,648.564,60.4762,4.6667,-3.5714
CVG,MHT,30,3,0.1,1192.5209,96.7037,8.9259,-11.5556
CVG,MIA,28,20,0.7143,1525.6543,125.2857,31.625,41.8571
CVG,MKE,68,15,0.2206,511.7701,52.4906,9.5472,4.4151
CVG,MSP,146,16,0.1096,959.1666,94.3538,4.0538,0.0385
CVG,MSY,106,23,0.217,1126.538,93.012,8.6386,2.7831
CVG,ORD,485,127,0.2619,424.8658,48.0308,3.0251,-4.1625
CVG,ORF,26,6,0.2308,780.5299,70.95,18.75,23.4
CVG,PBI,60,6,0.1,1435.5313,115.8868,9.7037,7.3396
CVG,PDX,90,10,0.1111,3178.4465,252.1875,10.325,-0.3625
CVG,PHL,126,30,0.2381,815.9354,76.7708,10.2812,5.0
CVG,PHX,96,17,0.1771,2525.0545,207.9221,9.443,-8.5195
CVG,PIT,63,9,0.1429,411.991,40.7407,9.2593,5.2778
CVG,PVD,60,5,0.0833,1161.9435,96.2727,5.9818,2.2545
CVG,PWM,90,11,0.1222,1303.5654,101.0513,1.9747,-2.8077
CVG,RDU,80,11,0.1375,627.6426,56.2464,8.7826,6.2319
CVG,RIC,62,30,0.4839,664.6574,57.5938,1.3125,1.75
CVG,RSW,60,7,0.1167,1414.6099,114.8846,1.9057,-2.1346
CVG,SAN,90,9,0.1,3001.4191,240.7531,11.4938,0.5679
CVG,SAT,60,7,0.1167,1647.9642,137.7736,13.0566,-2.717
CVG,SDF,90,28,0.3111,133.5752,20.4677,6.3387,1.0161
CVG,SEA,90,8,0.0889,3160.7438,256.8148,7.7317,-0.6296
CVG,SFO,120,16,0.1333,3276.6162,259.7961,5.9712,-9.9612
CVG,SJC,19,3,0.1579,3246.0388,259.3125,27.5625,13.5
CVG,SJU,6,5,0.8333,2909.6867,,-13.0,
CVG,SLC,160,24,0.15,2331.9337,192.3731,9.9779,-0.3358
CVG,SYR,30,4,0.1333,848.1222,70.4231,27.0769,19.6154
CVG,TPA,138,38,0.2754,1244.0198,102.36,11.27,5.14
CVG,TUS,60,6,0.1,2491.2583,199.7593,3.0185,-8.1481
DAB,ATL,120,13,0.1083,589.0184,57.243,4.9813,0.5607
DAB,EWR,7,7,1.0,1422.6566,,,
DAB,MLB,4,4,1.0,125.5285,,,
DAL,ABQ,228,26,0.114,933.4172,85.791,3.6188,-2.9403
DAL,AMA,220,28,0.1273,521.4262,52.6911,9.0677,6.5288
DAL,AUS,383,50,0.1305,304.1653,33.3333,3.2162,-0.4835
DAL,ELP,164,19,0.1159,904.4491,80.7241,6.8276,1.4552
DAL,HOU,905,142,0.1569,384.6323,43.9856,4.4391,3.1719
DAL,IAH,194,25,0.1289,349.2268,41.5417,4.0,-1.8869
DAL,LBB,254,33,0.1299,471.5366,47.9909,5.6516,3.3455
DAL,LGA,8,8,1.0,2222.4985,,,
DAL,LIT,224,28,0.125,476.3646,45.3673,4.5816,0.5102
DAL,MAF,220,28,0.1273,513.3795,50.4219,6.7135,4.3594
DAL,MSY,175,20,0.1143,703.2816,61.0968,4.2516,-0.0452
DAL,OKC,212,28,0.1321,291.2905,35.6359,5.5163,3.9185
DAL,ORD,12,11,0.9167,1284.2533,104.0,-4.0,-27.0
DAL,SAT,418,59,0.1411,399.1163,42.8997,4.3008,0.4457
DAL,TUL,242,35,0.1446,381.4136,42.5845,7.7391,6.3092
DAY,ATL,140,19,0.1357,695.2349,65.719,2.8843,-5.9669
DAY,CLT,60,10,0.1667,595.4558,61.1,-4.34,-8.24
DAY,DCA,12,11,0.9167,629.2519,59.0,-5.0,-5.0
DAY,DFW,60,10,0.1667,1385.6417,122.28,2.36,-0.86
DAY,DTW,41,14,0.3415,267.1504,37.7037,-2.0,-5.2593
DAY,MSP,51,16,0.3137,923.7612,91.1176,2.0857,-2.6471
DAY,ORD,268,57,0.2127,386.2416,45.1675,-1.4597,-4.5837
DAY,PHL,30,5,0.1667,767.6552,75.32,-4.56,-2.04
DAY,PIT,94,20,0.2128,346.0081,38.4189,0.3243,-1.7432
DAY,STL,120,11,0.0917,543.9569,56.7798,-2.1376,-1.7156
DBQ,ORD,115,17,0.1478,236.573,30.6429,-1.8367,-5.3776
DCA,ALB,48,48,1.0,511.7701,,,
DCA,ATL,291,261,0.8969,880.309,81.1333,7.2,-6.6667
DCA,BDL,62,62,1.0,503.7234,,,
DCA,BNA,28,28,1.0,904.4491,,,
DCA,BOS,373,330,0.8847,642.1267,62.3488,-1.9767,-14.3023
DCA,BUF,48,48,1.0,476.3646,,,
DCA,CHS,17,17,1.0,714.547,,,
DCA,CLE,54,53,0.9815,498.8954,75.0,-2.0,9.0
DCA,CLT,193,189,0.9793,532.6915,59.5,-3.25,8.25
DCA,CMH,106,105,0.9906,518.2075,53.0,-2.0,2.0
DCA,CVG,50,49,0.98,661.4387,64.0,-1.0,-9.0
DCA,DAY,14,14,1.0,629.2519,,,
DCA,DFW,225,176,0.7822,1918.3333,175.375,4.7551,9.0208
DCA,DTW,162,160,0.9877,651.7827,67.5,-4.0,-10.5
DCA,EWR,183,125,0.6831,320.2587,43.193,-3.4655,-5.7895
DCA,FLL,74,72,0.973,1446.7967,,6.0,
DCA,IAH,124,122,0.9839,1944.0827,156.5,-0.5,-11.0
DCA,IND,43,43,1.0,803.0607,,,
DCA,JAX,34,34,1.0,1020.3216,,,
DCA,JFK,225,222,0.9867,342.7894,49.5,-1.6667,-18.0
DCA,LAS,13,12,0.9231,3361.9113,,0.0,
DCA,LGA,651,558,0.8571,344.3988,42.5326,-0.1505,-10.6957
DCA,MCI,42,41,0.9762,1528.873,,-5.0,
DCA,MCO,48,47,0.9792,1221.4891,,-5.0,
DCA,MEM,71,70,0.9859,1226.3171,104.0,-2.0,-11.0
DCA,MHT,31,31,1.0,655.0014,,,
DCA,MIA,152,140,0.9211,1480.5928,130.0,17.4167,9.9167
DCA,MSP,168,140,0.8333,1498.2955,142.4444,-0.9643,-1.0741
DCA,MSY,31,30,0.9677,1559.4505,,-3.0,
DCA,ORD,454,373,0.8216,984.9161,97.1,2.1852,-1.725
DCA,PBI,49,48,0.9796,1379.2044,,-4.0,
DCA,PHL,76,74,0.9737,191.5115,37.0,-5.0,1.0
DCA,PHX,24,23,0.9583,3184.8839,,0.0,
DCA,PIT,129,110,0.8527,329.9147,36.5263,-3.4737,-11.3684
DCA,PVD,66,66,1.0,574.5344,,,
DCA,RDU,98,97,0.9898,365.3202,47.0,-5.0,6.0
DCA,ROC,48,48,1.0,476.3646,,,
DCA,STL,61,60,0.9836,1157.1155,107.0,-1.0,-8.0
DCA,SYR,48,48,1.0,479.5833,,,
DCA,TPA,48,47,0.9792,1310.0028,,-4.0,
DEN,ABQ,179,65,0.3631,561.6597,49.9298,5.8509,1.7018
DEN,ANC,13,10,0.7692,3872.072,298.3333,0.6667,-6.3333
DEN,ATL,336,70,0.2083,1929.5987,141.7273,7.0714,3.3447
DEN,AUS,103,33,0.3204,1247.2385,98.5714,6.2429,6.1571
DEN,BDL,13,12,0.9231,2689.2071,200.0,-2.0,-8.0
DEN,BIL,60,13,0.2167,732.2497,63.5957,4.6383,-0.4894
DEN,BOI,120,24,0.2,1044.4617,91.875,1.1458,-5.0312
DEN,BOS,176,60,0.3409,2822.7824,205.1983,5.7155,0.6293
DEN,BUR,54,21,0.3889,1367.939,117.8788,2.5152,-3.4242
DEN,BWI,120,27,0.225,2399.5259,173.8602,6.8065,2.4086
DEN,CID,60,16,0.2667,1113.6633,82.9545,1.2955,0.3182
DEN,CLE,112,22,0.1964,1932.8173,148.2333,0.9111,1.0778
DEN,CLT,78,24,0.3077,2151.6876,158.2037,1.6667,1.7407
DEN,CMH,60,12,0.2,1858.7877,139.7708,12.0833,9.5833
DEN,COS,147,40,0.2721,115.8725,17.0654,1.4486,-2.8411
DEN,CVG,118,17,0.1441,1720.3845,131.6733,10.4653,11.5644
DEN,DFW,544,123,0.2261,1031.5869,86.7847,11.5558,8.5478
DEN,DSM,89,20,0.2247,947.9013,75.0435,3.7826,2.3623
DEN,DTW,198,53,0.2677,1807.2888,140.1944,13.9517,11.7708
DEN,EUG,30,7,0.2333,1604.512,137.0,-1.2174,-5.2609
DEN,EWR,249,56,0.2249,2582.9907,194.2591,7.1244,3.4249
DEN,GEG,90,22,0.2444,1345.4082,112.8235,7.1176,1.8971
DEN,IAD,322,85,0.264,2336.7617,169.8419,1.6287,-3.9487
DEN,IAH,383,79,0.2063,1385.6417,114.2937,5.2138,2.3135
DEN,ICT,90,19,0.2111,674.3135,57.1408,0.8873,-2.0141
DEN,IND,109,32,0.2936,1572.3252,116.4675,9.9481,10.026
DEN,JAC,28,22,0.7857,653.392,62.3333,-0.3333,-4.3333
DEN,LAS,392,106,0.2704,1012.2749,85.6853,6.3636,-1.1993
DEN,LAX,502,139,0.2769,1387.2511,112.2597,9.0579,-0.721
DEN,LGA,193,61,0.3161,2605.5215,192.9695,4.8636,-1.5573
DEN,MCI,157,67,0.4268,857.7782,71.7556,5.5333,2.0778
DEN,MCO,84,27,0.3214,2486.4303,179.3684,7.3684,1.4561
DEN,MEM,60,6,0.1,1403.3445,108.2593,0.3704,0.0556
DEN,MIA,90,18,0.2,2750.3621,201.1528,6.4444,0.5972
DEN,MSP,373,79,0.2118,1094.3512,90.8532,4.8367,3.1365
DEN,MSY,85,20,0.2353,1709.1191,127.4615,5.6,4.3692
DEN,OAK,182,53,0.2912,1540.1384,125.8837,4.2171,-0.3566
DEN,OKC,97,40,0.4124,796.6233,66.9825,4.8246,0.3158
DEN,OMA,144,35,0.2431,759.6085,61.578,3.3394,0.422
DEN,ONT,114,35,0.307,1318.0495,107.5823,8.7342,-1.1646
DEN,ORD,688,162,0.2355,1429.0939,113.9143,8.4373,4.9638
DEN,PDX,225,69,0.3067,1596.4653,132.9548,5.1923,2.929
DEN,PHL,198,36,0.1818,2505.7424,186.7267,4.8704,3.2236
DEN,PHX,493,122,0.2475,968.8227,86.9459,5.2264,-1.5
DEN,PIT,116,15,0.1293,2076.0486,154.0693,3.1881,4.3663
DEN,RNO,63,13,0.2063,1293.9094,107.74,2.94,-1.74
DEN,SAN,179,47,0.2626,1372.767,111.5954,8.3409,3.4351
DEN,SAT,74,28,0.3784,1277.816,103.2174,4.9783,4.8913
DEN,SEA,273,81,0.2967,1647.9642,140.3281,6.6406,4.0938
DEN,SFO,338,103,0.3047,1556.2318,125.5915,7.983,-0.2596
DEN,SJC,286,95,0.3322,1525.6543,127.1728,8.0314,1.2932
DEN,SLC,388,92,0.2371,629.2519,60.7196,5.4257,-0.3176
DEN,SMF,144,40,0.2778,1464.4994,120.9135,5.875,-3.2115
DEN,SNA,166,43,0.259,1361.5016,112.2033,3.9593,-2.3577
DEN,STL,298,59,0.198,1239.1918,99.2563,3.4979,3.6555
DEN,TPA,60,16,0.2667,2423.666,182.0909,3.9318,0.7955
DEN,TUL,84,29,0.3452,870.6529,69.3818,3.2364,-0.2909
DEN,TUS,90,22,0.2444,1028.3683,89.1176,5.1471,-3.0294
DFW,ABI,202,39,0.1931,254.2757,36.7117,3.454,-1.7423
DFW,ABQ,226,44,0.1947,915.7145,80.2912,15.8791,8.4615
DFW,ACT,222,48,0.2162,143.2313,23.7874,3.1379,-1.7816
DFW,AMA,179,31,0.1732,503.7234,62.7973,14.3919,9.6622
DFW,ATL,648,136,0.2099,1178.0369,95.454,13.5215,4.6693
DFW,AUS,432,89,0.206,305.7746,32.7551,16.1603,8.9388
DFW,BDL,110,15,0.1364,2367.3391,183.7684,25.7895,21.2
DFW,BHM,90,12,0.1333,960.776,79.6795,15.2692,10.4872
DFW,BNA,250,70,0.28,1015.4935,83.3778,19.0,16.1333
DFW,BOS,357,85,0.2381,2513.7891,191.6111,13.2096,3.6074
DFW,BPT,156,18,0.1154,434.5218,63.6449,1.0435,-4.6087
DFW,BTR,190,21,0.1105,616.3772,76.7515,3.3787,-3.7574
DFW,BUF,30,4,0.1333,1950.5201,151.3077,24.8462,13.1154
DFW,BUR,63,12,0.1905,1981.0975,169.0392,15.8039,2.4902
DFW,BWI,161,28,0.1739,1958.5668,156.4586,20.9774,23.6165
DFW,CID,90,11,0.1222,1102.3979,95.4684,8.0253,3.1266
DFW,CLE,138,39,0.2826,1643.1361,133.1224,10.9394,1.1224
DFW,CLL,229,42,0.1834,263.9318,40.5561,1.738,-3.5508
DFW,CLT,302,65,0.2152,1506.3422,117.2785,11.3376,5.2785
DFW,CMH,128,34,0.2656,1491.8582,120.7097,13.8936,9.914
DFW,COS,182,48,0.2637,952.7293,86.3433,21.1418,14.8209
DFW,CRP,223,54,0.2422,569.7064,62.568,7.9763,0.4793
DFW,CVG,206,45,0.2184,1306.7841,106.913,9.3602,4.4596
DFW,DAY,60,10,0.1667,1385.6417,113.8,12.32,5.32
DFW,DCA,226,178,0.7876,1918.3333,140.9333,7.7708,-0.1333
DFW,DEN,581,134,0.2306,1031.5869,93.1009,13.0962,7.9933
DFW,DSM,90,21,0.2333,1004.2282,88.942,11.8696,7.6377
DFW,DTW,348,87,0.25,1588.4186,129.8649,10.9387,5.7876
DFW,ELP,226,57,0.2522,886.7463,76.4201,20.4024,12.8343
DFW,EWR,398,114,0.2864,2208.0145,174.6762,11.6972,1.9039
DFW,FAT,30,4,0.1333,2113.0634,178.9231,30.5769,19.2308
DFW,FLL,199,26,0.1307,1800.8515,136.814,19.6185,11.186
DFW,FSM,262,63,0.2405,366.9295,52.6281,4.1307,-0.1558
DFW,FWA,56,7,0.125,1382.4231,113.8163,18.6122,11.5306
DFW,GGG,150,35,0.2333,225.3076,33.5043,8.2783,6.2348
DFW,GRR,90,8,0.0889,1498.2955,123.3659,7.3415,2.7561
DFW,GSO,49,7,0.1429,1607.7307,127.119,18.5,11.7143
DFW,GSP,89,9,0.1011,1387.2511,108.4625,6.3875,-6.8875
DFW,HNL,60,6,0.1,6089.7426,456.5385,24.7407,26.2885
DFW,HOU,357,96,0.2689,397.507,52.6858,11.3333,6.7778
DFW,HRL,90,26,0.2889,741.9057,88.3281,8.875,1.9375
DFW,HSV,120,33,0.275,970.432,80.5172,12.9425,6.7471
DFW,IAD,308,71,0.2305,1886.1465,146.3957,17.9114,10.2468
DFW,IAH,567,126,0.2222,360.4922,42.6599,9.9819,6.1451
DFW,ICT,199,56,0.2814,527.8635,63.9577,9.6573,5.5211
DFW,ILE,282,68,0.2411,209.2142,34.4346,2.5935,-2.2804
DFW,IND,132,35,0.2652,1226.3171,101.5567,17.9588,11.1443
DFW,JAC,20,3,0.15,1683.3696,144.9412,26.1765,21.3529
DFW,JAN,150,20,0.1333,656.6107,73.8923,9.4385,4.3538
DFW,JAX,150,25,0.1667,1478.9835,111.792,15.52,9.248
DFW,JFK,60,9,0.15,2238.5919,179.4314,17.2353,11.0392
DFW,LAS,346,54,0.1561,1697.8537,140.1448,15.0993,7.2966
DFW,LAW,206,33,0.1602,225.3076,37.4104,2.948,-0.0694
DFW,LAX,521,113,0.2169,1987.5349,161.1158,19.8064,7.7956
DFW,LBB,270,76,0.2815,453.8339,55.0933,9.3351,0.6218
DFW,LFT,175,20,0.1143,564.8783,80.0516,5.729,-1.5419
DFW,LGA,441,116,0.263,2235.3733,172.4043,14.5785,-4.4444
DFW,LGB,107,21,0.1963,1963.3948,162.8488,19.6977,13.2093
DFW,LIT,375,86,0.2293,489.2394,52.09,6.9516,2.2837
DFW,LRD,129,17,0.1318,634.08,90.7768,6.7143,3.5089
DFW,MAF,209,33,0.1579,497.2861,66.5829,8.2273,-0.2971
DFW,MCI,255,76,0.298,740.2964,69.6089,19.4637,14.4246
DFW,MCO,278,49,0.1763,1583.5906,122.4386,17.8035,11.5965
DFW,MDW,103,17,0.165,1282.644,112.4767,11.0698,11.4302
DFW,MEM,352,64,0.1818,695.2349,64.4028,8.6146,4.4028
DFW,MFE,90,18,0.2,753.1711,66.7639,19.0139,10.4028
DFW,MIA,265,47,0.1774,1804.0701,132.2396,26.7844,18.3779
DFW,MKE,116,28,0.2414,1372.767,118.1264,8.1591,2.2644
DFW,MSN,26,2,0.0769,1321.2681,112.3333,10.0,7.5833
DFW,MSP,369,85,0.2304,1371.1577,119.5607,10.1585,7.8107
DFW,MSY,216,48,0.2222,720.9843,61.2738,13.4048,7.5119
DFW,OAK,202,41,0.203,2343.199,192.6832,13.4099,6.0062
DFW,OGG,30,3,0.1,5972.2607,453.1111,33.8148,33.8148
DFW,OKC,356,111,0.3118,281.6345,38.4694,12.5878,8.2531
DFW,OMA,120,31,0.2583,938.2452,84.0449,13.8427,11.5056
DFW,ONT,175,32,0.1829,1913.5053,156.028,14.5385,5.5734
DFW,ORD,708,179,0.2528,1290.6907,109.9127,11.9792,5.814
DFW,ORF,80,10,0.125,1952.1294,147.6667,12.5143,6.2174
DFW,PBI,120,13,0.1083,1775.102,135.3738,12.2523,7.1589
DFW,PDX,136,20,0.1471,2600.6934,206.8448,19.6897,4.069
DFW,PHL,330,80,0.2424,2095.3607,166.9116,15.2,14.0964
DFW,PHX,500,94,0.188,1396.9071,122.6453,13.5493,5.4138
DFW,PIT,218,32,0.1468,1718.7751,134.9459,6.7849,1.5405
DFW,PSP,60,7,0.1167,1812.1168,150.434,15.8113,7.7547
DFW,RDU,224,60,0.2679,1709.1191,132.5427,20.3354,14.1098
DFW,RIC,72,19,0.2639,1863.6157,141.434,12.717,5.8868
DFW,RNO,120,19,0.1583,2164.5623,175.9604,9.7228,0.0891
DFW,SAN,321,69,0.215,1884.5371,154.7871,18.8968,9.3534
DFW,SAT,356,96,0.2697,397.507,42.3346,18.5346,11.0154
DFW,SAV,62,5,0.0806,1488.6395,115.0702,19.4561,9.4737
DFW,SDF,106,30,0.283,1179.6462,101.3467,12.7105,10.0933
DFW,SEA,283,43,0.1519,2671.5044,219.1208,15.825,7.1625
DFW,SFO,404,87,0.2153,2356.0738,192.2911,15.0126,3.6171
DFW,SGF,251,41,0.1633,585.7998,78.2714,7.5476,1.9238
DFW,SHV,379,79,0.2084,305.7746,43.087,4.2967,-0.5552
DFW,SJC,240,53,0.2208,2314.2309,190.0914,20.8556,15.457
DFW,SJT,176,34,0.1932,366.9295,54.2746,2.2042,-3.7746
DFW,SJU,93,12,0.129,3484.2211,249.2469,23.5802,16.1358
DFW,SLC,270,37,0.137,1590.0279,132.2146,15.0043,3.4249
DFW,SMF,96,19,0.1979,2302.9655,187.4935,21.6234,8.974
DFW,SNA,284,73,0.257,1939.2547,159.9668,19.5592,13.2417
DFW,SPS,180,37,0.2056,181.8554,30.993,4.8951,1.0909
DFW,STL,430,76,0.1767,886.7463,82.0537,4.8644,1.4548
DFW,TPA,252,55,0.2183,1495.0769,115.6684,16.7513,9.1531
DFW,TUL,437,124,0.2838,381.4136,51.2524,14.3291,10.4313
DFW,TUS,235,69,0.2936,1308.3934,110.4217,12.2831,4.0361
DFW,TXK,146,35,0.2397,291.2905,42.3964,2.7748,-1.0721
DFW,TYR,270,47,0.1741,165.762,26.0673,3.7758,0.7803
DFW,TYS,90,10,0.1111,1242.4105,99.2625,16.575,8.975
DFW,XNA,308,60,0.1948,452.2245,47.6478,9.5927,4.6194
DLG,ANC,30,3,0.1,529.4729,48.5185,0.7407,1.4074
DLH,MSP,50,8,0.16,231.745,31.0732,5.9048,0.7561
DLH,ORD,86,11,0.1279,638.908,60.5541,0.7733,-6.9324
DSM,DEN,120,26,0.2167,947.9013,83.8298,2.0638,-0.7766
DSM,DFW,90,22,0.2444,1004.2282,92.9118,3.0,-1.3676
DSM,DTW,9,1,0.1111,859.3876,76.75,-4.0,-13.5
DSM,MSP,29,14,0.4828,373.3669,42.2,6.2667,-0.2
DSM,ORD,303,64,0.2112,481.1927,49.6345,0.2343,-5.9706
DSM,STL,172,22,0.1279,418.4284,43.62,-0.1533,-1.74
DTW,ABE,41,14,0.3415,682.3602,61.7037,0.7778,-3.8148
DTW,ALB,129,24,0.186,785.3579,67.1143,7.7714,3.4762
DTW,ATL,470,77,0.1638,955.948,86.7023,6.2265,-4.2188
DTW,AZO,29,3,0.1034,181.8554,25.1154,-0.0385,2.5385
DTW,BDL,120,25,0.2083,881.9183,75.4421,3.8,-1.5579
DTW,BHM,36,3,0.0833,1005.8375,87.5758,5.6061,0.5152
DTW,BNA,262,45,0.1718,735.4684,69.8664,2.576,-4.5438
DTW,BOS,230,55,0.2391,1017.1029,86.1782,9.8057,5.2471
DTW,BUF,128,28,0.2188,386.2416,40.77,4.87,3.85
DTW,BWI,210,39,0.1857,656.6107,66.4118,10.9064,8.2824
DTW,CLE,90,11,0.1222,152.8873,23.6582,3.0127,0.1266
DTW,CLT,212,54,0.2547,804.67,76.0316,1.6013,-3.4873
DTW,CMH,166,29,0.1747,249.4477,33.1241,2.7591,-3.8321
DTW,CVG,78,16,0.2051,368.5389,44.1452,-0.0484,-1.3065
DTW,DAY,39,13,0.3333,267.1504,32.3462,2.3077,1.0385
DTW,DCA,160,146,0.9125,651.7827,,12.5714,
DTW,DEN,196,52,0.2653,1807.2888,152.1761,6.2847,1.3944
DTW,DFW,353,84,0.238,1588.4186,135.9104,10.5428,1.4216
DTW,EWR,396,88,0.2222,783.7486,72.5714,3.3442,-5.974
DTW,FLL,70,9,0.1286,1813.7262,150.9016,5.6066,-1.2623
DTW,FNT,75,29,0.3867,90.123,16.3478,1.8043,-2.2174
DTW,FWA,3,0,0.0,205.9955,26.0,0.0,-8.0
DTW,GRB,74,27,0.3649,463.4899,52.1087,4.2979,-2.6957
DTW,GRR,234,53,0.2265,193.1208,26.895,3.4807,1.989
DTW,GSO,92,18,0.1957,740.2964,73.2027,3.6486,-1.5135
DTW,GSP,69,17,0.2464,817.5447,72.4423,11.4615,4.3846
DTW,HPN,68,18,0.2647,812.7167,77.96,-1.32,-6.7
DTW,IAD,140,31,0.2214,616.3772,60.3119,6.3578,0.8807
DTW,IAH,272,48,0.1765,1731.6498,146.2377,2.5938,-3.009
DTW,IND,232,44,0.1897,371.7575,41.1223,6.234,3.1117
DTW,JAX,89,9,0.1011,1310.0028,108.95,11.1,1.9625
DTW,JFK,70,18,0.2571,817.5447,80.0,10.4615,13.3077
DTW,LAN,150,29,0.1933,119.0912,19.6281,5.0413,0.438
DTW,LAS,175,34,0.1943,2816.345,224.1594,9.3759,-4.0
DTW,LAX,166,37,0.2229,3184.8839,251.0156,11.5581,-3.0859
DTW,LGA,382,71,0.1859,806.2793,76.0097,2.6559,-5.246
DTW,MBS,126,23,0.1825,157.7153,24.1176,1.4369,-4.5196
DTW,MCI,152,31,0.2039,1012.2749,93.0583,5.3884,-2.6
DTW,MCO,192,34,0.1771,1540.1384,124.7975,7.3924,4.7278
DTW,MDT,81,16,0.1975,595.4558,57.5692,4.3538,0.6
DTW,MDW,458,76,0.1659,368.5389,44.5105,5.911,2.9031
DTW,MEM,278,46,0.1655,981.6974,88.4545,5.5431,-2.8874
DTW,MHT,129,25,0.1938,980.0881,78.3654,9.1731,7.9808
DTW,MIA,102,12,0.1176,1842.6943,146.5778,10.8444,5.0889
DTW,MKE,190,32,0.1684,383.0229,41.6242,7.9241,2.3312
DTW,MSN,129,28,0.2171,502.1141,50.8317,4.5842,-0.0891
DTW,MSP,458,86,0.1878,849.7315,82.2865,8.3602,2.1243
DTW,MSY,91,12,0.1319,1490.2488,123.3797,2.5696,-7.1772
DTW,ORD,643,138,0.2146,378.1949,45.2257,8.0158,2.2515
DTW,ORF,105,15,0.1429,851.3409,78.1222,6.7111,2.2333
DTW,PBI,60,7,0.1167,1749.3526,142.4717,4.9434,1.1887
DTW,PDX,51,13,0.2549,3143.041,255.6579,12.2632,3.3421
DTW,PHL,364,73,0.2005,729.031,71.6082,2.8729,-1.5052
DTW,PHX,217,40,0.1843,2689.2071,220.3693,14.0904,-0.4659
DTW,PIT,205,50,0.2439,323.4773,37.271,0.0258,-2.6452
DTW,PVD,131,25,0.1908,988.1348,83.3019,6.6132,2.6415
DTW,PWM,60,7,0.1167,1075.0391,87.3396,4.0755,2.4528
DTW,RDU,134,20,0.1493,806.2793,74.2368,4.6667,2.3421
DTW,RIC,101,18,0.1782,733.859,68.7229,5.2892,0.0361
DTW,ROC,105,14,0.1333,476.3646,47.1236,2.7253,4.382
DTW,RSW,61,9,0.1475,1746.1339,138.5577,8.4615,9.0769
DTW,SAN,60,7,0.1167,3149.4784,252.6346,12.6415,4.4615
DTW,SBN,62,9,0.1452,252.6664,30.717,5.2642,2.0377
DTW,SDF,114,27,0.2368,492.458,51.931,3.8161,0.7816
DTW,SEA,128,25,0.1953,3101.1982,255.8932,11.9612,5.6214
DTW,SFO,120,13,0.1083,3345.8179,267.0561,8.8692,-1.1402
DTW,SJC,51,15,0.2941,3320.0684,268.1143,2.7222,-7.6571
DTW,SJU,8,0,0.0,3104.4169,249.625,14.125,16.625
DTW,SLC,16,10,0.625,2383.4325,205.2,14.0,14.0
DTW,SNA,30,3,0.1,3154.3064,254.8148,6.2593,3.2222
DTW,STL,502,70,0.1394,708.1096,71.956,4.9792,-2.7616
DTW,SYR,122,25,0.2049,601.8932,53.9175,8.3299,2.6082
DTW,TPA,132,24,0.1818,1581.9812,127.9537,10.537,5.2778
DTW,TVC,90,10,0.1111,333.1334,38.8625,2.5375,-4.2875
DTW,TYS,28,4,0.1429,712.9376,66.2917,0.6667,-3.5417
DUT,ANC,48,13,0.2708,1274.5973,100.8857,24.2,24.0571
ELP,ABQ,112,14,0.125,358.8828,37.0,0.7143,-2.5306
ELP,ATL,20,10,0.5,2063.1739,153.4,-2.7,-9.2
ELP,AUS,112,12,0.1071,849.7315,69.17,1.68,-5.7
ELP,DAL,164,19,0.1159,904.4491,75.6897,4.669,1.7448
ELP,DFW,234,61,0.2607,886.7463,77.8613,14.9249,12.8613
ELP,HOU,116,12,0.1034,1089.5232,87.875,6.1827,2.3462
ELP,IAH,109,20,0.1835,1073.4298,90.7727,-2.1573,-6.3295
ELP,LAS,64,6,0.0938,939.8546,83.9828,2.6379,-4.8103
ELP,LAX,117,14,0.1197,1149.0688,100.8155,6.0777,-5.8835
ELP,LBB,30,3,0.1,474.7553,42.3333,2.963,-1.2593
ELP,MAF,30,3,0.1,395.8976,36.2222,3.8889,3.7778
ELP,ORD,63,12,0.1905,1989.1442,155.0,7.6667,9.88
ELP,PHX,340,40,0.1176,558.441,56.0267,4.4567,0.84
ELP,SAN,31,4,0.129,1023.5402,89.7778,7.1852,0.7037
ELP,SAT,104,13,0.125,798.2326,64.6374,8.9451,7.8022
ERI,PIT,114,39,0.3421,175.4181,27.36,-4.92,-7.4133
EUG,DEN,30,7,0.2333,1604.512,126.6957,-0.7826,0.3478
EUG,SFO,133,42,0.3158,725.8123,70.0222,5.5495,2.0667
EVV,ORD,168,23,0.1369,439.3498,55.0897,3.7931,0.6138
EWR,ATL,527,140,0.2657,1198.9583,106.1088,4.7674,-8.8964
EWR,AUS,48,21,0.4375,2420.4474,199.8077,8.8889,5.8077
EWR,BNA,48,8,0.1667,1203.7863,106.625,-1.975,-9.1
EWR,BOS,623,254,0.4077,321.868,39.8509,0.336,-18.065
EWR,BQN,8,5,0.625,2550.8039,206.6667,11.3333,20.6667
EWR,BUF,80,18,0.225,453.8339,46.871,6.2903,-8.4355
EWR,CLE,183,24,0.1311,650.1734,66.5409,1.7421,-6.5472
EWR,CLT,264,98,0.3712,851.3409,80.3373,0.5602,-6.2952
EWR,CMH,73,18,0.2466,743.5151,72.6182,-1.0545,-11.0545
EWR,CVG,110,22,0.2,915.7145,89.3295,6.7159,-6.8636
EWR,DAB,11,10,0.9091,1422.6566,125.0,-5.0,-15.0
EWR,DCA,186,128,0.6882,320.2587,38.1207,-2.0,-7.8793
EWR,DEN,247,55,0.2227,2582.9907,212.6806,4.6719,-9.5864
EWR,DFW,398,110,0.2764,2208.0145,181.9615,9.2604,-0.5245
EWR,DTW,394,88,0.2234,783.7486,78.8758,-0.0915,-12.0621
EWR,FLL,218,58,0.2661,1713.9471,147.057,3.6625,-4.2722
EWR,GSO,60,19,0.3167,717.7656,66.7561,2.5854,-10.5854
EWR,HNL,30,3,0.1,7985.5451,581.7778,17.7037,-4.2963
EWR,HOU,31,30,0.9677,2270.7787,180.0,56.0,22.0
EWR,IAD,48,6,0.125,342.7894,44.0238,2.5476,-4.0
EWR,IAH,266,36,0.1353,2253.076,185.5546,4.4435,-5.3843
EWR,IND,78,13,0.1667,1036.415,95.2769,-0.6154,-14.1846
EWR,JAX,77,15,0.1948,1321.2681,113.8065,-1.9355,-16.7097
EWR,LAS,217,42,0.1935,3584.0002,284.3793,4.8514,-9.9655
EWR,LAX,347,84,0.2421,3949.3204,311.751,9.5627,-6.8132
EWR,MCI,92,23,0.25,1757.3993,153.1594,-1.3188,-11.3333
EWR,MCO,333,77,0.2312,1509.5609,131.9688,2.7812,-9.3867
EWR,MDW,95,20,0.2105,1144.2407,104.0133,-4.0533,-19.8533
EWR,MEM,104,20,0.1923,1522.4356,133.6071,3.131,-8.7738
EWR,MHT,82,15,0.1829,336.3521,38.3881,-3.8657,-18.9851
EWR,MIA,215,46,0.214,1747.7432,148.4734,13.2899,4.3669
EWR,MLB,7,7,1.0,1517.6076,,,
EWR,MSP,315,60,0.1905,1622.2147,145.1976,0.0157,-16.5217
EWR,MSY,97,23,0.2371,1878.0998,158.3649,1.6351,-10.527
EWR,MYR,30,4,0.1333,885.137,80.3846,2.9615,-6.4615
EWR,OAK,41,14,0.3415,4110.2544,326.9231,1.0741,-18.1154
EWR,ORD,858,250,0.2914,1157.1155,107.605,4.2286,-11.4562
EWR,ORF,31,7,0.2258,457.0526,48.375,2.375,-10.4583
EWR,PBI,172,31,0.1802,1647.9642,138.7554,6.8156,-1.3741
EWR,PDX,30,3,0.1,3915.5242,313.4444,3.4444,-32.0
EWR,PHX,207,52,0.2512,3432.7222,278.5817,4.7097,-18.9281
EWR,PIT,222,65,0.2928,513.3795,58.6688,1.1529,-5.6115
EWR,PVD,92,23,0.25,257.4944,31.8551,-1.1884,-11.3478
EWR,RDU,283,65,0.2297,669.4854,66.3486,0.844,-15.3028
EWR,RIC,31,12,0.3871,447.3965,51.3684,-4.4211,-9.3158
EWR,RSW,84,40,0.4762,1718.7751,151.7674,5.6364,-4.6047
EWR,SAN,79,25,0.3165,3902.6495,313.3889,-1.5741,-22.2407
EWR,SAT,26,3,0.1154,2525.0545,209.3043,6.8261,-14.3043
EWR,SEA,108,30,0.2778,3864.0253,314.6234,10.7436,-10.2078
EWR,SFO,254,66,0.2598,4127.9571,328.0432,8.3511,-8.2432
EWR,SJC,30,3,0.1,4100.5983,330.1481,11.4815,-30.1852
EWR,SJU,151,20,0.1325,2587.8187,204.7481,12.1756,0.2977
EWR,SLC,64,10,0.1562,3167.1811,261.6226,11.5556,-11.4906
EWR,SNA,70,23,0.3286,3915.5242,314.3617,15.6809,-2.4468
EWR,SRQ,26,8,0.3077,1664.0576,142.5294,-3.3333,-23.1765
EWR,STL,206,33,0.1602,1403.3445,127.0698,1.7052,-12.9419
EWR,STT,7,1,0.1429,2629.6616,211.1667,5.6667,5.6667
EWR,TPA,123,34,0.2764,1606.1213,136.7865,2.5393,-9.427
EYW,MIA,204,50,0.2451,202.7768,34.3701,-0.4091,-4.6948
FAI,ANC,312,41,0.1314,420.0377,43.9852,5.048,3.2804
FAI,BRW,67,13,0.194,809.498,76.5741,7.463,7.0
FAI,SCC,12,2,0.1667,600.2838,58.0,-2.6,-5.5
FAI,SEA,50,9,0.18,2467.1182,196.4878,12.7317,21.4146
FAR,MSP,144,28,0.1944,358.8828,41.4261,1.3707,-1.0087
FAT,DFW,30,4,0.1333,2113.0634,163.3462,7.5385,3.5769
FAT,LAX,276,78,0.2826,336.3521,53.9545,3.1566,-1.5051
FAY,CLT,8,6,0.75,189.9021,31.5,17.5,29.5
FCA,GTF,40,4,0.1,234.9636,26.1389,-6.4167,-9.2778
FCA,MSO,10,0,0.0,156.106,20.9,-0.2,-4.7
FCA,MSP,20,6,0.3,1651.1828,137.6429,3.5714,3.4286
FCA,SLC,70,9,0.1286,856.1689,71.8033,-0.0492,-4.4754
FLL,ATL,290,29,0.1,935.0265,81.1456,7.8238,-5.8621
FLL,BDL,90,11,0.1222,1887.7558,154.1667,4.5443,-5.5513
FLL,BNA,30,3,0.1,1276.2066,111.1481,6.9259,-0.5926
FLL,BOS,168,59,0.3512,1990.7536,164.1927,6.7064,-7.2569
FLL,BWI,164,26,0.1585,1488.6395,126.6788,2.6812,-3.2409
FLL,CLE,51,7,0.1373,1709.1191,149.5455,-3.7727,-8.8409
FLL,CLT,180,36,0.2,1015.4935,94.1389,3.5625,-1.4028
FLL,CVG,90,11,0.1222,1499.9049,124.4051,0.3671,-11.3038
FLL,DCA,71,71,1.0,1446.7967,,,
FLL,DFW,200,28,0.14,1800.8515,153.7,9.4012,3.2941
FLL,DTW,70,10,0.1429,1813.7262,153.1667,-3.15,-5.9
FLL,EWR,218,58,0.2661,1713.9471,140.5796,1.7438,-9.1529
FLL,IAD,42,20,0.4762,1450.0153,125.7619,-0.9545,-7.8095
FLL,IAH,109,24,0.2202,1553.0131,135.3571,-3.0706,-5.369
FLL,IND,9,8,0.8889,1617.3867,135.0,170.0,165.0
FLL,ISP,99,11,0.1111,1759.0086,144.0,12.5455,-2.8966
FLL,JAX,198,24,0.1212,511.7701,50.523,1.6379,-2.4828
FLL,JFK,140,18,0.1286,1720.3845,139.5126,4.1393,-6.4706
FLL,LAS,30,3,0.1,3498.7052,283.8077,18.3333,13.5
FLL,LAX,30,2,0.0667,3769.0743,298.3214,31.6786,23.2857
FLL,LGA,268,80,0.2985,1731.6498,146.5484,8.2394,-8.0323
FLL,MCO,228,26,0.114,286.4625,33.9257,2.703,-3.6733
FLL,MDW,60,6,0.1,1876.4904,156.4528,2.0556,-8.5283
FLL,MEM,30,5,0.1667,1369.5483,122.36,-4.76,-14.28
FLL,MSY,30,3,0.1,1083.0858,103.0741,0.7037,-8.8889
FLL,ORD,160,65,0.4062,1902.2399,157.4468,4.9789,-1.9894
FLL,PHL,150,24,0.16,1596.4653,137.4444,0.2857,-0.6905
FLL,PHX,30,3,0.1,3173.6185,265.1852,9.3704,1.1852
FLL,PIT,128,16,0.125,1599.684,134.3604,2.7679,-4.036
FLL,PVD,30,3,0.1,1911.8959,151.3704,9.8889,2.2222
FLL,SJU,60,13,0.2167,1683.3696,127.8696,22.5532,21.6957
FLL,STL,94,9,0.0957,1699.463,147.6548,9.7294,1.6071
FLL,TPA,336,41,0.122,317.04,36.6339,1.7864,-2.8136
FNT,DTW,75,28,0.3733,90.123,17.2979,-2.3404,-7.8936
FSD,MSP,148,35,0.2365,317.04,38.6726,3.3628,1.6814
FSD,STL,90,8,0.0889,757.9991,68.5732,2.9024,1.1463
FSM,DFW,262,63,0.2405,366.9295,52.1658,-2.6784,-7.3015
FWA,DFW,56,8,0.1429,1382.4231,120.875,-0.0208,-12.1042
FWA,DTW,3,0,0.0,205.9955,30.0,-4.6667,-10.3333
FWA,ORD,130,17,0.1308,252.6664,33.9643,0.7788,-4.6161
GEG,BOI,86,11,0.1279,461.8806,42.9867,3.1333,0.8133
GEG,DEN,90,21,0.2333,1345.4082,105.7941,-1.2899,-9.9559
GEG,MSP,71,16,0.2254,1890.9745,147.0364,0.4182,-2.4545
GEG,OAK,30,3,0.1,1163.5528,105.3704,2.2222,-0.7037
GEG,ORD,30,10,0.3333,2410.7913,176.2,-3.3,-5.2
GEG,PDX,116,13,0.1121,449.0059,46.2913,2.2913,-2.2718
GEG,PHX,60,7,0.1167,1641.5268,138.1321,-0.3774,-0.9811
GEG,SEA,370,82,0.2216,360.4922,42.23,2.5729,-1.8049
GEG,SLC,120,12,0.1,878.6996,73.1019,3.7963,0.0648
GFK,MSP,30,3,0.1,457.0526,45.5556,57.9259,53.037
GGG,DFW,150,35,0.2333,225.3076,37.7565,-2.313,-6.8957
GPT,MEM,63,20,0.3175,521.4262,56.093,-0.4419,-1.9535
GRB,DTW,99,30,0.303,463.4899,50.3333,-1.4203,-4.4928
GRB,MSP,50,7,0.14,405.5537,49.7674,3.5581,-2.0233
GRB,ORD,150,18,0.12,280.0252,36.0687,-0.8409,-9.6183
GRR,DFW,90,8,0.0889,1498.2955,129.1585,2.439,-8.8659
GRR,DTW,232,48,0.2069,193.1208,30.7228,1.7935,-1.4022
GRR,MSP,139,21,0.1511,656.6107,68.7119,1.1525,-2.6864
GRR,ORD,416,104,0.25,220.4796,30.0481,-0.2981,-7.4038
GRR,PIT,47,16,0.3404,513.3795,50.8387,0.8065,0.2903
GSO,ATL,245,50,0.2041,492.458,51.8872,5.5487,-4.9744
GSO,CLT,212,63,0.2972,133.5752,23.4094,6.2819,3.2282
GSO,CVG,30,5,0.1667,531.0822,57.76,-2.6,-14.0
GSO,DFW,50,7,0.14,1607.7307,142.814,6.9767,2.3953
GSO,DTW,92,18,0.1957,740.2964,75.0,-3.2162,-12.7123
GSO,EWR,58,17,0.2931,717.7656,70.2683,2.0732,-4.3659
GSO,IAH,46,7,0.1522,1586.8092,138.5641,2.1538,-6.3846
GSO,LGA,101,57,0.5644,741.9057,70.4318,5.0455,-2.9091
GSO,MEM,13,11,0.8462,917.3238,82.5,-2.5,-11.5
GSO,ORD,165,44,0.2667,949.5106,91.2101,2.5785,-1.1933
GSO,PHL,110,21,0.1909,587.4091,65.0225,-0.1573,-5.8989
GSO,PIT,57,9,0.1579,489.2394,54.0833,-1.6875,-6.5417
GSP,ATL,147,31,0.2109,246.229,31.6293,0.6379,-8.819
GSP,CLT,114,45,0.3947,120.7005,22.7536,1.2174,1.5362
GSP,DFW,90,9,0.1,1387.2511,129.8272,0.3704,-5.4815
GSP,DTW,71,19,0.2676,817.5447,82.0588,3.1154,-2.1765
GSP,ORD,120,21,0.175,928.5892,89.3093,2.2929,-10.4639
GSP,PHL,26,12,0.4615,827.2008,83.7857,5.5714,6.7857
GTF,FCA,40,5,0.125,234.9636,28.8,-11.0,-15.6286
GTF,HLN,30,4,0.1333,107.8258,15.4615,-3.4615,-7.9615
GTF,MSP,60,8,0.1333,1427.4846,117.5192,-3.8654,-7.6538
GTF,SLC,60,5,0.0833,745.1244,63.6909,-4.1091,-10.2909
HLN,FCA,20,3,0.15,255.8851,29.4118,1.9412,-2.2941
HLN,SLC,60,6,0.1,646.9547,57.6852,-7.1852,-12.6296
HNL,DFW,60,6,0.1,6089.7426,417.5556,7.6481,10.0
HNL,EWR,30,3,0.1,7985.5451,531.6667,-0.9259,-0.5926
HNL,IAH,30,3,0.1,6282.8634,420.7037,7.5556,5.2593
HNL,ITO,309,30,0.0971,347.6174,37.7849,1.9606,2.2867
HNL,KOA,447,49,0.1096,262.3224,29.2764,5.0553,5.6583
HNL,LAX,316,41,0.1297,4113.473,287.3418,6.4255,1.7418
HNL,LIH,559,60,0.1073,164.1527,22.3687,2.4449,2.7134
HNL,MSP,30,3,0.1,6392.2985,429.7692,10.7778,-13.5
HNL,OAK,30,2,0.0667,3876.9001,283.2857,17.2857,18.2143
HNL,OGG,677,74,0.1093,160.934,23.2471,2.0647,3.0846
HNL,ORD,30,3,0.1,6828.4296,471.1481,21.037,24.0741
HNL,SEA,30,3,0.1,4308.2032,299.2593,2.4815,-4.5926
HNL,SFO,165,25,0.1515,3859.1973,272.3429,6.4,4.9929
HNL,SJC,29,2,0.069,3888.1654,285.1852,29.3333,27.4444
HNL,SLC,30,4,0.1333,4818.364,335.1923,-1.3462,-18.7692
HNL,SNA,30,3,0.1,4156.9252,300.6296,6.3704,14.7037
HNL,STL,34,2,0.0588,6644.9649,458.1562,11.8125,17.2188
HOU,ABQ,60,7,0.1167,1221.4891,107.1887,4.1887,-0.1509
HOU,ATL,140,18,0.1286,1120.1006,93.3934,5.123,1.623
HOU,AUS,376,57,0.1516,238.1823,28.4953,6.9781,5.6646
HOU,BHM,60,7,0.1167,917.3238,77.6038,7.566,2.0377
HOU,BNA,193,21,0.1088,1078.2578,89.4535,7.7674,4.0814
HOU,BWI,60,6,0.1,2005.2376,159.0566,5.0926,-1.9245
HOU,CRP,220,26,0.1182,300.9466,32.9536,7.3711,8.5412
HOU,DAL,984,159,0.1616,384.6323,42.0768,8.0933,6.4085
HOU,DFW,359,96,0.2674,397.507,53.5458,7.9962,4.2328
HOU,ELP,86,9,0.1047,1089.5232,92.4416,8.1558,4.8052
HOU,EWR,31,28,0.9032,2270.7787,181.0,-2.6667,-21.5
HOU,HRL,254,35,0.1378,444.1778,42.6758,6.4475,5.1142
HOU,JAN,120,12,0.1,577.7531,56.7593,6.037,3.7685
HOU,LAS,116,13,0.1121,1987.5349,167.2233,5.5825,-0.3786
HOU,LAX,38,10,0.2632,2236.9826,188.4444,13.2857,-15.5926
HOU,LGA,73,18,0.2466,2298.1375,182.0,12.3636,-6.1132
HOU,LIT,30,4,0.1333,632.4706,57.9231,0.8462,-0.3077
HOU,MAF,60,9,0.15,709.7189,65.2353,6.1765,9.4314
HOU,MCI,30,3,0.1,1071.8204,97.1852,13.1481,9.4444
HOU,MCO,29,2,0.069,1364.7203,112.0741,7.5556,5.037
HOU,MDW,60,6,0.1,1507.9516,123.1321,7.2778,3.3208
HOU,MSY,602,70,0.1163,487.63,45.8741,6.312,3.6936
HOU,OKC,108,12,0.1111,674.3135,62.9579,7.4792,5.9368
HOU,PHX,150,16,0.1067,1641.5268,142.3083,6.9925,0.0
HOU,SAT,336,41,0.122,308.9933,36.0508,6.5932,4.9186
HOU,STL,254,30,0.1181,1105.6166,97.3982,7.8348,0.7104
HOU,TPA,4,0,0.0,1256.8945,106.25,11.5,5.25
HOU,TUL,138,17,0.1232,729.031,67.4215,8.4545,7.6364
HPN,BOS,215,108,0.5023,267.1504,44.0561,4.0187,-1.1402
HPN,DTW,70,22,0.3143,812.7167,79.5417,-0.6042,-2.4375
HPN,ORD,324,85,0.2623,1187.6929,109.9664,9.251,3.0336
HPN,PIT,51,23,0.451,555.2223,60.7857,8.6071,7.8929
HRL,AUS,30,3,0.1,439.3498,45.8077,0.0,-6.1154
HRL,DFW,90,26,0.2889,741.9057,92.4375,-3.2812,-9.4219
HRL,HOU,254,35,0.1378,444.1778,46.9401,4.2009,2.1521
HRL,SAT,60,7,0.1167,374.9762,40.3019,7.566,5.1321
HSV,ATL,157,31,0.1975,243.0103,29.6746,0.2937,-5.8889
HSV,CLT,45,20,0.4444,535.9102,58.68,0.24,0.56
HSV,DFW,119,32,0.2689,970.432,96.1034,4.4598,1.2069
HSV,MLU,30,3,0.1,542.3476,49.5556,5.037,-2.5185
HSV,ORD,86,18,0.2093,820.7634,83.7463,-1.8088,-10.2836
IAD,ATL,442,81,0.1833,857.7782,78.1413,7.0388,-2.7479
IAD,AUS,30,8,0.2667,2087.314,178.2273,10.0909,2.7727
IAD,BDL,48,17,0.3542,524.6448,57.3548,11.4516,14.7097
IAD,BOS,283,85,0.3004,664.6574,66.4444,7.5152,2.4444
IAD,CLT,145,25,0.1724,516.5981,53.0,5.85,2.7167
IAD,CMH,6,1,0.1667,481.1927,51.2,-2.6,-7.8
IAD,DEN,259,75,0.2896,2336.7617,192.2732,8.4565,2.0164
IAD,DFW,311,68,0.2186,1886.1465,156.2417,23.6091,12.95
IAD,DTW,138,32,0.2319,616.3772,66.7925,4.434,-2.6509
IAD,EWR,52,9,0.1731,342.7894,47.907,1.7209,9.2791
IAD,FLL,44,17,0.3864,1450.0153,132.0769,19.2593,13.9615
IAD,IAH,115,15,0.1304,1915.1146,163.3636,3.36,-2.5253
IAD,JFK,15,0,0.0,366.9295,44.7333,10.1333,2.6667
IAD,LAS,47,17,0.3617,3324.8964,262.8,12.4,5.5333
IAD,LAX,338,89,0.2633,3682.1699,286.6774,13.5863,2.7097
IAD,LGA,232,44,0.1897,368.5389,44.9251,3.6702,-4.5187
IAD,MCO,338,87,0.2574,1219.8797,109.9004,5.6574,4.5299
IAD,MEM,30,1,0.0333,1194.1303,106.5517,3.8276,-4.1379
IAD,MIA,143,17,0.1189,1482.2021,129.36,17.5238,15.072
IAD,MSP,114,21,0.1842,1461.2807,133.6848,9.6129,4.0761
IAD,MSY,54,11,0.2037,1535.3104,125.7209,14.7209,5.4186
IAD,ORD,435,78,0.1793,947.9013,90.2247,12.0896,4.5955
IAD,PDX,30,3,0.1,3744.9342,297.6296,17.0741,6.3704
IAD,PHL,30,5,0.1667,215.6516,36.24,1.56,-1.24
IAD,PHX,30,3,0.1,3147.869,253.1852,17.4815,8.5926
IAD,PIT,30,6,0.2,294.5092,34.5,0.4583,-2.25
IAD,RDU,12,3,0.25,360.4922,38.3333,3.8889,-11.2222
IAD,ROC,30,8,0.2667,465.0993,49.0,15.4545,14.2273
IAD,SAN,73,24,0.3288,3625.843,284.6735,18.3878,7.2041
IAD,SEA,102,33,0.3235,3711.138,301.5507,17.5507,13.4493
IAD,SFO,264,69,0.2614,3892.9935,304.8351,10.3795,2.866
IAD,SJC,43,18,0.4186,3862.416,308.2083,8.64,1.875
IAD,SJU,34,3,0.0882,2528.2731,203.4516,18.9355,15.3548
IAD,SLC,90,10,0.1111,2940.2642,242.0253,4.2375,-14.2911
IAD,SMF,30,7,0.2333,3794.8237,302.4783,10.5652,7.8261
IAD,STL,156,10,0.0641,1120.1006,102.7103,3.3767,-6.7034
IAD,TPA,123,40,0.3252,1303.5654,110.988,11.3494,9.6265
IAH,ABQ,137,23,0.1679,1197.349,99.9474,-0.4649,0.5439
IAH,ATL,378,77,0.2037,1108.8353,91.6367,4.1728,-0.3333
IAH,AUS,295,61,0.2068,225.3076,27.6197,-0.1154,-0.9316
IAH,BDL,10,8,0.8,2425.2754,196.5,9.0,5.5
IAH,BHM,51,12,0.2353,904.4491,74.641,-3.2821,-5.4615
IAH,BNA,78,11,0.141,1057.3364,86.0448,-2.3284,-5.0299
IAH,BOS,135,29,0.2148,2570.116,198.783,-0.6415,-7.6226
IAH,BRO,17,6,0.3529,495.6767,46.1818,-4.6364,-7.8182
IAH,BTR,26,3,0.1154,407.163,40.8261,-1.7826,-2.8696
IAH,BWI,162,25,0.1543,1987.5349,154.6496,1.708,3.3504
IAH,CLE,223,28,0.1256,1755.7899,137.4948,-0.3333,-4.3093
IAH,CLT,166,28,0.1687,1469.3274,118.6131,2.7174,0.9489
IAH,CMH,86,13,0.1512,1586.8092,127.7534,-1.863,-3.9589
IAH,COS,60,8,0.1333,1301.9561,109.8077,-2.6154,-1.0577
IAH,CRP,38,4,0.1053,323.4773,35.3235,-3.2941,-10.3824
IAH,DAL,194,24,0.1237,349.2268,39.3432,2.9471,1.8994
IAH,DCA,123,123,1.0,1944.0827,,,
IAH,DEN,366,75,0.2049,1385.6417,117.2793,1.3574,2.4759
IAH,DFW,563,132,0.2345,360.4922,42.1605,5.2158,3.3744
IAH,DTW,275,52,0.1891,1731.6498,136.991,0.5964,-2.457
IAH,ELP,109,20,0.1835,1073.4298,88.6517,-2.1685,3.2022
IAH,EWR,284,40,0.1408,2253.076,173.5909,4.0943,-4.6364
IAH,FLL,109,25,0.2294,1553.0131,119.7381,2.9643,-4.0476
IAH,GSO,43,6,0.1395,1586.8092,125.8378,-3.6486,-7.7838
IAH,HNL,30,3,0.1,6282.8634,451.5185,4.1852,13.6296
IAH,IAD,119,18,0.1513,1915.1146,150.8614,1.9604,-0.396
IAH,IND,89,13,0.1461,1359.8923,108.4737,-0.3421,-6.6579
IAH,JAX,86,14,0.1628,1314.8308,100.9861,-2.0417,-6.2778
IAH,JFK,22,20,0.9091,2280.4348,192.0,36.5,30.0
IAH,LAS,215,31,0.1442,1966.6135,158.0989,1.6196,1.6209
IAH,LAX,302,64,0.2119,2219.2799,176.0633,3.1807,-0.4304
IAH,LGA,221,52,0.2353,2278.8254,176.9643,-1.3609,-4.1726
IAH,MCI,112,16,0.1429,1034.8056,89.7684,-0.0417,-2.9474
IAH,MCO,172,33,0.1919,1372.767,107.4245,1.4676,-4.0432
IAH,MEM,107,23,0.215,754.7805,66.2619,0.7619,-1.2857
IAH,MFE,158,34,0.2152,508.5514,49.7903,-1.0242,1.3145
IAH,MIA,246,43,0.1748,1551.4038,121.2376,3.9163,0.2079
IAH,MKE,26,3,0.1154,1583.5906,126.2174,-3.2174,-2.5217
IAH,MSP,265,49,0.1849,1664.0576,141.1121,2.412,1.1262
IAH,MSY,331,71,0.2145,490.8487,43.5885,2.7769,2.7154
IAH,OAK,86,14,0.1628,2620.0055,213.0556,-0.5278,-0.5833
IAH,OKC,124,23,0.1855,635.6893,58.3366,-0.2376,-0.1089
IAH,OMA,30,3,0.1,1256.8945,106.3704,-1.9259,-2.0741
IAH,ONT,56,9,0.1607,2146.8596,167.5319,1.8723,1.0426
IAH,ORD,524,110,0.2099,1488.6395,124.7567,1.8068,1.4039
IAH,ORF,38,11,0.2895,1932.8173,145.8889,-0.4074,-3.8889
IAH,PBI,54,10,0.1852,1538.529,122.2273,-0.8409,-5.8409
IAH,PDX,70,19,0.2714,2937.0455,236.72,1.2549,-4.36
IAH,PHL,232,43,0.1853,2130.7662,172.2698,0.4074,-1.8995
IAH,PHX,313,42,0.1342,1623.8241,138.1741,2.6162,2.6148
IAH,PIT,177,39,0.2203,1797.6328,145.0074,2.558,1.1765
IAH,PNS,55,8,0.1455,786.9673,66.234,-2.766,-1.8723
IAH,RDU,95,21,0.2211,1678.5416,131.411,-1.2568,-4.2329
IAH,RIC,10,9,0.9,1862.0064,157.0,-3.0,2.0
IAH,RNO,30,3,0.1,2462.2902,195.037,-0.8148,-3.8148
IAH,RSW,30,4,0.1333,1385.6417,114.6923,3.8846,7.4615
IAH,SAN,146,23,0.1575,2096.97,165.8607,1.7073,1.7295
IAH,SAT,289,60,0.2076,307.3839,34.9214,1.8646,1.4236
IAH,SDF,34,4,0.1176,1268.1599,104.5667,1.0667,-0.4
IAH,SEA,150,24,0.16,3015.9032,245.127,2.5079,-1.4603
IAH,SFO,215,38,0.1767,2631.2709,215.04,5.3333,3.2343
IAH,SJC,103,17,0.165,2587.8187,212.0698,-0.1395,-0.5116
IAH,SJU,30,4,0.1333,3229.9454,231.5769,0.6154,-4.9615
IAH,SLC,120,15,0.125,1923.1613,159.3173,2.4381,-4.125
IAH,SMF,56,8,0.1429,2589.4281,209.9792,6.9583,2.4792
IAH,SNA,125,26,0.208,2167.781,175.7374,-1.3939,-4.3939
IAH,STL,125,14,0.112,1075.0391,94.2818,7.4685,5.1455
IAH,TPA,158,26,0.1646,1266.5506,100.6947,0.7803,-2.4046
IAH,TUL,117,24,0.2051,690.4069,63.7849,-1.0215,-1.6774
IAH,TUS,60,9,0.15,1506.3422,120.1176,8.6863,6.8235
ICT,DEN,88,20,0.2273,674.3135,63.9412,-3.5147,-5.5294
ICT,DFW,200,58,0.29,527.8635,65.4648,3.8099,0.5493
ICT,MEM,11,8,0.7273,729.031,62.6667,-6.3333,-9.3333
ICT,ORD,101,24,0.2376,946.2919,82.013,2.2208,7.1948
ICT,PHX,56,5,0.0893,1400.1258,125.1373,10.7059,10.9804
ICT,STL,175,23,0.1314,630.8613,59.755,0.5855,0.5099
ILE,DFW,283,71,0.2509,209.2142,38.4455,-1.3726,-4.7109
ILM,CLT,166,37,0.2229,297.7279,37.8915,-2.7674,-2.5039
IND,ATL,167,27,0.1617,695.2349,66.554,2.0071,-0.6978
IND,BWI,86,10,0.1163,828.8101,75.8289,3.8026,-0.0526
IND,CLT,158,24,0.1519,688.7975,68.4478,0.3358,-4.4478
IND,CVG,50,9,0.18,157.7153,24.7073,-2.3902,-4.4878
IND,DCA,42,41,0.9762,803.0607,81.0,-7.0,-6.0
IND,DEN,109,32,0.2936,1572.3252,134.3158,5.5065,-0.2237
IND,DFW,131,34,0.2595,1226.3171,107.8333,9.0,3.2812
IND,DTW,231,45,0.1948,371.7575,44.1505,3.8656,-0.4892
IND,EWR,78,12,0.1538,1036.415,94.8308,1.1364,-1.6308
IND,FLL,9,8,0.8889,1617.3867,140.0,-6.0,12.0
IND,IAH,89,14,0.1573,1359.8923,118.92,4.9467,3.2667
IND,JAX,30,3,0.1,1107.2259,92.0741,19.0741,14.3333
IND,LAS,30,3,0.1,2560.4599,213.0,6.963,-11.1538
IND,LAX,30,4,0.1333,2919.3428,237.1538,1.7308,-22.5
IND,MCI,30,3,0.1,725.8123,68.1481,2.7778,-1.4815
IND,MCO,103,17,0.165,1332.5335,111.5116,1.0116,-5.4302
IND,MDW,146,17,0.1164,260.7131,32.7442,4.8527,3.6589
IND,MEM,98,20,0.2041,613.1585,59.7564,0.6538,-1.3077
IND,MSP,154,28,0.1818,809.498,84.9435,4.3571,2.2661
IND,MSY,30,4,0.1333,1139.4127,97.5769,8.6538,-3.0385
IND,ORD,518,129,0.249,284.8532,39.8946,3.2031,-0.8638
IND,PHL,135,35,0.2593,944.6826,86.64,0.79,-1.26
IND,PHX,90,7,0.0778,2396.3073,199.2439,2.2651,-0.9268
IND,PIT,151,43,0.2848,523.0355,52.3832,2.3981,-0.1682
IND,RSW,9,9,1.0,1522.4356,,,
IND,STL,314,34,0.1083,368.5389,41.6631,2.1321,-2.5269
IND,TPA,30,3,0.1,1348.6269,111.4444,8.5926,4.8148
ISP,BNA,61,8,0.1311,1292.3,132.7358,5.2642,7.9245
ISP,BOS,284,137,0.4824,246.229,38.6463,0.5102,-9.2449
ISP,BWI,236,26,0.1102,354.0548,52.1619,3.4238,-0.0714
ISP,FLL,100,10,0.1,1759.0086,161.9213,4.2111,-1.8652
ISP,JAX,30,5,0.1667,1382.4231,126.52,0.0,-8.16
ISP,MCO,90,11,0.1222,1564.2785,140.7468,-0.5443,-5.6456
ISP,MDW,86,9,0.1047,1231.1451,113.9079,8.9091,-6.0263
ISP,PBI,29,2,0.069,1693.0257,154.7407,4.0,-10.3333
ISP,PVD,108,13,0.1204,173.8087,26.5053,1.8737,-1.4316
ISP,TPA,60,7,0.1167,1664.0576,152.5577,5.4717,-6.0385
ITO,HNL,296,30,0.1014,347.6174,37.406,-0.5526,0.7406
ITO,KOA,13,3,0.2308,102.9978,16.7,-2.5,-4.9
ITO,OGG,26,7,0.2692,194.7301,26.3158,-5.2632,-5.3158
JAC,DEN,28,21,0.75,653.392,59.7143,4.1429,-2.5714
JAC,DFW,20,3,0.15,1683.3696,127.4706,28.7647,31.4706
JAN,ATL,150,22,0.1467,548.7849,51.4062,1.5078,-6.3906
JAN,BHM,30,3,0.1,339.5707,34.0741,-2.8889,-8.1111
JAN,BWI,60,7,0.1167,1429.0939,117.9057,2.5849,-2.3208
JAN,DFW,143,27,0.1888,656.6107,84.0603,-2.0948,-10.8793
JAN,HOU,120,14,0.1167,577.7531,61.5377,1.8679,3.6792
JAN,MCO,30,3,0.1,944.6826,83.7778,7.7407,1.7037
JAN,MDW,60,7,0.1167,1071.8204,97.0,7.0943,0.3019
JAN,MEM,32,15,0.4688,304.1653,33.9412,-6.5294,-18.7059
JAN,MLU,30,4,0.1333,186.6834,22.7692,-6.1154,-8.8077
JAN,PNS,30,4,0.1333,341.1801,34.0,1.0769,1.2692
JAX,ATL,290,39,0.1345,434.5218,45.3705,2.6932,-3.1434
JAX,BHM,30,3,0.1,587.4091,56.1481,4.4444,1.1111
JAX,BNA,90,9,0.1,778.9206,70.7407,2.6543,-1.9383
JAX,BWI,136,28,0.2059,1066.9924,88.9167,5.1481,-0.1204
JAX,CLT,150,33,0.22,529.4729,55.1538,3.2479,0.906
JAX,CVG,60,8,0.1333,988.1348,86.0769,3.4423,-6.1346
JAX,DCA,34,32,0.9412,1020.3216,86.0,0.0,-5.0
JAX,DFW,180,29,0.1611,1478.9835,132.6358,4.404,1.0662
JAX,DTW,89,10,0.1124,1310.0028,115.0,1.8481,-3.6582
JAX,EWR,77,14,0.1818,1321.2681,110.1935,3.6825,-4.5484
JAX,FLL,198,25,0.1263,511.7701,53.6647,1.7514,-2.8497
JAX,IAH,86,15,0.1744,1314.8308,116.5915,-5.0563,-8.2535
JAX,IND,30,3,0.1,1107.2259,97.6667,4.3704,-1.2222
JAX,ISP,30,3,0.1,1382.4231,110.5926,4.1852,-4.6296
JAX,LGA,72,25,0.3472,1342.1896,112.2174,1.234,-14.6957
JAX,MEM,40,13,0.325,926.9798,86.5926,6.4074,1.037
JAX,MIA,166,34,0.2048,537.5196,87.75,3.3561,-1.1667
JAX,MSY,30,5,0.1667,825.5914,76.8,0.56,-2.84
JAX,ORF,8,0,0.0,873.8716,74.125,0.0,-15.0
JAX,PHL,89,11,0.1236,1194.1303,104.5385,8.5641,4.7564
JAX,STL,89,8,0.0899,1211.833,110.2716,6.5556,6.7037
JAX,TPA,82,12,0.1463,289.6812,35.0286,5.8143,1.6
JFK,ALB,120,29,0.2417,233.3543,38.3297,8.9121,-5.2527
JFK,ATL,90,15,0.1667,1223.0984,103.2267,21.8533,4.92
JFK,BDL,120,24,0.2,170.59,27.9583,7.9375,-1.3646
JFK,BOS,345,76,0.2203,300.9466,45.6022,13.1152,0.7472
JFK,BUF,80,27,0.3375,484.4113,77.6981,12.0189,1.0755
JFK,BWI,180,25,0.1389,296.1186,49.8968,10.8839,-0.1097
JFK,CLE,90,13,0.1444,683.9695,94.6842,7.9351,-6.1579
JFK,CVG,60,11,0.1833,947.9013,90.8163,15.898,7.6327
JFK,DCA,227,222,0.978,342.7894,56.0,6.0,-22.0
JFK,DFW,50,10,0.2,2238.5919,185.625,31.45,11.875
JFK,DTW,72,21,0.2917,817.5447,85.9216,39.2157,25.2745
JFK,FLL,140,19,0.1357,1720.3845,152.5833,11.5868,-2.6083
JFK,IAD,15,0,0.0,366.9295,47.6667,9.0,-1.1333
JFK,IAH,23,21,0.913,2280.4348,183.0,9.5,5.5
JFK,LAS,158,53,0.3354,3617.7963,288.5243,11.181,-9.5922
JFK,LAX,522,173,0.3314,3983.1165,308.7384,18.3582,-0.4709
JFK,MCO,210,32,0.1524,1519.217,136.339,7.1966,-2.4972
JFK,MIA,199,44,0.2211,1754.1806,147.471,25.5871,12.6903
JFK,MSP,60,8,0.1333,1654.4015,156.56,8.1731,-8.58
JFK,MSY,60,16,0.2667,1902.2399,161.0,15.0,-0.0455
JFK,ORD,2,2,1.0,1190.9116,,,
JFK,ORH,20,18,0.9,241.401,35.5,-9.0,-16.5
JFK,PDX,30,5,0.1667,3949.3204,317.08,10.28,-12.52
JFK,PHX,103,26,0.2524,3464.909,279.5395,10.4675,-12.5
JFK,PIT,79,27,0.3418,547.1756,92.7692,19.6923,7.9038
JFK,PVD,150,34,0.2267,231.745,36.3913,5.8621,-2.8348
JFK,RDU,150,25,0.1667,685.5788,95.936,9.84,-0.616
JFK,ROC,90,23,0.2556,424.8658,68.4478,5.403,-8.5672
JFK,SAN,72,22,0.3056,3936.4456,309.4082,23.96,4.5306
JFK,SEA,76,24,0.3158,3896.2121,319.24,23.9808,5.48
JFK,SFO,424,134,0.316,4161.7532,328.122,18.0207,1.3728
JFK,SJC,63,10,0.1587,4134.3945,330.0588,19.4151,1.2353
JFK,SJU,203,32,0.1576,2570.116,201.3977,25.1579,14.0409
JFK,SLC,90,16,0.1778,3200.9773,260.4932,11.5811,-10.863
JFK,STL,116,16,0.1379,1435.5313,127.3737,10.15,-2.3838
JFK,STT,16,6,0.375,2611.9588,206.5,12.3,8.5
JFK,SYR,80,24,0.3,336.3521,55.4286,9.7143,-4.0714
JFK,TPA,60,10,0.1667,1617.3867,145.62,4.42,-8.36
JNU,ANC,90,10,0.1111,918.9331,82.4875,4.75,3.1625
JNU,KTN,30,3,0.1,376.5856,39.8462,5.0741,5.3462
JNU,PSG,30,4,0.1333,197.9488,29.0,27.4231,29.0
JNU,SEA,102,14,0.1373,1462.8901,122.7471,19.6705,21.3908
JNU,SIT,60,6,0.1,152.8873,25.2222,9.537,8.7963
JNU,YAK,30,5,0.1667,320.2587,34.8,2.2,1.28
KOA,HNL,430,46,0.107,262.3224,30.0885,7.9089,9.2161
KOA,ITO,13,4,0.3077,102.9978,21.6667,-2.0,-0.7778
KOA,LAX,90,8,0.0889,4029.7874,284.1585,1.4512,4.5854
KOA,OAK,15,4,0.2667,3827.0105,282.9091,11.5455,11.3636
KOA,OGG,45,9,0.2,135.1846,19.6667,-0.75,-0.3611
KOA,SFO,30,3,0.1,3809.3078,269.7778,0.5556,0.6667
KTN,JNU,30,4,0.1333,376.5856,41.0385,-7.4615,-9.4615
KTN,SEA,109,13,0.1193,1094.3512,94.4792,16.8542,21.0417
KTN,SIT,30,2,0.0667,294.5092,35.7857,2.1429,0.7857
KTN,WRG,30,5,0.1667,131.9659,26.2,3.04,8.8
LAN,DTW,152,33,0.2171,119.0912,25.7731,-1.2353,-3.4034
LAN,MSP,51,12,0.2353,732.2497,74.6667,3.3846,-0.9487
LAS,ABQ,172,19,0.1105,783.7486,65.5686,3.4967,-0.4641
LAS,ALB,30,3,0.1,3600.0936,259.8519,3.963,-5.3333
LAS,AMA,30,3,0.1,1219.8797,97.2222,2.7407,-2.5926
LAS,ATL,250,31,0.124,2811.517,201.2488,6.9817,3.8525
LAS,AUS,90,10,0.1111,1754.1806,134.7975,4.9,-5.0886
LAS,BDL,4,0,0.0,3698.2633,263.5,10.0,-10.25
LAS,BHM,30,4,0.1333,2603.9121,191.3846,5.0769,-10.8846
LAS,BNA,90,11,0.1222,2555.6319,190.6962,3.2532,-3.4557
LAS,BOI,60,6,0.1,836.8568,80.4074,14.3889,4.8519
LAS,BOS,74,19,0.2568,3831.8385,276.1455,2.1455,6.2909
LAS,BUF,30,3,0.1,3197.7586,232.5185,1.9259,-7.2222
LAS,BUR,352,42,0.1193,358.8828,41.3366,2.9516,-2.2492
LAS,BWI,120,14,0.1167,3389.27,247.4151,13.3019,13.1698
LAS,CLE,125,34,0.272,2937.0455,216.3956,0.7692,-1.9121
LAS,CLT,78,20,0.2564,3083.4954,221.8276,10.7759,11.2414
LAS,CMH,120,13,0.1083,2851.7505,207.7196,14.6822,13.6822
LAS,CVG,120,12,0.1,2700.4725,198.3241,7.5556,6.4167
LAS,DCA,13,13,1.0,3361.9113,,,
LAS,DEN,381,101,0.2651,1012.2749,84.8172,4.9179,1.1254
LAS,DFW,346,56,0.1618,1697.8537,130.2535,14.1069,10.4479
LAS,DTW,177,37,0.209,2816.345,209.1583,3.45,1.8849
LAS,ELP,60,6,0.1,939.8546,77.2407,5.5556,-1.5
LAS,EWR,217,45,0.2074,3584.0002,259.7965,0.9128,-0.1686
LAS,FLL,30,3,0.1,3498.7052,248.8846,16.4815,12.0769
LAS,HOU,120,13,0.1083,1987.5349,156.1028,3.243,-5.486
LAS,IAD,47,17,0.3617,3324.8964,241.8,12.7333,17.1667
LAS,IAH,216,29,0.1343,1966.6135,150.7701,1.1283,-0.8877
LAS,IND,30,3,0.1,2560.4599,194.6296,3.8519,-3.7778
LAS,JFK,156,51,0.3269,3617.7963,270.4571,8.6,14.1048
LAS,LAX,1245,214,0.1719,379.8042,41.768,7.1571,-0.5951
LAS,LBB,30,3,0.1,1247.2385,97.8889,2.8889,-5.2222
LAS,LIT,30,4,0.1333,2084.0953,154.4231,4.1923,-21.3077
LAS,MAF,30,3,0.1,1281.0346,101.7778,2.5556,-4.3333
LAS,MCI,168,19,0.1131,1834.6476,142.3087,3.6443,-4.094
LAS,MCO,60,7,0.1167,3281.4443,229.4906,15.5094,12.717
LAS,MDW,90,10,0.1111,2447.8061,183.075,3.95,-3.1625
LAS,MEM,30,3,0.1,2278.8254,171.5185,2.2593,4.5185
LAS,MIA,30,2,0.0667,3500.3145,249.5,8.5357,2.3571
LAS,MKE,6,3,0.5,2452.6342,174.3333,62.6667,60.0
LAS,MSP,128,24,0.1875,2092.142,156.5631,6.2885,4.699
LAS,MSY,30,3,0.1,2415.6193,176.4074,14.8889,3.3704
LAS,OAK,385,43,0.1117,655.0014,65.4415,4.3655,1.386
LAS,OMA,90,9,0.1,1768.6647,136.8272,5.2099,-2.2346
LAS,ONT,284,33,0.1162,317.04,35.0797,4.6574,-0.5299
LAS,ORD,423,73,0.1726,2438.1501,183.5657,11.6229,8.5286
LAS,ORF,4,0,0.0,3468.1277,244.25,8.75,-16.0
LAS,PDX,163,37,0.227,1226.3171,110.4286,4.5238,-2.5635
LAS,PHL,134,29,0.2164,3501.9238,256.1524,8.9048,7.2381
LAS,PHX,1050,141,0.1343,411.991,44.3641,7.9274,4.3608
LAS,PIT,82,14,0.1707,3073.8394,221.6324,2.2353,4.5441
LAS,RDU,4,0,0.0,3262.1322,235.5,7.5,-3.25
LAS,RNO,352,40,0.1136,555.2223,54.4679,5.1346,0.3654
LAS,SAN,464,62,0.1336,415.2097,44.07,6.7637,3.2
LAS,SAT,116,13,0.1121,1720.3845,131.6117,3.7864,-5.3301
LAS,SDF,30,4,0.1333,2613.5682,194.1923,3.6154,-34.1538
LAS,SEA,249,68,0.2731,1393.6884,127.4804,8.0,3.2905
LAS,SFO,425,106,0.2494,666.2668,65.7792,9.4326,5.4858
LAS,SJC,348,48,0.1379,621.2052,61.0633,8.79,3.45
LAS,SLC,390,45,0.1154,592.2371,54.9188,3.3652,-1.9014
LAS,SMF,266,30,0.1128,638.908,62.8347,4.4746,0.8347
LAS,SNA,296,40,0.1351,363.7108,42.6758,6.875,4.3867
LAS,STL,150,17,0.1133,2208.0145,168.2406,5.2406,5.6316
LAS,TPA,60,6,0.1,3192.9306,228.1481,5.7778,-13.2407
LAS,TUL,30,3,0.1,1731.6498,132.3333,7.963,-11.6296
LAS,TUS,124,11,0.0887,587.4091,53.6903,3.9204,0.3363
LAW,DFW,206,34,0.165,225.3076,35.7953,-3.0698,-4.7076
LAX,ABQ,168,22,0.131,1089.5232,88.4795,2.2877,-6.1027
LAX,ANC,30,3,0.1,3773.9023,300.2222,-0.7778,-19.5556
LAX,ATL,319,44,0.1379,3131.7756,221.9636,14.7273,6.2873
LAX,AUS,89,13,0.1461,1998.8003,148.7237,13.5,2.6447
LAX,BDL,3,3,1.0,4066.8022,,,
LAX,BFL,180,31,0.1722,175.4181,28.5503,-0.3758,-4.7181
LAX,BNA,120,14,0.1167,2891.984,212.6509,12.6604,5.5849
LAX,BOS,270,52,0.1926,4201.9867,301.7373,6.0367,1.6221
LAX,BWI,104,37,0.3558,3748.1529,271.2836,10.0746,12.806
LAX,CLE,100,21,0.21,3303.975,243.8101,-0.1646,-1.962
LAX,CLT,117,31,0.265,3419.8475,246.7326,8.0814,6.8837
LAX,CMH,30,2,0.0667,3212.2426,233.9643,2.0,7.5357
LAX,COS,79,23,0.2911,1340.5802,110.8214,15.4643,11.1964
LAX,CVG,120,9,0.075,3057.746,220.9459,13.027,11.4775
LAX,DEN,478,136,0.2845,1387.2511,110.1647,7.7895,4.4824
LAX,DFW,549,119,0.2168,1987.5349,151.274,15.9791,9.5433
LAX,DTW,166,37,0.2229,3184.8839,237.2868,2.7054,3.5349
LAX,ELP,147,16,0.1088,1149.0688,92.0763,4.6107,-5.8397
LAX,EWR,343,77,0.2245,3949.3204,285.9774,6.0376,2.6917
LAX,FAT,275,75,0.2727,336.3521,49.785,1.62,-4.48
LAX,FLL,30,2,0.0667,3769.0743,262.0357,11.2143,4.0
LAX,HNL,321,39,0.1215,4113.473,305.3794,12.7979,2.8191
LAX,HOU,38,11,0.2895,2236.9826,168.963,0.5926,-14.963
LAX,IAD,346,84,0.2428,3682.1699,262.1374,12.9084,12.8168
LAX,IAH,297,68,0.229,2219.2799,167.6009,0.3319,-1.943
LAX,IND,30,5,0.1667,2919.3428,215.84,0.92,-10.16
LAX,JFK,521,172,0.3301,3983.1165,291.4699,18.2264,20.1662
LAX,KOA,90,8,0.0889,4029.7874,303.7927,11.3049,4.2683
LAX,LAS,1279,220,0.172,379.8042,42.5,5.2701,-0.449
LAX,LIH,30,3,0.1,4208.4241,318.6667,12.3704,4.2593
LAX,MCI,150,16,0.1067,2193.5304,168.6716,4.1119,-4.2836
LAX,MCO,193,39,0.2021,3567.9068,254.3595,5.5909,-2.1765
LAX,MEM,102,21,0.2059,2605.5215,191.45,3.4815,-1.45
LAX,MFR,30,7,0.2333,1013.8842,86.913,-3.3043,-9.3913
LAX,MIA,183,24,0.1311,3769.0743,260.2642,16.3459,5.0503
LAX,MRY,190,37,0.1947,429.6938,64.8301,-0.915,-5.2745
LAX,MSP,242,41,0.1694,2471.9462,185.77,2.6617,0.095
LAX,MSY,73,24,0.3288,2689.2071,193.6327,4.1224,-6.3061
LAX,OAK,896,157,0.1752,542.3476,55.1678,2.9418,-1.1894
LAX,OGG,153,13,0.085,4000.8192,299.05,17.1929,10.7071
LAX,ORD,807,205,0.254,2808.2983,207.9633,9.5349,4.27
LAX,PDX,348,73,0.2098,1342.1896,115.6022,3.4509,-2.2263
LAX,PHL,224,42,0.1875,3864.0253,282.1492,5.8736,5.0497
LAX,PHX,1060,205,0.1934,595.4558,58.0784,2.9895,-3.3953
LAX,PIT,134,29,0.2164,3437.5502,247.9524,5.1714,2.1429
LAX,PSP,303,70,0.231,177.0274,35.2026,0.7897,-2.6897
LAX,RNO,245,59,0.2408,627.6426,58.6237,8.7849,2.3871
LAX,SAN,1002,348,0.3473,175.4181,33.1483,3.5566,-0.4755
LAX,SAT,59,6,0.1017,1947.3014,144.1509,3.3774,-2.6604
LAX,SBA,360,95,0.2639,143.2313,23.3811,1.634,-2.2679
LAX,SBP,200,33,0.165,249.4477,39.8537,4.4551,0.0244
LAX,SEA,572,156,0.2727,1535.3104,132.3389,4.6731,0.8365
LAX,SFO,1028,299,0.2909,542.3476,53.5241,6.1893,-0.022
LAX,SJC,873,178,0.2039,495.6767,48.0072,6.3755,0.5799
LAX,SLC,397,56,0.1411,949.5106,81.7155,5.176,-2.9824
LAX,SMF,406,78,0.1921,600.2838,58.3079,3.375,-1.997
LAX,STL,199,24,0.1206,2563.6786,190.2971,3.7029,1.4
LAX,TPA,60,6,0.1,3472.9557,242.8519,4.0741,-4.5185
LAX,TUL,30,3,0.1,2064.7832,156.963,30.6296,34.6667
LAX,TUS,262,43,0.1641,725.8123,62.9315,3.8539,-0.8904
LBB,ABQ,60,6,0.1,465.0993,46.037,3.9259,-0.8889
LBB,AUS,60,6,0.1,548.7849,49.0,2.2407,-1.8302
LBB,DAL,254,34,0.1339,471.5366,47.4155,3.7818,-0.7215
LBB,DFW,270,79,0.2926,453.8339,55.4241,3.4084,-1.1204
LBB,ELP,30,3,0.1,474.7553,43.6667,5.8889,-0.963
LBB,LAS,30,3,0.1,1247.2385,106.2593,1.7037,-6.2222
LEX,ATL,120,14,0.1167,487.63,50.0849,1.4057,-6.8679
LEX,CVG,80,13,0.1625,112.6538,21.6716,-2.4179,-10.3881
LEX,PIT,8,7,0.875,465.0993,44.0,-3.0,-10.0
LFT,DFW,176,22,0.125,564.8783,83.5163,-0.7338,-7.4314
LGA,ATL,578,134,0.2318,1224.7077,107.5856,1.0225,-26.232
LGA,BGR,39,10,0.2564,608.3305,57.3793,10.3103,-12.8966
LGA,BNA,86,20,0.2326,1229.5358,110.4242,6.7424,-13.9394
LGA,BOS,764,475,0.6217,297.7279,36.9965,0.3287,-17.8131
LGA,BUF,130,60,0.4615,469.9273,49.6571,1.4714,-10.0429
LGA,CLE,219,61,0.2785,672.7041,68.0,2.4873,-19.1076
LGA,CLT,290,82,0.2828,875.481,82.4231,0.9567,-12.2404
LGA,CMH,107,18,0.1682,769.2645,74.764,6.4944,-13.4944
LGA,CVG,150,24,0.16,941.4639,91.6825,0.6032,-15.9603
LGA,DAL,9,8,0.8889,2222.4985,,-1.0,
LGA,DCA,638,545,0.8542,344.3988,40.6667,-0.4839,-16.828
LGA,DEN,181,53,0.2928,2605.5215,213.5276,7.4219,-15.6614
LGA,DFW,434,128,0.2949,2235.3733,186.3595,12.2124,-4.2843
LGA,DTW,392,75,0.1913,806.2793,79.1167,2.1325,-17.9148
LGA,FLL,304,83,0.273,1731.6498,151.6335,3.5747,-13.5385
LGA,GSO,119,65,0.5462,741.9057,71.7778,1.2963,-15.2593
LGA,HOU,75,18,0.24,2298.1375,199.8393,7.6491,-12.7321
LGA,IAD,212,38,0.1792,368.5389,47.4195,2.9425,-8.9425
LGA,IAH,219,51,0.2329,2278.8254,190.75,1.8155,-13.2202
LGA,JAX,72,27,0.375,1342.1896,121.9333,0.1556,-15.4667
LGA,MCO,308,75,0.2435,1528.873,133.8052,1.7554,-13.4848
LGA,MEM,110,18,0.1636,1549.7944,133.7826,1.3696,-16.75
LGA,MHT,60,45,0.75,313.8213,44.4,3.8667,-18.2
LGA,MIA,230,60,0.2609,1765.446,152.8059,14.0706,-1.0
LGA,MSP,206,42,0.2039,1641.5268,142.3025,1.5061,-16.5309
LGA,MSY,19,8,0.4211,1903.8492,169.3636,9.2727,-10.8182
LGA,ORD,870,258,0.2966,1179.6462,108.6,8.299,-12.3902
LGA,ORF,123,38,0.3089,476.3646,49.9294,1.5412,-14.2353
LGA,PBI,185,47,0.2541,1665.6669,143.5652,8.9928,-6.5797
LGA,PHL,30,8,0.2667,154.4966,30.7727,-0.7727,-20.0909
LGA,PIT,313,87,0.278,539.1289,57.4071,-1.2478,-12.9602
LGA,PVD,176,72,0.4091,230.1356,34.7308,4.7596,-12.6346
LGA,PWM,156,57,0.3654,434.5218,44.8061,4.9697,-14.1224
LGA,RDU,223,69,0.3094,693.6255,67.7792,4.2468,-14.3117
LGA,RIC,100,18,0.18,469.9273,54.1585,-0.0976,-14.5732
LGA,ROC,81,47,0.5802,408.7724,44.0882,-4.0294,-18.5588
LGA,RSW,42,25,0.5952,1738.0872,158.7059,-1.8235,-17.5882
LGA,STL,228,38,0.1667,1427.4846,128.3016,2.3895,-13.6455
LGA,TPA,211,71,0.3365,1627.0427,143.5971,3.2571,-15.0504
LGA,XNA,44,7,0.1591,1845.913,161.9189,6.2162,-7.2703
LGB,DFW,108,22,0.2037,1963.3948,154.3023,6.7442,4.3721
LGB,PHX,124,25,0.2016,571.3157,57.4646,2.3737,3.5657
LIH,HNL,543,62,0.1142,164.1527,21.289,0.632,1.6133
LIH,LAX,30,3,0.1,4208.4241,296.1852,3.963,8.3333
LIH,OGG,43,7,0.1628,325.0867,35.8333,1.5833,2.8611
LIH,SFO,31,3,0.0968,3938.055,284.6667,8.1429,4.037
LIT,ATL,131,24,0.1832,729.031,62.6262,2.271,-4.9346
LIT,BWI,30,4,0.1333,1467.7181,124.1923,2.6154,-2.9615
LIT,DAL,194,24,0.1237,476.3646,47.9882,2.2294,-1.3588
LIT,DFW,380,81,0.2132,489.2394,54.633,4.1538,-3.3401
LIT,HOU,30,4,0.1333,632.4706,62.9231,0.7692,-0.4231
LIT,LAS,30,4,0.1333,2084.0953,172.1538,7.8846,-12.9231
LIT,MDW,30,3,0.1,875.481,80.0741,9.4444,6.7778
LIT,MEM,129,37,0.2868,207.6049,29.8804,-3.0543,-3.0217
LIT,PHX,30,3,0.1,1828.2102,159.7778,10.4074,-9.1111
LIT,STL,314,38,0.121,476.3646,52.471,3.6594,-0.6449
LNK,STL,59,5,0.0847,595.4558,55.8519,-1.0185,-1.3704
LRD,DFW,128,17,0.1328,634.08,92.1818,6.8829,3.8545
LSE,MSP,20,9,0.45,193.1208,30.6364,-2.1818,-11.5455
LSE,ORD,116,26,0.2241,346.0081,38.0337,-0.2778,-5.5843
LWB,CLT,13,2,0.1538,297.7279,37.2727,4.3636,1.6364
MAF,ABQ,60,7,0.1167,534.3009,51.0755,6.3019,2.8868
MAF,AUS,56,6,0.1071,473.146,43.4286,8.38,7.5714
MAF,DAL,198,27,0.1364,513.3795,49.4412,3.9766,2.9471
MAF,DFW,210,34,0.1619,497.2861,69.0795,0.1307,-3.1932
MAF,ELP,30,4,0.1333,395.8976,37.2308,1.3077,-2.0
MAF,HOU,52,7,0.1346,709.7189,62.8,5.7556,4.3778
MAF,LAS,30,3,0.1,1281.0346,110.963,2.3704,-1.1111
MBS,DTW,129,23,0.1783,157.7153,27.1132,-1.4623,-3.4057
MBS,MSP,50,12,0.24,745.1244,74.2105,-4.9737,-9.8684
MCI,ABQ,90,9,0.1,1155.5061,101.3333,4.8889,-5.4691
MCI,ATL,195,46,0.2359,1113.6633,92.2282,9.7315,4.0067
MCI,BNA,116,12,0.1034,790.1859,68.6731,1.8077,-2.3558
MCI,BWI,90,9,0.1,1556.2318,125.1975,1.4321,-1.8148
MCI,CLT,109,19,0.1743,1301.9561,103.9551,-1.5,-6.6067
MCI,CVG,90,11,0.1222,867.4343,75.4177,3.6456,-0.4304
MCI,DCA,40,38,0.95,1528.873,127.0,-13.0,-7.0
MCI,DEN,190,76,0.4,857.7782,79.1228,0.5088,-2.114
MCI,DFW,253,73,0.2885,740.2964,71.4358,18.7889,16.257
MCI,DTW,152,31,0.2039,1012.2749,91.375,-0.1074,-3.9667
MCI,EWR,92,23,0.25,1757.3993,141.0735,-3.0145,-7.3676
MCI,HOU,30,3,0.1,1071.8204,93.2963,8.6667,1.8889
MCI,IAH,112,15,0.1339,1034.8056,98.9381,-3.9175,-6.4948
MCI,IND,30,3,0.1,725.8123,62.1111,2.2593,-2.7778
MCI,LAS,168,19,0.1131,1834.6476,153.8243,3.2416,-10.1689
MCI,LAX,150,16,0.1067,2193.5304,181.4812,5.6642,-18.3008
MCI,MCO,136,24,0.1765,1725.2125,136.1607,2.9821,-3.8393
MCI,MDW,524,60,0.1145,651.7827,61.1472,5.3534,3.855
MCI,MEM,107,15,0.1402,630.8613,60.7935,1.1196,-1.6413
MCI,MHT,30,3,0.1,1989.1442,148.7407,3.2963,2.2593
MCI,MSP,211,45,0.2133,632.4706,64.0545,2.8012,-1.2545
MCI,OAK,60,7,0.1167,2396.3073,196.2264,5.3208,-6.6981
MCI,OKC,160,23,0.1438,503.7234,49.0221,3.9927,-2.1176
MCI,ORD,308,69,0.224,648.564,60.728,6.3891,1.9372
MCI,PDX,30,3,0.1,2383.4325,198.0741,3.4074,-11.2222
MCI,PHL,112,24,0.2143,1670.4949,132.9318,2.5682,-2.9773
MCI,PHX,276,43,0.1558,1680.151,144.3219,7.0601,-3.8841
MCI,PIT,120,22,0.1833,1244.0198,100.7938,0.551,-5.1443
MCI,PVD,30,3,0.1,1985.9256,150.4444,2.0,-0.8519
MCI,RDU,30,3,0.1,1454.8434,113.9259,0.9259,-4.1852
MCI,SAN,30,3,0.1,2145.2502,176.4815,3.2222,-8.5185
MCI,SEA,30,4,0.1333,2396.3073,207.7308,4.2308,-10.7308
MCI,SJC,30,4,0.1333,2380.2139,197.1923,1.3077,-15.3462
MCI,SLC,149,17,0.1141,1478.9835,128.4545,7.6591,-1.1364
MCI,SMF,30,3,0.1,2320.6683,191.3333,7.3704,-3.0
MCI,STL,537,68,0.1266,381.4136,40.9422,1.7164,-2.2891
MCI,TPA,30,3,0.1,1686.5883,130.8889,7.037,-0.5185
MCI,TUL,116,14,0.1207,358.8828,36.6275,3.1765,-1.5784
MCO,ABE,39,11,0.2821,1458.062,123.0,-2.1429,-9.2857
MCO,ABQ,60,6,0.1,2497.6957,207.6792,2.1481,-6.6415
MCO,ALB,78,17,0.2179,1726.8218,137.8525,8.7049,-2.3607
MCO,ATL,345,47,0.1362,648.564,60.604,5.6443,-3.7819
MCO,AUS,30,3,0.1,1598.0746,142.2593,15.4815,10.4444
MCO,BDL,190,33,0.1737,1689.807,136.9618,3.7643,-6.758
MCO,BHM,30,3,0.1,769.2645,70.5926,1.8889,-7.7407
MCO,BNA,166,28,0.1687,991.3534,90.8116,4.1739,-3.1812
MCO,BOS,305,85,0.2787,1804.0701,149.8409,3.9182,-5.0727
MCO,BUF,34,4,0.1176,1627.0427,130.0,1.6,-16.4
MCO,BWI,318,53,0.1667,1266.5506,105.9735,1.3019,-5.8902
MCO,CLE,91,28,0.3077,1440.3593,122.129,-2.4603,-7.2419
MCO,CLT,229,44,0.1921,753.1711,72.4973,3.0108,-0.9676
MCO,CMH,130,16,0.1231,1290.6907,111.1316,3.3596,-3.886
MCO,CVG,140,18,0.1286,1216.661,103.877,5.4918,-3.0738
MCO,DCA,48,47,0.9792,1221.4891,116.0,-5.0,18.0
MCO,DEN,110,36,0.3273,2486.4303,202.726,5.5,4.2466
MCO,DFW,278,49,0.1763,1583.5906,138.8202,14.607,8.8728
MCO,DTW,191,32,0.1675,1540.1384,129.1338,8.1006,0.5287
MCO,EWR,330,79,0.2394,1509.5609,126.292,2.4622,-7.788
MCO,FLL,228,26,0.114,286.4625,38.0743,3.9356,-2.2871
MCO,HOU,29,3,0.1034,1364.7203,127.5769,0.9615,-9.0385
MCO,IAD,326,80,0.2454,1219.8797,103.8252,1.9959,-4.5691
MCO,IAH,171,30,0.1754,1372.767,122.0567,-1.4255,-3.305
MCO,IND,106,21,0.1981,1332.5335,120.5952,0.1412,-7.9881
MCO,ISP,90,10,0.1111,1564.2785,128.443,2.8875,-9.1139
MCO,JAN,30,3,0.1,944.6826,86.5185,0.9259,-1.4444
MCO,JFK,209,31,0.1483,1519.217,124.6348,3.2416,-5.9663
MCO,LAS,60,8,0.1333,3281.4443,262.1154,9.0962,-1.9231
MCO,LAX,193,38,0.1969,3567.9068,283.3268,4.9548,-5.0392
MCO,LGA,338,79,0.2337,1528.873,128.2724,1.2625,-12.8638
MCO,MCI,136,24,0.1765,1725.2125,150.5536,2.8482,-4.6607
MCO,MDT,4,0,0.0,1369.5483,115.5,6.0,3.5
MCO,MDW,60,6,0.1,1591.6373,133.283,3.7407,-4.3585
MCO,MEM,82,20,0.2439,1099.1792,98.8065,6.3871,2.6452
MCO,MHT,64,10,0.1562,1837.8663,147.3704,0.7222,-11.6667
MCO,MIA,433,91,0.2102,310.6026,49.9825,5.2076,1.117
MCO,MSP,120,16,0.1333,2108.2354,175.9519,8.8462,5.2019
MCO,MSY,175,19,0.1086,885.137,83.8323,4.2372,-1.6258
MCO,ORD,282,83,0.2943,1617.3867,138.3096,6.7286,-0.0761
MCO,ORF,8,0,0.0,1054.1177,91.375,1.875,-11.375
MCO,PBI,90,9,0.1,228.5263,30.3827,2.8395,-5.037
MCO,PHL,251,55,0.2191,1385.6417,120.7538,2.9439,-1.7026
MCO,PHX,90,12,0.1333,2974.0603,247.0779,1.4103,-10.7662
MCO,PIT,227,40,0.1762,1342.1896,111.4032,2.9572,-2.5215
MCO,PVD,154,18,0.1169,1726.8218,138.0221,3.0662,-6.1471
MCO,RDU,30,3,0.1,859.3876,79.1852,4.4074,0.7407
MCO,ROC,3,1,0.3333,1662.4482,139.0,0.5,-2.5
MCO,SAT,30,4,0.1333,1673.7136,147.8846,1.8077,-5.1154
MCO,SDF,30,3,0.1,1155.5061,107.4815,1.2963,-9.0741
MCO,SFO,30,5,0.1667,3934.8363,314.7083,2.56,2.4167
MCO,SJU,64,11,0.1719,1913.5053,142.3019,19.1509,15.6038
MCO,SLC,60,8,0.1333,3104.4169,249.6078,4.4038,-7.6471
MCO,STL,269,27,0.1004,1416.2192,124.85,2.7521,-0.7042
MCO,SYR,18,10,0.5556,1694.635,142.625,23.875,22.125
MCO,TPA,30,4,0.1333,128.7472,23.5769,6.5385,0.3462
MDT,ABE,71,10,0.1408,123.9192,18.6721,-1.1803,-1.4426
MDT,ATL,60,5,0.0833,996.1815,95.0727,-0.9091,-9.0727
MDT,CLT,60,7,0.1167,664.6574,70.7358,-1.8679,2.7547
MDT,DTW,81,16,0.1975,595.4558,64.0625,3.7846,0.4375
MDT,MCO,4,0,0.0,1369.5483,131.75,-3.0,20.25
MDT,ORD,192,49,0.2552,955.948,92.5594,3.2448,-6.0979
MDT,PIT,113,29,0.2566,297.7279,36.119,1.0952,0.7262
MDW,ABQ,30,3,0.1,1804.0701,153.0,16.0,-16.8148
MDW,ATL,90,12,0.1333,949.5106,86.6026,1.7436,7.359
MDW,BDL,60,8,0.1333,1250.4572,99.75,5.2115,2.4808
MDW,BHM,60,6,0.1,917.3238,77.5741,12.3889,6.8148
MDW,BNA,254,31,0.122,635.6893,58.6592,4.7803,2.3408
MDW,BWI,282,62,0.2199,983.3067,86.6091,8.6409,5.0364
MDW,CLE,242,29,0.1198,494.0674,48.8216,5.7887,1.5775
MDW,CMH,172,20,0.1163,457.0526,46.375,4.9934,0.6513
MDW,DFW,103,18,0.1748,1282.644,113.4048,5.9059,3.2619
MDW,DTW,450,73,0.1622,368.5389,45.3236,5.7215,4.0663
MDW,EWR,95,21,0.2211,1144.2407,96.4865,-1.1216,-12.0135
MDW,FLL,60,7,0.1167,1876.4904,151.0385,9.6604,-1.75
MDW,HOU,60,8,0.1333,1507.9516,130.4038,8.2115,-3.9038
MDW,IND,142,17,0.1197,260.7131,31.152,7.456,5.36
MDW,ISP,86,11,0.1279,1231.1451,111.88,6.2133,9.1333
MDW,JAN,60,7,0.1167,1071.8204,89.4906,6.9434,0.7925
MDW,LAS,90,9,0.1,2447.8061,199.1899,10.0988,-5.6456
MDW,LIT,30,4,0.1333,875.481,74.8077,4.6923,-1.6538
MDW,MCI,520,61,0.1173,651.7827,63.4161,7.2266,3.7015
MDW,MCO,60,8,0.1333,1591.6373,127.7647,2.0385,0.1569
MDW,MHT,60,8,0.1333,1348.6269,105.0577,7.25,3.3654
MDW,MSP,235,43,0.183,561.6597,64.3646,1.4792,-3.8854
MDW,OMA,172,20,0.1163,680.7508,64.5,9.0789,5.4145
MDW,PHX,90,11,0.1222,2323.887,193.2911,6.8987,-10.7975
MDW,PVD,90,10,0.1111,1355.0643,110.2911,6.575,4.6835
MDW,RDU,90,11,0.1222,1017.1029,87.962,7.0,-0.443
MDW,SDF,190,24,0.1263,436.1311,45.4157,6.2229,2.9157
MDW,STL,393,57,0.145,403.9443,47.3788,8.9792,3.2061
MDW,TPA,90,10,0.1111,1604.512,127.8354,6.3,3.5063
MEM,ATL,360,74,0.2056,534.3009,50.7517,1.8357,-6.014
MEM,AUS,82,13,0.1585,899.6211,82.6667,-1.2609,-3.3188
MEM,BHM,82,12,0.1463,339.5707,35.7143,-1.4714,-5.7571
MEM,BNA,73,12,0.1644,321.868,35.0,2.918,0.1803
MEM,BOS,77,13,0.1688,1833.0383,145.7344,-0.8438,-3.3281
MEM,BWI,12,10,0.8333,1266.5506,99.0,59.0,54.5
MEM,CLE,40,12,0.3,1001.0095,86.2857,6.7143,4.0
MEM,CLT,174,39,0.2241,823.9821,75.1778,2.2148,-3.4963
MEM,CMH,21,11,0.5238,833.6381,76.7,4.0,13.2
MEM,CVG,46,14,0.3043,648.564,60.2812,9.4688,2.7812
MEM,DCA,71,57,0.8028,1226.3171,,13.0,
MEM,DEN,61,7,0.1148,1403.3445,121.5185,5.037,6.2407
MEM,DFW,352,65,0.1847,695.2349,66.9507,5.6585,1.9331
MEM,DTW,280,41,0.1464,981.6974,88.3766,2.1046,1.5021
MEM,EWR,104,20,0.1923,1522.4356,132.631,0.8929,-5.2381
MEM,FLL,30,5,0.1667,1369.5483,113.72,0.24,-3.92
MEM,GPT,64,21,0.3281,521.4262,50.1395,6.2791,5.3721
MEM,GRR,30,3,0.1,951.1199,82.0,3.037,-0.8519
MEM,GSO,13,12,0.9231,917.3238,81.0,3.0,-6.0
MEM,IAD,31,0,0.0,1194.1303,94.0,0.7097,-3.9677
MEM,IAH,107,22,0.2056,754.7805,72.7059,4.4588,-0.4235
MEM,ICT,14,12,0.8571,729.031,64.0,43.0,45.5
MEM,IND,98,20,0.2041,613.1585,57.7308,2.8974,1.6538
MEM,JAN,30,12,0.4,304.1653,31.9444,-1.2222,-8.2222
MEM,JAX,41,14,0.3415,926.9798,83.2593,4.5556,5.1481
MEM,LAS,30,3,0.1,2278.8254,186.1481,3.7778,0.5926
MEM,LAX,102,20,0.1961,2605.5215,210.0122,6.4268,2.4268
MEM,LGA,90,11,0.1222,1549.7944,126.8101,1.0506,-12.8861
MEM,LIT,131,30,0.229,207.6049,26.1782,0.8416,-1.4356
MEM,MCI,108,17,0.1574,630.8613,64.1648,1.6703,0.6154
MEM,MCO,83,22,0.2651,1099.1792,91.4426,14.0328,9.9508
MEM,MIA,46,15,0.3261,1384.0324,113.6774,4.9677,0.4839
MEM,MKE,80,10,0.125,894.793,78.7714,6.0143,5.6
MEM,MSP,208,37,0.1779,1126.538,99.1871,11.7895,7.7836
MEM,MSY,111,17,0.1532,561.6597,52.0957,2.8511,0.7234
MEM,OKC,102,25,0.2451,695.2349,64.3247,3.5584,0.4026
MEM,OMA,30,2,0.0667,865.8249,80.9643,11.25,15.8571
MEM,ORD,257,43,0.1673,790.1859,79.4366,3.6636,-1.7934
MEM,PHL,76,13,0.1711,1406.5632,124.1587,-3.1746,1.8254
MEM,PHX,30,4,0.1333,2032.5964,174.3462,3.7692,-5.1538
MEM,RDU,78,12,0.1538,1020.3216,89.0455,6.2727,0.7121
MEM,SAN,13,12,0.9231,2521.8358,209.0,-2.0,-11.0
MEM,SAT,80,9,0.1125,1005.8375,89.7887,0.3521,-0.1268
MEM,SDF,21,4,0.1905,514.9888,51.8235,3.8235,3.0
MEM,SEA,51,9,0.1765,3009.4658,246.9048,8.7619,-1.5238
MEM,SFO,50,7,0.14,2908.0774,236.093,1.4651,-4.0
MEM,SJU,6,0,0.0,2998.2004,227.3333,3.5,6.3333
MEM,STL,27,4,0.1481,411.991,47.2609,1.0,-2.0
MEM,TPA,80,12,0.15,1055.727,87.3235,11.6029,9.7794
MEM,TYS,1,0,0.0,550.3943,59.0,-4.0,2.0
MEM,VPS,112,14,0.125,593.8465,55.2551,-0.5612,-3.7755
MFE,DFW,90,18,0.2,753.1711,71.7606,9.375,4.2113
MFE,IAH,158,34,0.2152,508.5514,54.0242,-0.6452,-1.129
MFR,LAX,30,8,0.2667,1013.8842,89.6818,1.8182,0.3182
MFR,SFO,90,23,0.2556,529.4729,56.803,10.2239,6.0606
MHT,ATL,60,7,0.1167,1532.0917,132.7547,-0.5283,-10.8491
MHT,BNA,60,6,0.1,1509.5609,134.2222,5.8333,-3.5
MHT,BWI,340,55,0.1618,606.7212,64.4667,4.6737,4.6772
MHT,CVG,30,3,0.1,1192.5209,110.9259,1.8148,-10.037
MHT,DCA,31,30,0.9677,655.0014,69.0,3.0,3.0
MHT,DTW,129,26,0.2016,980.0881,89.9806,4.6214,-3.0097
MHT,EWR,82,15,0.1829,336.3521,50.3433,1.6567,-3.9851
MHT,LGA,60,45,0.75,313.8213,47.6,11.4,-5.2667
MHT,MCI,30,4,0.1333,1989.1442,176.5769,6.7308,-10.3077
MHT,MCO,64,8,0.125,1837.8663,160.6364,1.6786,-11.3273
MHT,MDW,60,6,0.1,1348.6269,124.1667,4.3889,-6.6667
MHT,ORD,107,31,0.2897,1356.6736,119.9079,2.5921,-4.6053
MHT,PHL,150,24,0.16,466.7086,64.8175,4.4841,0.2778
MHT,PIT,90,10,0.1111,780.5299,74.075,0.7875,-7.6375
MHT,TPA,30,3,0.1,1937.6454,168.5185,1.6667,-18.4444
MIA,ATL,442,67,0.1516,957.5573,84.44,10.3867,0.5253
MIA,BDL,30,3,0.1,1921.552,149.8148,13.2593,7.2222
MIA,BNA,20,3,0.15,1297.128,103.5882,22.5882,7.7647
MIA,BOS,123,26,0.2114,2024.5497,158.1458,28.9897,11.5
MIA,BWI,80,17,0.2125,1522.4356,124.8889,13.9048,5.0
MIA,CLE,48,12,0.25,1738.0872,141.7222,15.8056,4.6944
MIA,CLT,158,27,0.1709,1046.071,96.0992,-0.8473,-4.0
MIA,CVG,43,12,0.2791,1525.6543,125.2258,13.7097,-1.2903
MIA,DCA,143,133,0.9301,1480.5928,123.875,6.4,7.5
MIA,DEN,90,15,0.1667,2750.3621,221.1351,10.8667,13.4189
MIA,DFW,280,43,0.1536,1804.0701,151.8819,27.6582,25.1392
MIA,DTW,106,12,0.1132,1842.6943,150.7849,5.734,1.0323
MIA,EWR,215,43,0.2,1747.7432,142.6471,13.6105,2.2118
MIA,EYW,205,46,0.2244,202.7768,34.7296,1.7673,-3.8553
MIA,IAD,144,22,0.1528,1482.2021,119.8197,16.6967,10.1557
MIA,IAH,243,49,0.2016,1551.4038,137.5781,9.7526,5.3438
MIA,JAX,166,34,0.2048,537.5196,83.5076,2.8409,-2.4167
MIA,JFK,184,53,0.288,1754.1806,135.3308,30.9771,22.7077
MIA,LAS,30,2,0.0667,3500.3145,285.3571,5.0357,-1.8929
MIA,LAX,182,25,0.1374,3769.0743,293.7806,24.2484,16.0
MIA,LGA,229,57,0.2489,1765.446,146.1845,19.4186,-1.8929
MIA,MCO,434,86,0.1982,310.6026,45.477,7.2328,-0.3736
MIA,MEM,41,13,0.3171,1384.0324,120.7857,-4.3214,-11.4286
MIA,MSP,43,15,0.3488,2415.6193,196.6786,9.2143,3.4286
MIA,MSY,90,11,0.1222,1084.6952,93.7089,18.6962,13.557
MIA,ORD,340,72,0.2118,1926.38,158.7865,14.0746,5.1273
MIA,PHL,180,31,0.1722,1630.2614,135.5878,9.349,0.0946
MIA,PHX,30,4,0.1333,3173.6185,267.6923,16.8077,13.7308
MIA,PIT,82,18,0.2195,1630.2614,132.7581,2.1094,-5.2258
MIA,RDU,60,13,0.2167,1126.538,97.1064,15.5532,3.8511
MIA,RSW,169,32,0.1893,168.9807,30.9489,2.7737,-3.2701
MIA,SAV,40,36,0.9,708.1096,105.75,-3.25,-8.75
MIA,SEA,30,2,0.0667,4383.8422,349.4074,20.7143,12.1481
MIA,SFO,119,13,0.1092,4160.1439,330.0865,14.0377,9.25
MIA,SJC,3,3,1.0,4118.3011,,,
MIA,SJU,232,45,0.194,1681.7603,126.9519,26.7487,20.7594
MIA,STL,121,14,0.1157,1718.7751,147.6355,5.6449,-3.9159
MIA,STT,30,4,0.1333,1781.5394,135.6538,27.7692,23.7308
MIA,STX,30,4,0.1333,1833.0383,136.7692,30.1923,26.0769
MIA,TPA,252,60,0.2381,328.3054,48.9476,6.0156,0.9843
MKE,ATL,80,11,0.1375,1076.6485,93.6618,1.1594,-5.7059
MKE,CLT,60,4,0.0667,1047.6803,91.2143,10.6071,5.4464
MKE,CVG,66,12,0.1818,511.7701,54.9074,-0.1111,-4.0
MKE,DFW,116,29,0.25,1372.767,122.9884,9.5402,-0.6744
MKE,DTW,189,31,0.164,383.0229,45.2611,2.5949,-0.2739
MKE,IAH,26,3,0.1154,1583.5906,134.913,18.6957,7.6957
MKE,LAS,6,4,0.6667,2452.6342,207.5,7.5,12.0
MKE,MEM,81,11,0.1358,894.793,81.3286,-0.6,-6.0429
MKE,MSP,186,30,0.1613,477.974,54.5192,2.6346,-2.2564
MKE,ORD,223,45,0.2018,107.8258,19.8989,2.2303,-4.3315
MKE,PHX,60,5,0.0833,2349.6364,193.0,1.4727,-2.8704
MKE,PIT,113,30,0.2655,693.6255,63.7195,-2.7229,-3.3659
MKE,STL,180,17,0.0944,510.1608,56.135,-1.5031,-4.5215
MLB,ATL,120,14,0.1167,712.9376,66.7547,0.8208,-4.5
MLB,EWR,11,11,1.0,1517.6076,,,
MLI,STL,176,20,0.1136,300.9466,37.9936,0.1474,-2.3141
MLU,ATL,30,5,0.1667,720.9843,64.56,-5.48,-10.24
MLU,DFW,30,3,0.1,471.5366,51.0741,-0.9259,-8.3704
MLU,JAN,30,5,0.1667,186.6834,22.84,-5.96,-7.48
MOB,ATL,191,37,0.1937,486.0207,47.1364,-1.0065,-9.6169
MOT,MSP,90,12,0.1333,722.5937,65.5195,-4.3718,-11.4286
MQT,ORD,30,4,0.1333,487.63,55.6923,-4.3846,-6.6154
MRY,LAX,190,38,0.2,429.6938,69.625,0.0132,-3.75
MSN,DFW,26,2,0.0769,1321.2681,118.0833,5.25,-2.75
MSN,DTW,126,25,0.1984,502.1141,53.59,-4.4455,-5.37
MSN,MSP,136,18,0.1324,366.9295,48.5508,-0.6356,-2.6186
MSN,ORD,207,43,0.2077,175.4181,25.7927,-3.9451,-9.2622
MSO,GTF,30,3,0.1,215.6516,25.0,-3.7778,-6.2963
MSO,MSP,60,7,0.1167,1630.2614,135.6604,20.1698,14.6415
MSO,SLC,60,8,0.1333,701.6722,60.75,-5.9808,-11.8269
MSP,ABQ,60,7,0.1167,1578.7625,128.9245,2.5094,-0.0566
MSP,ANC,79,12,0.1519,4052.3181,320.3881,10.3881,-2.1642
MSP,ATL,365,53,0.1452,1458.062,118.7781,6.4006,-2.6367
MSP,AUS,86,9,0.1047,1676.9323,135.1429,5.7403,-3.9481
MSP,AZO,21,11,0.5238,685.5788,58.5,0.6,-1.1
MSP,BDL,81,15,0.1852,1689.807,129.1385,2.9091,-1.4462
MSP,BIL,71,17,0.2394,1203.7863,104.5,6.537,0.963
MSP,BIS,100,20,0.2,621.2052,60.6625,5.7375,-0.7875
MSP,BNA,107,20,0.1869,1118.4913,94.8621,4.954,1.1034
MSP,BOI,73,20,0.274,1837.8663,150.5472,9.8302,5.1132
MSP,BOS,230,50,0.2174,1808.8982,140.6816,6.1444,5.8268
MSP,BUF,50,6,0.12,1181.2556,98.3182,5.5682,7.6136
MSP,BWI,102,21,0.2059,1506.3422,121.1605,17.6173,19.9753
MSP,BZN,60,7,0.1167,1406.5632,120.5283,8.4906,-2.7736
MSP,CID,9,0,0.0,355.6641,37.6667,-5.2222,-12.5556
MSP,CLE,132,16,0.1212,1001.0095,84.7069,4.2845,0.1552
MSP,CLT,140,32,0.2286,1496.6862,116.9537,1.9167,-0.7778
MSP,CMH,72,17,0.2361,1009.0562,81.8727,7.6545,4.5455
MSP,COS,60,8,0.1333,1166.7715,98.4038,0.1346,-3.9615
MSP,CVG,86,10,0.1163,959.1666,82.25,0.9605,-3.4868
MSP,DAY,51,15,0.2941,923.7612,76.75,-0.4167,-3.1111
MSP,DCA,166,131,0.7892,1498.2955,112.1667,8.3429,-7.0667
MSP,DEN,396,83,0.2096,1094.3512,93.8594,6.0639,1.361
MSP,DFW,373,91,0.244,1371.1577,119.3143,10.8014,4.5286
MSP,DLH,50,9,0.18,231.745,27.6098,4.6585,3.3415
MSP,DSM,36,12,0.3333,373.3669,40.7083,4.6667,5.1667
MSP,DTW,466,75,0.1609,849.7315,75.179,5.4962,2.1893
MSP,EWR,310,57,0.1839,1622.2147,131.1036,1.3241,-4.0558
MSP,FAR,144,29,0.2014,358.8828,40.2348,8.2348,5.4348
MSP,FCA,20,4,0.2,1651.1828,141.7333,5.5,-6.0
MSP,FSD,148,36,0.2432,317.04,35.9018,3.2768,1.8304
MSP,GEG,71,16,0.2254,1890.9745,155.4,7.3455,0.3091
MSP,GFK,29,3,0.1034,457.0526,47.3462,4.9231,3.0769
MSP,GRB,78,14,0.1795,405.5537,41.6875,4.8594,5.25
MSP,GRR,107,12,0.1121,656.6107,57.4632,6.4842,7.3684
MSP,GTF,60,8,0.1333,1427.4846,123.2353,2.5962,-9.451
MSP,HNL,30,3,0.1,6392.2985,463.8519,28.7037,-7.5185
MSP,IAD,119,22,0.1849,1461.2807,117.5773,7.2268,8.567
MSP,IAH,269,50,0.1859,1664.0576,144.693,1.1872,-2.1395
MSP,IND,154,33,0.2143,809.498,69.0826,2.7603,3.2893
MSP,JFK,60,8,0.1333,1654.4015,139.2885,8.5192,4.1538
MSP,LAN,51,13,0.2549,732.2497,63.2632,8.1316,9.9737
MSP,LAS,133,21,0.1579,2092.142,167.8919,18.4464,9.5766
MSP,LAX,244,39,0.1598,2471.9462,195.5931,12.9171,-1.3676
MSP,LGA,236,48,0.2034,1641.5268,132.2849,5.1596,-4.1344
MSP,LSE,20,9,0.45,193.1208,23.8182,-2.5455,-2.2727
MSP,MBS,53,13,0.2453,745.1244,64.325,2.65,-0.325
MSP,MCI,209,43,0.2057,632.4706,62.9217,5.0301,1.6446
MSP,MCO,120,14,0.1167,2108.2354,159.2476,6.6604,4.3905
MSP,MDW,224,37,0.1652,561.6597,62.9676,2.9893,1.5459
MSP,MEM,182,29,0.1593,1126.538,93.1569,7.4575,3.2092
MSP,MIA,41,13,0.3171,2415.6193,182.8889,12.0714,1.5185
MSP,MKE,186,30,0.1613,477.974,46.1923,4.4679,3.3397
MSP,MOT,90,12,0.1333,722.5937,68.5513,1.7436,-1.9615
MSP,MSN,138,20,0.1449,366.9295,37.5424,4.5254,6.5763
MSP,MSO,60,6,0.1,1630.2614,140.4259,4.5185,-7.7222
MSP,MSY,81,16,0.1975,1673.7136,132.0,7.4615,3.3077
MSP,OMA,204,39,0.1912,453.8339,45.1152,4.1273,1.2727
MSP,ONT,60,8,0.1333,2404.354,189.9231,4.5769,-2.1154
MSP,ORD,941,256,0.2721,537.5196,53.2243,4.9109,1.4179
MSP,PDX,121,22,0.1818,2294.9188,186.7475,16.2727,4.7172
MSP,PHL,238,60,0.2521,1577.1532,126.9718,0.6854,-3.565
MSP,PHX,269,41,0.1524,2053.5178,168.5044,8.3289,-1.4027
MSP,PIT,177,23,0.1299,1168.3808,93.6667,-1.487,-5.4641
MSP,RAP,101,23,0.2277,788.5766,73.4103,4.4744,-2.8462
MSP,RDU,90,10,0.1111,1578.7625,122.475,2.725,1.5125
MSP,RNO,60,7,0.1167,2262.732,181.8679,5.9811,-5.6981
MSP,RST,50,8,0.16,122.3098,19.2381,1.6429,-0.881
MSP,RSW,10,0,0.0,2278.8254,171.2,6.6,-6.5
MSP,SAN,110,15,0.1364,2465.5089,195.5957,9.0316,-0.5319
MSP,SAT,60,6,0.1,1765.446,141.9074,0.8519,-5.3889
MSP,SDF,51,8,0.1569,970.432,83.4419,7.3953,3.4419
MSP,SEA,187,26,0.139,2251.4667,183.3396,14.1801,7.1258
MSP,SFO,157,18,0.1146,2557.2413,208.5294,8.3813,0.2132
MSP,SJC,77,10,0.1299,2536.3198,206.0909,5.9104,-6.197
MSP,SLC,140,15,0.1071,1594.8559,136.696,9.464,3.0
MSP,SMF,80,11,0.1375,2442.9781,195.2059,6.3478,-2.3971
MSP,SNA,69,15,0.2174,2449.4155,196.3889,10.0556,1.3148
MSP,STL,399,56,0.1404,722.5937,67.4076,3.0466,-1.1261
MSP,TPA,60,7,0.1167,2103.4074,159.8269,9.1509,6.3846
MSP,TUS,30,4,0.1333,2088.9233,168.5385,8.8462,0.7308
MSY,ATL,309,42,0.1359,683.9695,59.2322,2.1049,-2.6779
MSY,AUS,1,0,0.0,716.1563,62.0,15.0,18.0
MSY,BHM,198,23,0.1162,516.5981,46.96,4.8914,0.2971
MSY,BNA,86,9,0.1047,757.9991,67.1039,4.8182,2.1429
MSY,BWI,76,20,0.2632,1606.1213,126.7857,0.9464,-6.0893
MSY,CLE,30,4,0.1333,1475.7648,124.7692,-3.8462,-4.8077
MSY,CLT,150,29,0.1933,1047.6803,87.686,-1.3719,-5.6033
MSY,CVG,80,15,0.1875,1126.538,99.2615,1.3846,-4.8308
MSY,DAL,175,19,0.1086,703.2816,67.7372,5.3205,2.2179
MSY,DCA,31,30,0.9677,1559.4505,,-5.0,
MSY,DEN,90,18,0.2,1709.1191,144.1389,-1.625,-1.25
MSY,DFW,210,52,0.2476,720.9843,70.8726,10.2215,5.9873
MSY,DTW,92,14,0.1522,1490.2488,127.9103,-3.7051,-10.3333
MSY,EWR,97,24,0.2474,1878.0998,149.7397,-0.9589,-12.6986
MSY,FLL,30,3,0.1,1083.0858,94.5926,4.2222,-5.8148
MSY,HOU,606,76,0.1254,487.63,51.7202,3.3226,1.1437
MSY,IAD,55,13,0.2364,1535.3104,121.2439,2.5714,-4.9756
MSY,IAH,331,74,0.2236,490.8487,51.2335,-0.7315,-1.8949
MSY,IND,30,3,0.1,1139.4127,99.8519,1.4815,-0.8148
MSY,JAX,30,4,0.1333,825.5914,70.6538,3.1154,-1.0769
MSY,JFK,60,16,0.2667,1902.2399,146.0909,7.9091,5.4773
MSY,LAS,30,4,0.1333,2415.6193,201.4231,5.0,-3.3462
MSY,LAX,73,24,0.3288,2689.2071,219.8125,3.3469,-6.6875
MSY,LGA,19,8,0.4211,1903.8492,149.6364,36.9091,28.8182
MSY,MCO,176,18,0.1023,885.137,81.6497,4.3671,-4.5478
MSY,MEM,111,16,0.1441,561.6597,58.0842,-2.8316,-5.5368
MSY,MIA,90,11,0.1222,1084.6952,86.2278,11.9241,5.3418
MSY,MSP,81,17,0.2099,1673.7136,144.4032,7.0469,2.5968
MSY,ORD,145,45,0.3103,1347.0176,114.6327,13.38,5.2449
MSY,PHL,59,14,0.2373,1750.9619,144.8444,4.0,0.5111
MSY,PHX,90,10,0.1111,2093.7513,179.6625,5.3375,2.775
MSY,PIT,64,15,0.2344,1477.3741,120.6735,0.7347,-1.0204
MSY,PNS,30,6,0.2,299.3372,32.375,2.375,-0.875
MSY,SAN,30,3,0.1,2573.3347,212.5185,8.4815,-15.7778
MSY,SFO,30,6,0.2,3075.4487,245.087,-0.875,-6.7826
MSY,STL,150,13,0.0867,972.0414,87.1241,0.6204,-3.8321
MSY,TPA,180,20,0.1111,783.7486,72.6125,5.275,-1.6125
MYR,CLT,235,44,0.1872,251.057,32.5288,-2.6283,-2.6754
MYR,EWR,30,4,0.1333,885.137,81.4231,-3.0385,-17.6538
MYR,PHL,4,1,0.25,761.2178,77.3333,-7.0,-1.3333
MYR,PIT,4,1,0.25,766.0458,71.0,5.0,-4.3333
OAK,ABQ,56,7,0.125,1430.7033,112.9796,4.2857,1.4082
OAK,ATL,60,7,0.1167,3427.8942,242.0943,15.0,8.6792
OAK,BNA,30,4,0.1333,3152.6971,230.1154,1.0769,0.3462
OAK,BOI,30,3,0.1,822.3727,67.9259,4.6296,-2.1481
OAK,BUR,430,56,0.1302,523.0355,49.5802,2.4973,-0.8904
OAK,DEN,192,55,0.2865,1540.1384,122.5373,3.5474,3.1642
OAK,DFW,202,43,0.2129,2343.199,181.5287,10.0881,5.0637
OAK,EWR,41,15,0.3659,4110.2544,291.3846,-4.6923,-9.0385
OAK,GEG,30,4,0.1333,1163.5528,94.8462,3.3846,-5.8846
OAK,HNL,30,4,0.1333,3876.9001,300.6923,1.6538,-0.2692
OAK,IAH,86,14,0.1628,2620.0055,206.5775,-1.4861,-5.7183
OAK,KOA,15,1,0.0667,3827.0105,301.7857,15.2857,3.8571
OAK,LAS,385,43,0.1117,655.0014,64.4591,4.9708,0.6959
OAK,LAX,891,154,0.1728,542.3476,56.0503,5.2402,-4.2391
OAK,MCI,60,7,0.1167,2396.3073,180.7925,3.434,-1.6226
OAK,OGG,30,4,0.1333,3780.3397,296.5769,1.3077,-0.3462
OAK,ONT,422,51,0.1209,580.9717,56.655,3.2264,0.6604
OAK,ORD,109,22,0.2018,2953.1389,220.0575,5.7816,5.092
OAK,PDX,317,49,0.1546,873.8716,75.9328,2.6903,-4.2239
OAK,PHX,351,44,0.1254,1039.6336,93.5556,2.5765,-0.5261
OAK,RNO,172,22,0.1279,289.6812,31.8,5.5,2.8533
OAK,SAN,442,53,0.1199,717.7656,69.0469,6.7378,2.0417
OAK,SEA,393,79,0.201,1079.8671,95.6326,3.9777,-1.8786
OAK,SLC,120,14,0.1167,946.2919,79.4057,2.4811,-0.2925
OAK,SNA,355,59,0.1662,597.0651,65.9153,4.2635,2.1932
OGG,DFW,30,3,0.1,5972.2607,407.7407,14.7407,23.2222
OGG,HNL,726,81,0.1116,160.934,23.2388,1.8093,3.3643
OGG,ITO,13,3,0.2308,194.7301,26.4,0.4,1.2
OGG,KOA,26,7,0.2692,135.1846,22.6316,0.1579,2.7895
OGG,LAX,154,13,0.0844,4000.8192,280.2429,13.5319,10.4357
OGG,LIH,26,6,0.2308,325.0867,35.65,0.25,1.55
OGG,OAK,30,4,0.1333,3780.3397,276.5,13.1154,13.4615
OGG,SFO,90,14,0.1556,3762.6369,268.7763,10.3026,13.5526
OGG,SJC,30,3,0.1,3791.605,277.7778,22.963,19.1111
OGG,SNA,30,3,0.1,4044.2714,290.3333,5.3333,8.3704
OGG,STL,30,2,0.0667,6541.9671,446.1071,14.0357,8.0714
OKC,ATL,70,13,0.1857,1224.7077,96.6491,11.4386,2.8596
OKC,DAL,212,27,0.1274,291.2905,36.8054,4.3459,-0.1946
OKC,DEN,96,39,0.4062,796.6233,72.1404,0.0702,-0.1053
OKC,DFW,356,110,0.309,281.6345,37.9756,3.5244,0.248
OKC,HOU,108,17,0.1574,674.3135,63.7778,1.3516,-1.0111
OKC,IAH,125,24,0.192,635.6893,64.1881,1.9208,1.2277
OKC,MCI,160,21,0.1312,503.7234,49.8333,4.6619,2.7899
OKC,MEM,101,25,0.2475,695.2349,64.5395,-2.8684,-5.25
OKC,ORD,90,19,0.2111,1115.2726,95.9859,10.0986,7.0
OKC,PHX,94,9,0.0957,1340.5802,119.4824,3.7176,-6.6706
OKC,SLC,44,18,0.4091,1393.6884,118.2692,-1.2308,-5.2692
OKC,STL,237,26,0.1097,743.5151,68.6303,4.9479,2.7678
OKC,TUL,30,3,0.1,178.6367,24.1154,12.7778,-0.7308
OMA,ATL,60,5,0.0833,1321.2681,104.1273,-2.5636,-10.4727
OMA,DEN,170,45,0.2647,759.6085,68.808,1.128,-1.152
OMA,DFW,120,30,0.25,938.2452,84.9,12.0444,7.4667
OMA,IAH,30,3,0.1,1256.8945,111.2692,-1.9259,-7.5769
OMA,LAS,90,10,0.1111,1768.6647,148.625,5.775,-4.7375
OMA,MDW,172,19,0.1105,680.7508,63.5592,4.1242,1.5789
OMA,MEM,30,4,0.1333,865.8249,78.9615,-3.0385,-5.0
OMA,MSP,204,39,0.1912,453.8339,50.939,0.8242,-2.2927
OMA,ORD,270,46,0.1704,669.4854,63.4152,0.8348,-6.5491
OMA,PHX,163,24,0.1472,1668.8856,144.2302,9.9712,3.5468
OMA,STL,228,26,0.114,550.3943,52.4229,3.1485,-0.4975
OME,ANC,76,7,0.0921,867.4343,76.0,11.5652,12.5797
OME,OTZ,2,0,0.0,294.5092,31.5,-7.5,-10.5
ONT,ATL,60,8,0.1333,3057.746,218.9808,11.25,3.75
ONT,BNA,30,4,0.1333,2817.9543,209.3462,3.9615,-0.3462
ONT,DEN,113,34,0.3009,1318.0495,111.0779,0.9747,1.8961
ONT,DFW,175,34,0.1943,1913.5053,150.8794,9.9858,7.4255
ONT,IAH,56,9,0.1607,2146.8596,170.587,-3.0213,-4.2609
ONT,LAS,318,37,0.1164,317.04,37.8612,1.6762,-0.9075
ONT,MSP,60,8,0.1333,2404.354,187.5577,-0.1538,0.8846
ONT,OAK,392,53,0.1352,580.9717,55.7729,2.5811,2.5192
ONT,ORD,49,16,0.3265,2735.878,214.8182,2.7273,1.8788
ONT,PDX,73,21,0.2877,1348.6269,114.6154,-0.9615,-3.0
ONT,PHX,590,74,0.1254,523.0355,51.6783,2.4806,-0.0465
ONT,SEA,127,28,0.2205,1538.529,134.3131,2.9697,2.6364
ONT,SFO,150,34,0.2267,584.1904,57.5391,6.5259,3.0174
ONT,SJC,276,35,0.1268,535.9102,50.8008,2.1743,-2.7427
ONT,SLC,90,8,0.0889,898.0117,77.8415,2.061,-6.2561
ONT,SMF,370,42,0.1135,626.0333,58.8445,1.4055,-2.3994
ONT,STL,34,7,0.2059,2489.649,190.4074,6.6296,5.9259
ORD,ABE,73,27,0.3699,1052.5084,85.4348,2.9348,1.1522
ORD,ABQ,83,8,0.0964,1799.2421,148.04,12.56,2.5733
ORD,ALB,180,38,0.2111,1163.5528,92.1268,10.6479,7.0704
ORD,ANC,30,3,0.1,4580.1816,368.6296,3.0,-13.9259
ORD,ATL,774,177,0.2287,975.26,83.6975,6.0838,-3.605
ORD,AUS,209,41,0.1962,1573.9345,130.4583,8.7321,-2.2262
ORD,AZO,146,19,0.1301,196.3395,24.7402,6.2913,0.2677
ORD,BDL,318,63,0.1981,1260.1132,99.1255,10.7882,6.7412
ORD,BMI,116,15,0.1293,186.6834,24.9109,8.5149,0.2376
ORD,BNA,120,17,0.1417,658.2201,60.2233,10.5825,3.9903
ORD,BOI,30,6,0.2,2312.6216,194.0833,2.625,-8.6667
ORD,BOS,659,197,0.2989,1395.2978,110.1891,8.3615,-0.8522
ORD,BTR,57,13,0.2281,1303.5654,105.9767,6.9773,-11.5581
ORD,BTV,80,19,0.2375,1227.9264,94.9016,3.541,0.9016
ORD,BUF,227,45,0.1982,761.2178,65.0495,9.0275,6.3022
ORD,BWI,317,64,0.2019,1001.0095,84.7431,10.4229,4.9209
ORD,CHA,86,11,0.1279,806.2793,68.52,12.1867,3.4933
ORD,CID,276,60,0.2174,315.4306,34.0972,5.1852,-0.2685
ORD,CLE,532,126,0.2368,508.5514,49.837,5.0764,-1.0494
ORD,CLT,481,138,0.2869,963.9947,83.0816,6.6706,1.2157
ORD,CMH,403,99,0.2457,476.3646,46.6612,8.5197,2.6842
ORD,CMI,150,20,0.1333,217.2609,26.3846,6.6,-0.7769
ORD,COS,43,18,0.4186,1466.1087,119.72,6.64,-3.92
ORD,CVG,493,132,0.2677,424.8658,46.6011,3.4626,-2.4571
ORD,DAL,12,11,0.9167,1284.2533,109.0,-4.0,-16.0
ORD,DAY,268,58,0.2164,386.2416,40.1762,6.3905,1.4571
ORD,DBQ,116,17,0.1466,236.573,28.8788,4.6465,0.0202
ORD,DCA,454,375,0.826,984.9161,78.5385,5.2658,-1.5
ORD,DEN,618,147,0.2379,1429.0939,120.1128,10.8047,3.4936
ORD,DFW,701,180,0.2568,1290.6907,111.6956,10.8215,4.5607
ORD,DLH,86,9,0.1047,638.908,61.0658,6.6623,-3.2237
ORD,DSM,332,65,0.1958,481.1927,47.0899,5.7154,-0.5581
ORD,DTW,671,140,0.2086,378.1949,48.8399,7.5744,2.7194
ORD,ELP,63,13,0.2063,1989.1442,160.04,10.86,3.58
ORD,EVV,167,22,0.1317,439.3498,42.7103,4.7586,-3.7517
ORD,EWR,827,243,0.2938,1157.1155,96.3339,5.5154,-3.9983
ORD,FLL,160,59,0.3688,1902.2399,151.3469,10.2277,6.0102
ORD,FWA,130,17,0.1308,252.6664,28.9911,5.0708,-4.3036
ORD,GEG,30,7,0.2333,2410.7913,205.3913,2.8696,-6.6522
ORD,GRB,150,17,0.1133,280.0252,30.7068,6.797,-0.4812
ORD,GRR,416,100,0.2404,220.4796,26.9272,3.8797,-1.2785
ORD,GSO,175,43,0.2457,949.5106,80.1061,9.0152,1.3864
ORD,GSP,120,20,0.1667,928.5892,78.8469,8.53,-1.0102
ORD,HNL,30,3,0.1,6828.4296,507.0,19.4074,10.2593
ORD,HPN,322,78,0.2422,1187.6929,102.7901,8.25,4.749
ORD,HSV,85,16,0.1882,820.7634,69.3333,7.3333,-5.6667
ORD,IAD,425,83,0.1953,947.9013,80.2903,8.1667,1.7595
ORD,IAH,508,102,0.2008,1488.6395,128.4243,6.5197,1.4194
ORD,ICT,99,23,0.2323,946.2919,82.1842,7.0658,2.9211
ORD,IND,518,127,0.2452,284.8532,32.4578,4.6522,-1.1944
ORD,JFK,2,2,1.0,1190.9116,,,
ORD,LAS,419,68,0.1623,2438.1501,195.8029,12.1026,0.9457
ORD,LAX,776,200,0.2577,2808.2983,219.288,17.9479,5.0873
ORD,LGA,848,255,0.3007,1179.6462,98.6937,7.7487,-3.5651
ORD,LSE,116,24,0.2069,346.0081,41.0543,5.8152,-1.1413
ORD,MCI,341,79,0.2317,648.564,61.3372,6.8282,1.295
ORD,MCO,307,87,0.2834,1617.3867,126.2237,8.7136,1.5525
ORD,MDT,223,56,0.2511,955.948,79.1856,8.5269,3.8024
ORD,MEM,256,36,0.1406,790.1859,73.2045,10.7318,1.0455
ORD,MHT,109,32,0.2936,1356.6736,102.3766,11.6753,10.5065
ORD,MIA,340,68,0.2,1926.38,149.7048,16.5331,11.7011
ORD,MKE,223,46,0.2063,107.8258,19.452,7.3729,1.2938
ORD,MQT,30,4,0.1333,487.63,46.8462,6.9231,-4.1538
ORD,MSN,206,39,0.1893,175.4181,25.3234,4.2934,-3.6407
ORD,MSP,945,266,0.2815,537.5196,61.4239,7.0309,1.6795
ORD,MSY,147,45,0.3061,1347.0176,106.7941,10.9804,2.1961
ORD,OAK,120,22,0.1833,2953.1389,239.3367,7.8469,5.4796
ORD,OKC,90,20,0.2222,1115.2726,96.9275,6.6714,-3.3188
ORD,OMA,288,54,0.1875,669.4854,61.7222,6.2564,-1.4744
ORD,ONT,49,15,0.3061,2735.878,216.8235,16.4706,3.4118
ORD,ORF,177,29,0.1638,1153.8968,100.0068,8.9392,1.75
ORD,ORH,60,8,0.1333,1324.4868,106.6346,9.4423,-6.8462
ORD,PBI,30,7,0.2333,1841.085,143.4783,2.3043,-0.087
ORD,PDX,258,54,0.2093,2798.6423,226.5441,10.0882,1.152
ORD,PHL,744,187,0.2513,1091.1325,94.0973,4.8618,-0.373
ORD,PHX,446,111,0.2489,2317.4496,188.6787,12.7761,1.9279
ORD,PIA,146,28,0.1918,209.2142,27.4068,4.6356,-4.7966
ORD,PIT,523,122,0.2333,663.0481,60.1621,3.4239,-0.3466
ORD,PSP,30,4,0.1333,2658.6297,212.8077,11.0769,-10.4231
ORD,PVD,227,49,0.2159,1366.3297,108.1356,10.8708,7.3559
ORD,PWM,120,20,0.1667,1448.406,112.6061,7.88,0.3939
ORD,RDU,265,57,0.2151,1041.243,88.4615,9.7837,4.6875
ORD,RIC,193,37,0.1917,1033.1963,89.4615,6.7949,1.9487
ORD,RNO,55,11,0.2,2689.2071,213.9091,15.5455,3.0
ORD,ROC,274,63,0.2299,849.7315,70.8551,9.8389,6.4638
ORD,RST,119,17,0.1429,431.3031,46.3039,10.8039,3.6275
ORD,RSW,30,5,0.1667,1802.4608,137.8333,13.36,8.1667
ORD,SAN,315,72,0.2286,2772.8928,220.3402,13.7037,0.3983
ORD,SAT,180,34,0.1889,1675.3229,141.1986,8.7192,-0.2603
ORD,SEA,399,96,0.2406,2769.6741,228.8878,10.7921,1.5743
ORD,SFO,605,144,0.238,2970.8416,233.9475,14.2603,2.2057
ORD,SJC,285,76,0.2667,2943.4829,235.4641,11.067,3.6555
ORD,SJU,90,14,0.1556,3334.5525,250.08,22.1974,19.6267
ORD,SLC,212,43,0.2028,2010.0657,172.2798,12.6923,2.7976
ORD,SMF,134,38,0.2836,2866.2345,230.6875,5.6562,-2.25
ORD,SNA,285,71,0.2491,2777.7208,221.1776,10.4252,-0.8131
ORD,STL,588,116,0.1973,415.2097,48.2055,5.9153,1.2987
ORD,STT,4,1,0.25,3405.3634,265.0,2.6667,0.0
ORD,SWF,93,17,0.1828,1149.0688,96.9342,9.0263,6.3816
ORD,SYR,176,31,0.1761,976.8694,78.3379,6.6897,1.2207
ORD,TOL,176,41,0.233,344.3988,35.6815,5.7037,-3.5185
ORD,TPA,214,44,0.2056,1628.6521,127.6864,7.5059,0.6331
ORD,TUL,123,32,0.2602,941.4639,84.8352,9.6593,0.8791
ORD,TUS,90,19,0.2111,2312.6216,186.2958,11.4648,-1.7042
ORD,TVC,136,18,0.1324,360.4922,40.3814,9.339,2.9661
ORD,TYS,60,12,0.2,764.4365,66.0638,-0.3333,-3.4681
ORD,XNA,137,21,0.1533,840.0755,77.9914,6.9397,-2.9052
ORF,ATL,250,38,0.152,830.4194,81.2642,2.6085,-6.5425
ORF,BOS,90,14,0.1556,753.1711,70.0395,-1.5526,-13.2763
ORF,BWI,27,0,0.0,255.8851,35.963,0.0,-8.8148
ORF,CLT,172,40,0.2326,466.7086,53.0758,-0.7121,-1.3788
ORF,CVG,43,20,0.4651,780.5299,75.3478,6.4348,-3.1739
ORF,DFW,80,11,0.1375,1952.1294,168.5942,6.5507,2.5072
ORF,DTW,105,15,0.1429,851.3409,90.7191,-0.3556,-5.8202
ORF,EWR,32,9,0.2812,457.0526,55.8261,-2.1304,-7.7391
ORF,IAH,38,11,0.2895,1932.8173,165.8889,2.7407,-4.1852
ORF,JAX,8,0,0.0,873.8716,81.25,0.0,-13.75
ORF,LAS,4,0,0.0,3468.1277,292.0,6.75,-7.0
ORF,LGA,122,34,0.2787,476.3646,60.2727,-1.4659,-11.9091
ORF,MCO,8,0,0.0,1054.1177,97.25,0.0,-18.375
ORF,ORD,166,31,0.1867,1153.8968,110.597,5.8815,-0.1194
ORF,PHL,146,42,0.2877,339.5707,43.0,0.4135,-3.8077
ORF,PIT,85,17,0.2,531.0822,63.25,1.0,-2.3235
ORF,RIC,30,8,0.2667,120.7005,20.1364,2.2727,1.5
ORF,STL,90,9,0.1,1261.7226,119.575,3.284,-2.4625
ORH,JFK,20,18,0.9,241.401,41.0,-9.0,-17.5
ORH,ORD,60,8,0.1333,1324.4868,122.7059,1.3462,-23.3725
OTZ,ANC,18,2,0.1111,883.5277,77.25,12.875,13.875
OTZ,OME,60,5,0.0833,294.5092,33.8,19.5455,16.0727
PBI,ATL,260,32,0.1231,877.0903,79.5,5.3246,-3.4561
PBI,BDL,90,12,0.1333,1823.3822,152.0256,3.5513,-1.5897
PBI,BNA,60,7,0.1167,1219.8797,106.7547,2.5094,0.9245
PBI,BOS,116,39,0.3362,1926.38,157.9079,5.8831,-4.6974
PBI,BWI,83,14,0.1687,1421.0472,123.2174,5.6812,-10.6377
PBI,CLE,21,6,0.2857,1641.5268,139.2,-4.2667,-7.8667
PBI,CLT,120,17,0.1417,949.5106,90.451,-2.233,-6.5294
PBI,CVG,60,8,0.1333,1435.5313,122.7115,9.0577,1.6731
PBI,DCA,48,47,0.9792,1379.2044,121.0,-7.0,0.0
PBI,DFW,120,14,0.1167,1775.102,154.8,3.8962,-0.6857
PBI,DTW,60,9,0.15,1749.3526,149.1765,7.4706,-1.1765
PBI,EWR,171,33,0.193,1647.9642,137.0435,0.6884,-12.087
PBI,IAH,54,10,0.1852,1538.529,141.1591,-1.9318,-0.8864
PBI,ISP,29,3,0.1034,1693.0257,142.8462,0.5769,-9.3077
PBI,LGA,160,46,0.2875,1665.6669,141.5714,2.1667,-10.2411
PBI,MCO,90,10,0.1111,228.5263,29.6125,3.7,-5.525
PBI,ORD,30,7,0.2333,1841.085,155.0435,-0.8261,-5.2609
PBI,PHL,89,14,0.1573,1530.4823,132.24,1.9467,0.84
PBI,PIT,60,9,0.15,1532.0917,131.88,-2.0588,-3.28
PBI,TPA,202,24,0.1188,280.0252,33.4551,1.1067,-7.5449
PDX,ABQ,30,3,0.1,1787.9767,135.6538,0.8889,-28.1923
PDX,ANC,60,8,0.1333,2481.6023,198.0769,-1.3269,-10.3077
PDX,ATL,89,11,0.1236,3495.4865,247.6667,8.6026,6.5897
PDX,BOI,90,11,0.1222,553.613,48.9747,5.5316,-1.3165
PDX,BUR,69,19,0.2754,1314.8308,108.68,5.08,4.14
PDX,CVG,90,11,0.1222,3178.4465,231.5949,2.1392,-8.3038
PDX,DEN,218,63,0.289,1596.4653,122.3896,3.4645,-0.974
PDX,DFW,138,22,0.1594,2600.6934,193.2124,12.9828,12.3451
PDX,DTW,51,13,0.2549,3143.041,229.4595,9.5,5.5135
PDX,EWR,30,5,0.1667,3915.5242,282.28,16.64,13.84
PDX,GEG,116,13,0.1121,449.0059,42.0388,3.7282,0.5728
PDX,IAD,30,3,0.1,3744.9342,269.4074,5.5185,7.8889
PDX,IAH,71,17,0.2394,2937.0455,221.0943,-0.3519,-3.6415
PDX,JFK,30,5,0.1667,3949.3204,291.56,-1.16,2.08
PDX,LAS,163,38,0.2331,1226.3171,106.032,3.432,0.064
PDX,LAX,333,81,0.2432,1342.1896,114.8571,6.3492,-0.4802
PDX,MCI,30,4,0.1333,2383.4325,177.0385,9.4231,-1.2692
PDX,MSP,121,23,0.1901,2294.9188,173.3878,3.8776,1.0816
PDX,OAK,318,47,0.1478,873.8716,82.2841,3.8782,1.6494
PDX,ONT,73,20,0.274,1348.6269,114.7736,4.2642,5.3208
PDX,ORD,269,64,0.2379,2798.6423,203.1268,7.3805,3.2293
PDX,PHX,325,43,0.1323,1623.8241,133.2456,4.1879,-0.5445
PDX,RNO,103,18,0.1748,714.547,62.7529,2.0353,-2.0706
PDX,SAN,114,36,0.3158,1501.5142,124.3421,5.6667,4.6447
PDX,SEA,73,18,0.2466,207.6049,31.9273,8.1273,4.2909
PDX,SFO,396,120,0.303,885.137,85.0327,7.9928,5.5491
PDX,SJC,317,74,0.2334,915.7145,86.1235,3.6708,0.4897
PDX,SLC,205,22,0.1073,1013.8842,84.0765,3.2951,-0.6284
PDX,SMF,150,16,0.1067,770.8739,67.9179,3.6791,0.5
PDX,SNA,78,28,0.359,1382.4231,120.6,5.72,1.18
PDX,STL,68,14,0.2059,2748.7527,209.6111,7.2407,3.963
PHL,ALB,150,30,0.2,341.1801,44.525,4.275,2.675
PHL,ATL,509,111,0.2181,1070.2111,97.8618,4.2739,-3.6709
PHL,AVP,24,7,0.2917,168.9807,24.2941,3.8235,-1.4118
PHL,BDL,171,41,0.2398,315.4306,44.0538,7.2154,7.5769
PHL,BNA,89,13,0.1461,1086.3045,103.0658,5.3553,-1.0
PHL,BOS,628,291,0.4634,450.6152,58.549,3.5134,-1.6766
PHL,BTV,112,25,0.2232,540.7382,59.9885,7.9655,8.9195
PHL,BUF,143,32,0.2238,449.0059,48.6126,5.0541,-0.8468
PHL,BWI,91,14,0.1538,144.8406,23.8831,8.5325,-2.0779
PHL,CLE,130,29,0.2231,584.1904,62.7327,3.3861,-3.505
PHL,CLT,274,43,0.1569,720.9843,70.0261,7.9307,1.887
PHL,CMH,112,27,0.2411,651.7827,65.9882,4.9176,-4.4941
PHL,CVG,96,28,0.2917,815.9354,76.7206,-0.3971,-10.7794
PHL,DCA,93,93,1.0,191.5115,,,
PHL,DEN,192,42,0.2188,2505.7424,209.8378,8.5333,-0.4257
PHL,DFW,331,79,0.2387,2095.3607,173.1406,14.0635,6.0602
PHL,DTW,337,63,0.1869,729.031,76.337,5.0438,-0.3553
PHL,FLL,184,25,0.1359,1596.4653,141.1783,7.6792,2.7898
PHL,GSO,109,23,0.211,587.4091,60.5349,2.0116,-4.3372
PHL,GSP,25,8,0.32,827.2008,79.5882,5.2353,3.3529
PHL,IAD,30,4,0.1333,215.6516,32.5385,-0.1538,-3.4231
PHL,IAH,258,44,0.1705,2130.7662,182.4,4.2477,-2.0667
PHL,IND,164,39,0.2378,944.6826,89.536,2.488,-2.768
PHL,JAX,90,13,0.1444,1194.1303,106.3947,4.4156,-5.2105
PHL,LAS,134,28,0.209,3501.9238,279.2952,14.7642,-6.5143
PHL,LAX,239,47,0.1967,3864.0253,306.2193,10.9115,-1.738
PHL,LGA,30,8,0.2667,154.4966,29.4091,-2.1364,-7.0909
PHL,MCI,82,17,0.2073,1670.4949,144.5077,5.3846,-11.0923
PHL,MCO,257,46,0.179,1385.6417,122.6114,8.8436,4.6872
PHL,MEM,78,15,0.1923,1406.5632,125.2097,-2.1111,-7.9032
PHL,MHT,150,24,0.16,466.7086,57.8175,6.2143,9.746
PHL,MIA,180,29,0.1611,1630.2614,138.56,14.2715,8.7733
PHL,MSP,237,56,0.2363,1577.1532,142.4413,4.3536,-6.648
PHL,MSY,59,12,0.2034,1750.9619,152.6444,8.2979,-2.2667
PHL,MYR,4,1,0.25,761.2178,70.0,-5.3333,-23.0
PHL,ORD,745,206,0.2765,1091.1325,103.0335,5.5417,-1.9219
PHL,ORF,146,37,0.2534,339.5707,38.844,1.1927,-6.4312
PHL,PBI,89,14,0.1573,1530.4823,133.0676,7.12,4.2432
PHL,PHX,150,35,0.2333,3339.3805,270.9204,18.9304,1.823
PHL,PIT,351,70,0.1994,429.6938,45.7224,4.395,1.0178
PHL,PVD,141,35,0.2482,383.0229,48.2358,4.6698,3.9057
PHL,PWM,140,28,0.2,587.4091,58.7589,1.9107,-2.2679
PHL,RDU,269,53,0.197,540.7382,57.0093,4.8935,-5.7778
PHL,RIC,173,56,0.3237,318.6493,41.8718,0.4786,-3.7778
PHL,ROC,146,47,0.3219,413.6004,47.6146,0.5657,-7.1354
PHL,RSW,64,6,0.0938,1596.4653,146.8772,2.8448,-2.3333
PHL,SAN,60,7,0.1167,3812.5265,304.283,9.6981,-4.566
PHL,SEA,92,22,0.2391,3827.0105,310.1304,12.2286,-7.8261
PHL,SFO,205,54,0.2634,4057.1461,322.5839,13.7152,0.349
PHL,SJU,123,14,0.1138,2536.3198,203.578,23.9358,16.5963
PHL,SLC,60,7,0.1167,3099.5888,256.2885,10.4717,-3.0962
PHL,STL,236,32,0.1356,1308.3934,118.1618,8.8922,-0.2059
PHL,STT,30,4,0.1333,2582.9907,208.24,5.4615,-15.04
PHL,SYR,109,44,0.4037,366.9295,42.3692,1.6308,-2.4769
PHL,TPA,202,36,0.1782,1480.5928,131.4909,3.9157,0.7333
PHX,ABQ,538,66,0.1227,527.8635,46.7225,5.2797,-0.7648
PHX,ATL,358,49,0.1369,2554.0226,185.4045,5.521,2.5599
PHX,AUS,248,35,0.1411,1403.3445,110.7653,7.7465,0.0751
PHX,BDL,30,3,0.1,3561.4694,258.1111,13.7407,25.5926
PHX,BHM,30,3,0.1,2341.5897,171.1111,4.3704,-15.0741
PHX,BNA,90,10,0.1111,2330.3243,170.2375,3.6375,-10.5
PHX,BOI,56,6,0.1071,1182.8649,105.38,17.92,17.08
PHX,BOS,70,21,0.3,3701.482,269.4286,7.7143,10.1633
PHX,BUF,30,3,0.1,3077.0581,222.7407,4.0,-12.1481
PHX,BUR,330,47,0.1424,593.8465,65.5336,4.3322,-0.5088
PHX,BWI,224,31,0.1384,3217.0707,236.1865,12.8446,3.6684
PHX,CLE,104,25,0.2404,2795.4236,206.9873,5.4684,3.1899
PHX,CLT,56,9,0.1607,2854.9692,206.1064,-2.3404,-4.2128
PHX,CMH,146,14,0.0959,2689.2071,196.7481,19.1288,14.6031
PHX,COS,86,12,0.1395,886.7463,77.8243,13.2973,12.6757
PHX,CVG,100,20,0.2,2525.0545,184.7125,1.8125,2.0
PHX,DCA,26,26,1.0,3184.8839,,,
PHX,DEN,505,130,0.2574,968.8227,82.1203,8.424,2.9893
PHX,DFW,470,93,0.1979,1396.9071,114.7861,10.374,8.0615
PHX,DTW,207,38,0.1836,2689.2071,203.2024,7.6272,7.7024
PHX,ELP,340,41,0.1206,558.441,50.4013,5.2709,0.5151
PHX,EWR,207,51,0.2464,3432.7222,255.3226,2.609,1.0258
PHX,FLL,30,3,0.1,3173.6185,233.8889,27.8148,25.1852
PHX,GEG,60,6,0.1,1641.5268,138.3519,8.5556,12.7778
PHX,HOU,172,19,0.1105,1641.5268,127.0458,6.2876,-7.0261
PHX,IAD,30,3,0.1,3147.869,229.8519,6.3333,5.6296
PHX,IAH,313,39,0.1246,1623.8241,131.4579,3.8248,-2.6557
PHX,ICT,56,5,0.0893,1400.1258,113.4314,13.5294,13.9804
PHX,IND,90,8,0.0889,2396.3073,177.2195,10.1098,2.6585
PHX,JFK,103,24,0.233,3464.909,261.3038,3.5696,4.519
PHX,LAS,1060,126,0.1189,411.991,43.8648,7.9829,3.4034
PHX,LAX,1090,193,0.1771,595.4558,57.3709,5.9978,-5.0235
PHX,LGB,123,24,0.1951,571.3157,55.9697,5.5354,1.4747
PHX,LIT,30,3,0.1,1828.2102,138.2222,8.4074,-3.0741
PHX,MCI,276,42,0.1522,1680.151,131.2961,7.7179,1.2489
PHX,MCO,90,10,0.1111,2974.0603,217.2875,11.55,-2.2875
PHX,MDW,90,10,0.1111,2323.887,173.6125,7.2625,-2.9625
PHX,MEM,30,3,0.1,2032.5964,152.6296,3.037,-0.8519
PHX,MIA,30,3,0.1,3173.6185,231.7037,4.4074,1.2222
PHX,MKE,60,6,0.1,2349.6364,176.6852,11.6296,14.2963
PHX,MSP,277,40,0.1444,2053.5178,158.7637,6.9662,8.0633
PHX,MSY,90,11,0.1222,2093.7513,156.5949,11.7089,-6.038
PHX,OAK,355,42,0.1183,1039.6336,97.4185,5.623,2.2268
PHX,OKC,94,9,0.0957,1340.5802,103.7176,3.8941,-8.1412
PHX,OMA,163,25,0.1534,1668.8856,131.4348,8.7754,3.7029
PHX,ONT,594,78,0.1313,523.0355,49.6518,5.5,-0.1148
PHX,ORD,443,109,0.246,2317.4496,174.6198,11.9521,8.7725
PHX,PDX,326,42,0.1288,1623.8241,140.6514,9.5775,4.1408
PHX,PHL,152,37,0.2434,3339.3805,249.5565,11.6348,8.7826
PHX,PIT,113,20,0.177,2917.7334,209.7634,1.3441,-2.4516
PHX,PVD,60,7,0.1167,3664.4672,265.283,10.2453,-9.8113
PHX,RDU,4,0,0.0,3043.2619,220.0,0.0,-22.0
PHX,RNO,232,23,0.0991,967.2133,86.8708,8.3971,3.0861
PHX,SAN,666,83,0.1246,489.2394,48.4526,6.4254,0.6667
PHX,SAT,206,21,0.1019,1356.6736,105.7568,5.2216,-3.2
PHX,SDF,30,3,0.1,2423.666,180.8148,5.0,-13.7778
PHX,SEA,391,61,0.156,1781.5394,151.9939,5.4485,0.2141
PHX,SFO,331,67,0.2024,1047.6803,98.2928,8.1932,5.308
PHX,SJC,441,62,0.1406,999.4001,92.8206,5.1873,-1.7256
PHX,SLC,454,64,0.141,815.9354,71.6607,4.259,-1.4344
PHX,SMF,322,37,0.1149,1041.243,95.814,6.4982,1.7404
PHX,SNA,319,44,0.1379,543.9569,53.96,3.9018,-0.0364
PHX,STL,395,54,0.1367,2030.9871,156.1818,6.4076,-0.8182
PHX,TPA,80,11,0.1375,2877.4999,210.8406,8.3623,-2.9275
PHX,TUL,94,11,0.117,1504.7329,116.6265,8.0241,-3.6747
PHX,TUS,385,54,0.1403,177.0274,24.3988,6.6495,3.6918
PIA,ORD,146,29,0.1986,209.2142,28.9231,-0.3419,-3.7265
PIT,ABE,113,24,0.2124,407.163,41.7079,3.3483,1.764
PIT,ALB,120,19,0.1583,590.6278,55.7426,3.0792,0.9208
PIT,ATL,307,39,0.127,846.5128,78.5955,3.9776,-5.0337
PIT,AVP,83,14,0.1687,391.0696,40.0435,3.2464,0.2899
PIT,BDL,148,26,0.1757,653.392,61.0738,3.6557,0.0082
PIT,BNA,116,31,0.2672,743.5151,74.3333,2.0353,1.631
PIT,BOS,236,58,0.2458,798.2326,75.5674,3.3315,-0.618
PIT,BTV,30,5,0.1667,730.6404,62.84,1.2,0.12
PIT,BUF,119,18,0.1513,299.3372,33.7822,2.7525,-1.4851
PIT,BWI,224,46,0.2054,337.9614,42.3371,5.5955,5.3708
PIT,CAK,67,22,0.3284,112.6538,18.8667,2.3111,-2.3556
PIT,CLT,360,90,0.25,589.0184,61.0815,3.2222,1.1148
PIT,CMH,138,32,0.2319,231.745,29.6132,3.4811,-0.6887
PIT,CRW,67,30,0.4478,263.9318,30.1081,-0.4324,-4.0811
PIT,CVG,60,6,0.1,411.991,43.3148,2.0741,-3.5556
PIT,DAY,120,24,0.2,346.0081,38.3542,5.5521,4.3958
PIT,DCA,131,112,0.855,329.9147,37.4737,-2.5263,-5.0
PIT,DEN,112,16,0.1429,2076.0486,172.2708,5.1146,-3.375
PIT,DFW,230,39,0.1696,1718.7751,146.9206,6.1414,0.6138
PIT,DTW,224,63,0.2812,323.4773,41.3727,1.323,-6.0994
PIT,ERI,114,37,0.3246,175.4181,23.2468,0.6234,-4.9221
PIT,EWR,210,59,0.281,513.3795,58.0464,5.6358,-0.3245
PIT,FLL,88,14,0.1591,1599.684,136.5068,4.6622,1.3425
PIT,GRR,46,16,0.3478,513.3795,52.5333,2.2333,-2.2
PIT,GSO,60,8,0.1333,489.2394,47.9615,1.4615,-0.4808
PIT,HPN,51,23,0.451,555.2223,66.3214,1.8571,4.1786
PIT,IAD,30,5,0.1667,294.5092,36.76,0.08,-0.76
PIT,IAH,186,40,0.2151,1797.6328,157.8611,1.911,-1.0347
PIT,IND,136,33,0.2426,523.0355,54.098,4.8932,2.5588
PIT,JFK,80,30,0.375,547.1756,81.1,7.62,-2.22
PIT,LAS,82,14,0.1707,3073.8394,246.0294,6.6618,-2.5882
PIT,LAX,124,33,0.2661,3437.5502,271.978,14.6484,2.0769
PIT,LEX,7,7,1.0,465.0993,,,
PIT,LGA,318,85,0.2673,539.1289,58.1416,1.0558,-6.0043
PIT,MCI,120,20,0.1667,1244.0198,108.81,1.66,-8.07
PIT,MCO,208,43,0.2067,1342.1896,112.5427,8.1879,5.4512
PIT,MDT,113,29,0.2566,297.7279,34.4643,3.0833,-0.8929
PIT,MHT,90,10,0.1111,780.5299,66.5,3.175,-1.7125
PIT,MIA,82,18,0.2195,1630.2614,138.7344,3.9375,4.5
PIT,MKE,113,27,0.2389,693.6255,69.3605,2.3023,-1.3837
PIT,MSP,185,29,0.1568,1168.3808,107.7597,4.7244,-2.2987
PIT,MSY,64,11,0.1719,1477.3741,129.4717,1.7925,-4.1887
PIT,MYR,4,1,0.25,766.0458,70.3333,9.0,10.6667
PIT,ORD,533,117,0.2195,663.0481,66.9784,3.726,-3.4832
PIT,ORF,86,13,0.1512,531.0822,58.8493,1.2466,0.2877
PIT,PBI,60,9,0.15,1532.0917,127.98,3.2353,0.18
PIT,PHL,324,66,0.2037,429.6938,48.3837,6.2209,3.7403
PIT,PHX,113,19,0.1681,2917.7334,235.5319,6.8298,-2.8617
PIT,PVD,109,30,0.2752,751.5618,70.7975,0.4051,0.0127
PIT,PWM,54,15,0.2778,893.1837,74.7692,6.7179,5.4872
PIT,RDU,115,20,0.1739,527.8635,54.3158,3.4737,1.3895
PIT,RIC,78,22,0.2821,416.8191,48.4643,0.6071,-2.7321
PIT,ROA,43,15,0.3488,352.4455,39.5,9.2857,6.8929
PIT,ROC,119,30,0.2521,360.4922,38.4318,6.4494,3.3068
PIT,RSW,60,8,0.1333,1554.6224,130.8077,9.5577,4.5385
PIT,SAN,84,15,0.1786,3389.27,271.1029,5.2899,-3.1029
PIT,SBN,45,20,0.4444,527.8635,53.2,3.0,-0.48
PIT,SDF,113,26,0.2301,539.1289,58.6092,0.5172,-2.2184
PIT,SEA,117,19,0.1624,3419.8475,278.3265,11.7755,-0.1939
PIT,SFO,138,24,0.1739,3627.4524,286.885,10.5614,-5.3805
PIT,SJU,5,3,0.6,2798.6423,225.5,-5.0,-5.5
PIT,SNA,60,10,0.1667,3403.7541,271.7551,7.06,-3.0816
PIT,STL,254,50,0.1969,889.965,83.3251,2.0294,-3.8768
PIT,SYR,114,26,0.2281,449.0059,44.7955,3.375,-0.2841
PIT,TPA,150,20,0.1333,1404.9538,120.7519,6.4769,8.6899
PNS,ATL,200,34,0.17,437.7405,44.0301,-0.4217,-7.0783
PNS,CLT,116,28,0.2414,785.3579,70.7159,-4.1136,-6.0114
PNS,IAH,55,8,0.1455,786.9673,74.1489,-4.0851,-5.5957
PNS,JAN,30,6,0.2,341.1801,35.4583,-6.125,-7.3333
PNS,MSY,30,6,0.2,299.3372,33.875,-2.0833,-6.125
PSC,GEG,20,4,0.2,193.1208,23.5,-14.125,-15.125
PSC,SLC,60,6,0.1,838.4661,70.6667,-2.0741,-4.8704
PSG,JNU,30,5,0.1667,197.9488,28.04,8.52,8.6
PSG,WRG,30,6,0.2,49.8895,13.9583,28.1667,31.1667
PSP,DFW,60,7,0.1167,1812.1168,140.9811,1.6415,-1.8491
PSP,LAX,303,73,0.2409,177.0274,30.0739,-0.4565,-5.7043
PSP,ORD,30,4,0.1333,2658.6297,198.8462,2.5769,-7.0
PSP,SEA,41,4,0.0976,1588.4186,142.2162,-1.1622,0.8108
PSP,SFO,60,8,0.1333,677.5321,65.7451,-0.7308,1.5882
PVD,ATL,120,12,0.1,1453.234,130.7222,3.4167,-7.5093
PVD,BNA,60,6,0.1,1459.6714,131.5926,4.8148,-6.5
PVD,BWI,458,75,0.1638,527.8635,60.8272,4.107,-0.9634
PVD,CLT,113,20,0.177,1099.1792,103.2903,-1.8925,-7.6774
PVD,CVG,60,4,0.0667,1161.9435,107.6786,1.9821,-7.5714
PVD,DCA,64,63,0.9844,574.5344,63.0,-7.0,-5.0
PVD,DTW,132,27,0.2045,988.1348,91.7524,1.6476,-9.3048
PVD,EWR,92,24,0.2609,257.4944,43.5882,-2.6912,-8.8088
PVD,FLL,30,4,0.1333,1911.8959,172.28,13.5769,12.04
PVD,ISP,108,13,0.1204,173.8087,24.1895,1.7789,-3.0632
PVD,JFK,150,39,0.26,231.745,37.1261,4.2703,-3.4324
PVD,LGA,175,71,0.4057,230.1356,37.0385,2.9808,-14.9038
PVD,MCI,30,3,0.1,1985.9256,173.4231,1.2593,-14.3077
PVD,MCO,154,19,0.1234,1726.8218,154.0896,5.2444,-2.9328
PVD,MDW,90,12,0.1333,1355.0643,124.1026,5.359,-7.1026
PVD,ORD,228,49,0.2149,1366.3297,122.8258,7.5866,-1.5169
PVD,PHL,141,37,0.2624,383.0229,56.1923,2.1731,1.0962
PVD,PHX,60,6,0.1,3664.4672,307.434,4.3704,-13.1509
PVD,PIT,112,31,0.2768,751.5618,74.2593,2.0494,0.0741
PVD,TPA,60,7,0.1167,1829.8196,165.6038,2.3396,-4.5283
PWM,ATL,60,7,0.1167,1652.7922,140.4717,7.7736,-4.6792
PWM,BOS,218,68,0.3119,152.8873,29.1333,1.4,-4.1867
PWM,CVG,90,11,0.1222,1303.5654,116.8462,2.3165,-5.359
PWM,DTW,60,7,0.1167,1075.0391,100.0189,0.6981,-8.283
PWM,LGA,156,59,0.3782,434.5218,53.6392,1.5361,-13.9897
PWM,ORD,120,21,0.175,1448.406,131.7778,5.4343,-1.1515
PWM,PHL,120,22,0.1833,587.4091,72.7449,-0.6327,-4.8265
PWM,PIT,73,21,0.2877,893.1837,86.3462,1.8654,4.3654
RAP,MSP,101,23,0.2277,788.5766,71.4359,3.4615,0.4231
RDU,ATL,290,38,0.131,572.925,56.6706,3.381,-5.4048
RDU,AUS,60,7,0.1167,1870.0531,160.0192,4.9057,-2.9231
RDU,BNA,146,18,0.1233,712.9376,69.3125,4.7188,0.0078
RDU,BOS,150,25,0.1667,984.9161,87.688,1.16,-20.048
RDU,BWI,150,19,0.1267,410.3817,42.9466,3.145,-0.1908
RDU,CLT,244,49,0.2008,209.2142,30.7846,-0.5333,-4.9077
RDU,CVG,73,16,0.2192,627.6426,63.4211,9.0175,-0.8947
RDU,DCA,99,99,1.0,365.3202,,,
RDU,DFW,224,56,0.25,1709.1191,148.2679,9.1964,2.2143
RDU,DTW,134,21,0.1567,806.2793,84.8393,-2.354,-10.1607
RDU,EWR,283,65,0.2297,669.4854,66.1239,0.0092,-9.9495
RDU,IAD,12,2,0.1667,360.4922,40.9,-4.0,-13.0
RDU,IAH,95,22,0.2316,1678.5416,147.2329,1.3699,-8.6986
RDU,JFK,150,28,0.1867,685.5788,87.1393,6.7049,-5.6148
RDU,LAS,4,0,0.0,3262.1322,266.75,0.0,-16.75
RDU,LGA,223,75,0.3363,693.6255,66.4257,1.0878,-10.8581
RDU,MCI,30,3,0.1,1454.8434,133.4074,0.0,-9.963
RDU,MCO,30,3,0.1,859.3876,80.8889,2.1111,-3.3704
RDU,MDW,90,10,0.1111,1017.1029,98.0127,3.9375,-5.0253
RDU,MEM,79,12,0.1519,1020.3216,93.5303,2.5672,-4.0303
RDU,MIA,60,16,0.2667,1126.538,99.0227,20.7955,17.3636
RDU,MSP,90,11,0.1222,1578.7625,142.6494,-2.9747,-8.9351
RDU,ORD,265,58,0.2189,1041.243,101.4686,8.0531,3.4348
RDU,PHL,270,54,0.2,540.7382,59.6389,3.625,-4.4954
RDU,PHX,4,0,0.0,3043.2619,267.75,0.0,-3.0
RDU,PIT,109,21,0.1927,527.8635,59.3636,0.5,-1.75
RDU,STL,116,10,0.0862,1073.4298,104.434,4.717,-0.7264
RDU,TPA,60,6,0.1,944.6826,88.2778,11.7222,4.0
RIC,ATL,230,73,0.3174,774.0925,74.3567,2.3376,-5.3439
RIC,BOS,106,25,0.2358,762.8272,70.7284,2.2222,-7.4938
RIC,CLT,191,72,0.377,411.991,47.0756,-1.1261,-3.042
RIC,CVG,60,8,0.1333,664.6574,67.75,-2.3654,-11.9808
RIC,DFW,72,19,0.2639,1863.6157,157.8269,14.8679,7.3269
RIC,DTW,101,18,0.1782,733.859,78.1325,1.0361,-6.4096
RIC,EWR,31,13,0.4194,447.3965,53.9444,-5.0556,-5.7778
RIC,IAH,11,9,0.8182,1862.0064,152.0,29.5,14.5
RIC,LGA,100,17,0.17,469.9273,52.2289,-2.7349,-17.5301
RIC,ORD,206,41,0.199,1033.1963,101.4939,0.4788,-7.0976
RIC,ORF,34,21,0.6176,120.7005,19.6154,3.0769,5.8462
RIC,PHL,173,50,0.289,318.6493,42.1707,0.0407,1.0
RIC,PIT,78,23,0.2949,416.8191,51.8,-4.6545,-8.1636
RIC,STL,59,7,0.1186,1150.6781,108.7692,6.1923,-1.2115
RNO,BOI,86,11,0.1279,539.1289,49.24,5.6667,-0.5467
RNO,DEN,63,14,0.2222,1293.9094,103.1633,-0.0816,-1.9388
RNO,DFW,120,19,0.1583,2164.5623,165.39,5.9505,7.17
RNO,IAH,30,3,0.1,2462.2902,189.2963,-2.6667,-9.1111
RNO,LAS,318,38,0.1195,555.2223,52.7,1.8643,-2.2286
RNO,LAX,247,59,0.2389,627.6426,61.4362,7.9096,-4.6809
RNO,MSP,60,8,0.1333,2262.732,172.1154,-1.3269,-2.6923
RNO,OAK,206,28,0.1359,289.6812,36.4944,2.6292,-0.2416
RNO,ORD,55,11,0.2,2689.2071,197.5682,15.8864,9.9545
RNO,PDX,103,16,0.1553,714.547,66.3908,4.5287,-1.4828
RNO,PHX,232,23,0.0991,967.2133,82.555,0.4976,-3.445
RNO,SEA,162,30,0.1852,907.6678,85.6742,1.053,-6.1288
RNO,SFO,120,28,0.2333,308.9933,45.1099,14.413,10.2967
RNO,SJC,176,18,0.1023,302.5559,42.0949,2.0823,-1.3418
RNO,SLC,60,7,0.1167,679.1415,60.6792,4.3019,-1.717
ROA,CLT,70,29,0.4143,249.4477,31.9756,4.7317,-0.3902
ROA,PIT,68,21,0.3088,352.4455,43.0213,-0.1915,-0.0213
ROC,ATL,70,14,0.2,1205.3957,102.6545,-1.4821,-15.9818
ROC,BOS,99,30,0.303,552.0036,76.4203,0.2029,-6.4638
ROC,CLT,60,11,0.1833,922.1518,88.8163,-2.7143,-8.6327
ROC,DCA,48,47,0.9792,476.3646,54.0,-2.0,-4.0
ROC,DTW,105,15,0.1429,476.3646,51.809,-1.1556,-4.8764
ROC,IAD,30,7,0.2333,465.0993,60.7391,5.6957,13.7391
ROC,JFK,90,24,0.2667,424.8658,74.0455,0.303,-6.6515
ROC,LGA,79,47,0.5949,408.7724,48.0625,-4.5312,-11.0625
ROC,MCO,4,0,0.0,1662.4482,141.75,-5.25,-10.75
ROC,ORD,273,66,0.2418,849.7315,80.5894,9.4589,2.715
ROC,PHL,146,48,0.3288,413.6004,57.1959,0.4898,-1.3505
ROC,PIT,119,33,0.2773,360.4922,40.8721,1.6977,-2.0465
ROC,SYR,28,8,0.2857,127.1379,22.1,-0.75,-2.05
RST,MSP,50,8,0.16,122.3098,24.6429,0.6667,-1.3095
RST,ORD,120,17,0.1417,431.3031,47.0971,7.7087,2.4175
RSW,ATL,230,37,0.1609,828.8101,78.4974,2.5699,-5.2798
RSW,BOS,80,20,0.25,2010.0657,159.8136,7.15,-6.4068
RSW,BWI,30,5,0.1667,1478.9835,122.8,4.48,-1.92
RSW,CLE,30,4,0.1333,1649.5735,135.6923,-7.4615,-8.4231
RSW,CLT,120,13,0.1083,965.604,87.7075,-2.1682,-5.1509
RSW,CMH,20,5,0.25,1496.6862,124.9333,-7.6667,-12.8
RSW,CVG,60,8,0.1333,1414.6099,118.0385,0.5577,-5.9038
RSW,DTW,61,11,0.1803,1746.1339,140.66,9.84,4.8
RSW,EWR,84,42,0.5,1718.7751,144.2143,2.9286,-4.3095
RSW,IAH,30,2,0.0667,1385.6417,134.0,-3.3571,0.8214
RSW,IND,9,9,1.0,1522.4356,,,
RSW,LGA,42,25,0.5952,1738.0872,148.6471,-2.2353,-17.2941
RSW,MIA,170,33,0.1941,168.9807,30.0949,-1.8102,-6.8905
RSW,MSP,10,0,0.0,2278.8254,208.2,-4.5,-0.1
RSW,ORD,30,6,0.2,1802.4608,150.625,3.0,-2.0833
RSW,PHL,64,9,0.1406,1596.4653,130.9091,-5.5273,-16.9455
RSW,PIT,60,9,0.15,1554.6224,126.098,-3.0196,-3.8824
RSW,STL,60,5,0.0833,1575.5439,136.463,2.1636,1.2407
SAN,ABQ,116,16,0.1379,1010.6655,81.63,9.3,3.25
SAN,ATL,150,18,0.12,3043.2619,216.5606,2.5379,-3.5
SAN,AUS,60,8,0.1333,1873.2718,140.5686,11.0769,-5.9804
SAN,BNA,60,7,0.1167,2817.9543,207.9808,24.6981,12.7308
SAN,BOS,33,7,0.2121,4164.9719,301.6538,21.5385,22.8077
SAN,CLT,60,9,0.15,3342.5992,242.6667,3.451,2.5098
SAN,CVG,90,9,0.1,3001.4191,216.6543,2.1481,-1.6667
SAN,DEN,193,52,0.2694,1372.767,111.5177,11.2624,11.5887
SAN,DFW,289,69,0.2388,1884.5371,148.8227,16.4318,14.0
SAN,DTW,60,7,0.1167,3149.4784,240.6981,5.4528,9.3208
SAN,ELP,31,4,0.129,1023.5402,82.7407,15.6296,11.3333
SAN,EWR,79,23,0.2911,3902.6495,284.9286,-0.6071,-2.6786
SAN,IAD,70,20,0.2857,3625.843,260.78,3.86,6.9
SAN,IAH,147,24,0.1633,2096.97,164.4098,0.2439,-1.8115
SAN,JFK,72,24,0.3333,3936.4456,296.5,12.75,20.0833
SAN,LAS,468,56,0.1197,415.2097,48.5413,5.6699,2.4029
SAN,LAX,1003,349,0.348,175.4181,28.9052,4.4572,-0.2982
SAN,MCI,30,3,0.1,2145.2502,162.2222,4.2593,-6.037
SAN,MEM,13,12,0.9231,2521.8358,181.0,277.0,271.0
SAN,MSP,110,16,0.1455,2465.5089,191.5161,2.7447,3.0538
SAN,MSY,30,4,0.1333,2573.3347,184.3846,2.2692,-8.5
SAN,OAK,430,54,0.1256,717.7656,67.0987,5.5532,5.2853
SAN,ORD,303,71,0.2343,2772.8928,209.2931,11.5388,8.4698
SAN,PDX,113,35,0.3097,1501.5142,125.4359,15.7436,21.0128
SAN,PHL,55,9,0.1636,3812.5265,282.4,8.7391,11.9778
SAN,PHX,673,92,0.1367,489.2394,50.7986,4.8503,3.0947
SAN,PIT,90,14,0.1556,3389.27,242.8026,9.3026,13.0526
SAN,SEA,194,55,0.2835,1689.807,144.7174,15.1799,12.471
SAN,SFO,367,107,0.2916,719.375,65.8263,12.35,9.112
SAN,SJC,438,56,0.1279,671.0948,60.5681,7.2775,4.2356
SAN,SLC,140,14,0.1,1007.4468,87.0556,6.3492,0.254
SAN,SMF,352,53,0.1506,772.4832,69.9666,4.5953,0.1371
SAN,STL,120,12,0.1,2507.3517,193.2037,3.4074,4.4074
SAN,TUS,90,15,0.1667,590.6278,54.2667,8.3067,1.3067
SAT,ATL,150,32,0.2133,1406.5632,112.9322,5.9407,1.9492
SAT,AUS,30,3,0.1,106.2164,19.5556,1.8148,4.0741
SAT,BNA,30,3,0.1,1322.8775,107.7308,0.0,-1.9231
SAT,BWI,30,3,0.1,2264.3414,174.1111,6.1111,0.2593
SAT,CVG,46,15,0.3261,1647.9642,130.5484,5.6774,0.6774
SAT,DAL,414,57,0.1377,399.1163,42.5421,3.9384,0.4101
SAT,DEN,74,29,0.3919,1277.816,107.7778,1.0222,-3.3111
SAT,DFW,423,84,0.1986,397.507,43.8112,10.1888,7.1327
SAT,ELP,108,12,0.1111,798.2326,70.4792,5.1146,-0.0625
SAT,EWR,26,3,0.1154,2525.0545,205.6522,1.2609,-5.6522
SAT,HOU,362,48,0.1326,308.9933,34.9105,4.1879,2.7125
SAT,HRL,60,7,0.1167,374.9762,37.0566,4.3585,-0.0755
SAT,IAH,292,61,0.2089,307.3839,38.5022,0.5887,-1.632
SAT,LAS,116,14,0.1207,1720.3845,146.3333,3.2451,-5.1765
SAT,LAX,56,8,0.1429,1947.3014,161.625,1.2708,-14.8333
SAT,MCO,30,4,0.1333,1673.7136,135.9231,0.0769,-8.1923
SAT,MEM,82,11,0.1341,1005.8375,85.5211,-3.507,-8.3662
SAT,MSP,60,6,0.1,1765.446,142.8302,-2.7593,-3.7736
SAT,ORD,170,32,0.1882,1675.3229,140.0292,4.6449,3.2774
SAT,PHX,180,17,0.0944,1356.6736,119.6135,4.0184,1.0982
SAT,SLC,30,4,0.1333,1747.7432,146.8077,5.0,-0.7692
SAT,STL,146,16,0.1096,1264.9412,111.2385,-1.4077,-1.7923
SAT,TPA,34,3,0.0882,1564.2785,124.3548,0.1613,-6.0645
SAV,ATL,281,60,0.2135,346.0081,37.9367,4.991,-2.5882
SAV,CLT,160,51,0.3188,342.7894,42.4587,-2.2294,-2.6055
SAV,DFW,62,6,0.0968,1488.6395,135.9815,6.25,3.3519
SAV,MIA,41,36,0.878,708.1096,107.75,-2.8,-7.75
SBA,LAX,360,95,0.2639,143.2313,30.5509,5.3245,2.2264
SBA,SFO,150,36,0.24,421.6471,45.1681,4.886,2.1858
SBN,DTW,62,8,0.129,252.6664,36.6111,-3.7593,-6.963
SBN,PIT,45,19,0.4222,527.8635,52.6538,3.8077,5.4615
SBP,LAX,206,39,0.1893,249.4477,45.0419,6.4671,3.1377
SCC,ANC,30,2,0.0667,1007.4468,94.5,22.3214,24.8571
SCC,FAI,12,2,0.1667,600.2838,56.7,-8.4,-13.3
SDF,ATL,206,32,0.1553,516.5981,55.1207,0.7931,-6.0747
SDF,BHM,60,7,0.1167,519.8168,49.8679,1.3208,-3.3396
SDF,BWI,146,18,0.1233,796.6233,76.8359,0.5078,-0.1562
SDF,CLT,90,18,0.2,540.7382,56.5139,-0.9861,-2.5694
SDF,CVG,66,20,0.303,133.5752,23.8913,9.3478,4.1087
SDF,DFW,106,32,0.3019,1179.6462,105.3919,2.9865,-2.1622
SDF,DTW,103,26,0.2524,492.458,57.8182,0.987,-1.1948
SDF,IAH,34,4,0.1176,1268.1599,111.8667,2.4,-6.2667
SDF,LAS,30,3,0.1,2613.5682,215.2593,1.3333,3.5185
SDF,LEX,30,4,0.1333,101.3884,17.4231,4.1154,3.9231
SDF,MCO,30,3,0.1,1155.5061,100.1852,7.7037,2.5556
SDF,MDW,194,25,0.1289,436.1311,46.1598,3.6272,1.2544
SDF,MEM,21,4,0.1905,514.9888,54.4118,-3.4118,-10.2941
SDF,MSP,60,6,0.1,970.432,97.9434,0.0926,-5.8302
SDF,PHX,30,3,0.1,2423.666,205.1154,0.5926,-22.7692
SDF,PIT,114,30,0.2632,539.1289,54.6429,-1.8214,-3.0714
SDF,STL,258,28,0.1085,408.7724,49.443,3.0739,-0.443
SDF,TPA,30,4,0.1333,1169.9902,102.6538,0.2692,-6.8462
SEA,ABQ,30,3,0.1,1899.0212,146.963,7.1111,-2.2593
SEA,ANC,523,71,0.1358,2331.9337,189.1261,4.0044,-8.4181
SEA,ATL,126,13,0.1032,3511.5799,248.8407,14.0619,8.9115
SEA,BNA,30,3,0.1,3181.6652,232.0,3.963,-7.5926
SEA,BOI,90,11,0.1222,642.1267,56.3418,3.5443,-1.7342
SEA,BOS,30,5,0.1667,4016.9126,285.2,10.84,0.28
SEA,BUR,90,19,0.2111,1507.9516,122.6901,2.831,-0.3099
SEA,BWI,19,3,0.1579,3757.8089,274.4375,2.6875,5.375
SEA,CLT,77,15,0.1948,3667.6859,260.8065,11.2903,9.0806
SEA,CVG,60,6,0.1,3160.7438,228.6111,6.3889,0.4815
SEA,DEN,272,79,0.2904,1647.9642,125.9479,3.7668,-0.8333
SEA,DFW,285,43,0.1509,2671.5044,199.3734,11.9793,8.3693
SEA,DTW,127,23,0.1811,3101.1982,223.125,9.5385,4.4712
SEA,EWR,107,32,0.2991,3864.0253,276.8,0.48,-6.1067
SEA,FAI,48,9,0.1875,2467.1182,196.6923,3.9744,-4.9487
SEA,GEG,372,80,0.2151,360.4922,35.976,4.5753,1.7911
SEA,HNL,30,3,0.1,4308.2032,317.963,10.037,10.7407
SEA,IAD,102,31,0.3039,3711.138,260.8571,8.0,6.3714
SEA,IAH,149,23,0.1544,3015.9032,224.5714,0.5476,-3.9921
SEA,JFK,76,23,0.3026,3896.2121,287.7115,7.9245,6.3462
SEA,JNU,90,10,0.1111,1462.8901,127.6538,6.325,3.0641
SEA,KTN,109,14,0.1284,1094.3512,101.266,3.8421,0.383
SEA,LAS,279,71,0.2545,1393.6884,118.9034,3.9327,0.7633
SEA,LAX,596,157,0.2634,1535.3104,129.5,5.7472,-0.3858
SEA,MCI,30,3,0.1,2396.3073,181.5556,3.5926,-3.1111
SEA,MEM,50,9,0.18,3009.4658,220.1707,10.8537,5.5366
SEA,MIA,30,3,0.1,4383.8422,306.1111,19.8889,13.9259
SEA,MSP,190,27,0.1421,2251.4667,165.463,16.6258,14.0926
SEA,OAK,387,80,0.2067,1079.8671,99.8502,3.3876,-1.5537
SEA,ONT,127,29,0.2283,1538.529,126.5102,0.6531,-2.8265
SEA,ORD,400,96,0.24,2769.6741,201.2072,7.4178,1.9013
SEA,PDX,41,27,0.6585,207.6049,27.7143,7.6429,5.4286
SEA,PHL,104,23,0.2212,3827.0105,278.1975,15.9136,13.2716
SEA,PHX,361,61,0.169,1781.5394,142.4181,7.3067,4.3645
SEA,PIT,106,23,0.217,3419.8475,242.5542,18.0964,15.4578
SEA,PSP,41,4,0.0976,1588.4186,132.5405,3.3243,2.1622
SEA,RNO,163,30,0.184,907.6678,75.8797,0.7143,-3.7895
SEA,SAN,192,54,0.2812,1689.807,139.2985,6.6159,6.4328
SEA,SFO,570,167,0.293,1092.7419,102.213,10.8809,6.3183
SEA,SIT,12,4,0.3333,1387.2511,122.0,7.375,4.875
SEA,SJC,400,83,0.2075,1121.71,102.6709,5.5899,1.443
SEA,SLC,251,33,0.1315,1108.8353,90.3394,7.3486,2.367
SEA,SMF,257,52,0.2023,973.6507,82.3922,3.0293,-2.6618
SEA,SNA,215,56,0.2605,1573.9345,134.478,2.5472,-0.6981
SEA,STL,180,18,0.1,2751.9714,204.0745,9.2901,7.0186
SEA,TUS,60,8,0.1333,1956.9574,152.6154,4.0577,-2.5577
SFO,ABQ,2,2,1.0,1441.9686,,,
SFO,ATL,254,48,0.189,3442.3783,242.8301,5.5485,-0.8883
SFO,AUS,13,12,0.9231,2420.4474,185.0,7.0,-5.0
SFO,BOI,104,32,0.3077,840.0755,68.9306,4.8472,-3.75
SFO,BOS,241,62,0.2573,4351.6554,306.5419,9.1229,5.6648
SFO,BUR,280,106,0.3786,524.6448,49.2931,6.1782,-0.1552
SFO,BWI,70,16,0.2286,3954.1484,280.3889,10.2222,9.9074
SFO,CLE,60,9,0.15,3477.7837,249.1961,-1.5686,-4.1961
SFO,CLT,145,28,0.1931,3695.0446,264.5726,7.7094,9.6923
SFO,CVG,120,17,0.1417,3276.6162,237.0388,0.6602,-1.4951
SFO,DEN,405,135,0.3333,1556.2318,118.5187,6.4185,0.6978
SFO,DFW,402,91,0.2264,2356.0738,173.6334,11.7942,5.283
SFO,DTW,90,9,0.1,3345.8179,244.6173,-0.8519,-3.9506
SFO,EUG,133,42,0.3158,725.8123,63.1099,9.0659,0.0
SFO,EWR,285,72,0.2526,4127.9571,293.5352,9.338,7.4507
SFO,HNL,166,26,0.1566,3859.1973,287.8071,16.3929,9.5
SFO,IAD,249,60,0.241,3892.9935,273.7394,8.9947,8.617
SFO,IAH,215,39,0.1814,2631.2709,198.7386,3.0852,-1.9375
SFO,JFK,421,132,0.3135,4161.7532,298.2976,14.2422,16.0969
SFO,KOA,30,3,0.1,3809.3078,282.7778,9.5185,2.8519
SFO,LAS,414,97,0.2343,666.2668,64.2492,9.6309,5.0852
SFO,LAX,1039,298,0.2868,542.3476,55.1527,6.2362,-3.3473
SFO,LIH,31,3,0.0968,3938.055,295.25,14.75,-15.9286
SFO,MCO,30,8,0.2667,3934.8363,277.1818,5.1818,6.0909
SFO,MEM,50,7,0.14,2908.0774,211.2558,0.3953,-4.3488
SFO,MFR,90,22,0.2444,529.4729,48.5588,11.2794,1.3676
SFO,MIA,120,15,0.125,4160.1439,288.1827,14.019,4.0962
SFO,MSP,187,21,0.1123,2557.2413,188.0667,0.506,-2.9697
SFO,MSY,31,7,0.2258,3075.4487,221.5833,6.75,1.375
SFO,OGG,90,12,0.1333,3762.6369,285.6282,20.0897,13.9359
SFO,ONT,150,36,0.24,584.1904,56.886,7.2368,1.3246
SFO,ORD,543,118,0.2173,2970.8416,214.1741,12.6988,6.9341
SFO,PDX,398,123,0.309,885.137,76.1832,6.0618,0.6154
SFO,PHL,193,49,0.2539,4057.1461,292.1667,11.1528,8.9653
SFO,PHX,343,68,0.1983,1047.6803,92.0292,5.6764,-0.3102
SFO,PIT,124,26,0.2097,3627.4524,258.4082,9.1735,6.4694
SFO,PSP,60,8,0.1333,677.5321,63.5385,7.1731,7.9808
SFO,RNO,120,28,0.2333,308.9933,32.3478,9.4457,-0.5217
SFO,SAN,368,105,0.2853,719.375,69.5517,6.27,1.4904
SFO,SBA,150,36,0.24,421.6471,44.8421,6.6579,0.2105
SFO,SEA,570,169,0.2965,1092.7419,94.7694,10.5362,5.3383
SFO,SLC,230,30,0.1304,963.9947,78.105,3.92,-3.155
SFO,SNA,332,82,0.247,598.6745,64.132,7.18,2.512
SFO,STL,154,17,0.1104,2793.8142,207.4088,4.6204,0.7445
SGF,DFW,252,43,0.1706,585.7998,78.9569,4.2153,-0.5215
SGF,STL,172,23,0.1337,313.8213,38.6107,1.7383,-0.6846
SHV,ATL,60,8,0.1333,888.3557,77.4808,0.8654,-4.1346
SHV,DFW,409,85,0.2078,305.7746,46.6594,-0.7407,-6.4303
SIT,JNU,72,9,0.125,152.8873,23.3651,4.9365,6.254
SIT,KTN,30,2,0.0667,294.5092,33.5357,20.5714,21.6429
SJC,ATL,60,6,0.1,3405.3634,245.6852,4.5926,1.3519
SJC,AUS,77,18,0.2338,2375.3858,177.5085,26.1525,18.4407
SJC,BOS,63,12,0.1905,4327.5153,315.098,11.549,9.4706
SJC,BUR,236,27,0.1144,476.3646,45.3062,2.7656,-3.0048
SJC,CVG,20,4,0.2,3246.0388,242.75,-0.1875,1.375
SJC,DEN,268,82,0.306,1525.6543,125.0919,12.2151,9.4541
SJC,DFW,233,65,0.279,2314.2309,179.5988,21.4821,15.3892
SJC,DTW,51,16,0.3137,3320.0684,247.3143,2.9714,0.8857
SJC,EWR,30,3,0.1,4100.5983,302.4074,27.8519,26.963
SJC,HNL,30,3,0.1,3888.1654,298.1111,14.3704,11.1111
SJC,IAD,43,20,0.4651,3862.416,284.8696,26.8696,34.3043
SJC,IAH,103,17,0.165,2587.8187,203.6588,-0.2093,-7.1882
SJC,JFK,63,12,0.1905,4134.3945,309.0196,22.8627,29.7255
SJC,LAS,378,58,0.1534,621.2052,59.9375,9.125,3.7062
SJC,LAX,873,172,0.197,495.6767,51.4014,7.6405,-1.4229
SJC,MCI,30,3,0.1,2380.2139,183.4815,0.6296,-11.037
SJC,MIA,3,3,1.0,4118.3011,,,
SJC,MSP,77,10,0.1299,2536.3198,196.597,9.1045,10.0149
SJC,OGG,30,3,0.1,3791.605,292.2308,16.963,15.3846
SJC,ONT,276,34,0.1232,535.9102,52.3595,2.0868,-2.6074
SJC,ORD,307,86,0.2801,2943.4829,222.0814,13.8371,8.8688
SJC,PDX,317,75,0.2366,915.7145,82.9876,3.1074,-3.3099
SJC,PHX,412,58,0.1408,999.4001,87.9294,6.0198,0.6186
SJC,RNO,176,20,0.1136,302.5559,36.8077,1.359,-4.9038
SJC,SAN,438,62,0.1416,671.0948,62.0296,8.7606,4.4933
SJC,SEA,417,75,0.1799,1121.71,102.8915,8.2836,2.3138
SJC,SLC,86,20,0.2326,941.4639,82.1667,6.0152,-1.3939
SJC,SNA,422,77,0.1825,550.3943,58.4348,10.8493,6.0609
SJC,STL,64,11,0.1719,2761.6274,217.8113,4.7358,9.0189
SJC,TUS,43,16,0.3721,1160.3341,91.3704,-1.5185,-6.5556
SJT,DFW,176,35,0.1989,366.9295,55.45,-3.2766,-6.0714
SJU,ATL,106,18,0.1698,2489.649,195.1744,3.4659,-16.5581
SJU,BDL,29,3,0.1034,2681.1604,204.2308,22.1923,6.0769
SJU,BOS,89,13,0.1461,2694.0352,209.3684,19.3816,-0.3158
SJU,BWI,30,3,0.1,2518.6171,199.5926,48.2963,38.2222
SJU,CLE,3,1,0.3333,2959.5763,237.5,-0.5,-9.5
SJU,CLT,43,7,0.1628,2372.1672,192.3333,5.8333,4.2778
SJU,CVG,6,6,1.0,2909.6867,,,
SJU,DFW,93,11,0.1183,3484.2211,272.939,24.0732,20.2317
SJU,DTW,8,0,0.0,3104.4169,250.0,9.5,-5.5
SJU,EWR,151,21,0.1391,2587.8187,212.6124,15.9308,8.0078
SJU,FLL,60,12,0.2,1683.3696,137.1042,24.2292,20.8125
SJU,IAD,34,3,0.0882,2528.2731,202.5806,29.0,28.4194
SJU,IAH,30,4,0.1333,3229.9454,256.3077,-1.3462,-2.0385
SJU,JFK,200,36,0.18,2570.116,200.6258,22.4207,9.184
SJU,MCO,64,10,0.1562,1913.5053,151.3519,15.6111,9.1852
SJU,MEM,6,0,0.0,2998.2004,229.3333,7.0,-1.6667
SJU,MIA,232,46,0.1983,1681.7603,133.1667,25.5753,23.1505
SJU,ORD,94,15,0.1596,3334.5525,268.0127,16.1519,11.7848
SJU,PHL,123,13,0.1057,2536.3198,204.3091,24.2818,19.7909
SJU,PIT,5,3,0.6,2798.6423,235.5,-4.0,1.5
SJU,STL,30,3,0.1,3257.3042,261.4444,-0.6667,-9.1852
SJU,STT,30,4,0.1333,109.4351,16.8462,26.6923,23.1154
SJU,TPA,31,4,0.129,1990.7536,155.9259,24.2963,18.9259
SLC,ABQ,60,9,0.15,793.4046,65.8235,1.098,-1.5294
SLC,ANC,79,10,0.1266,3419.8475,260.2464,4.1159,-11.0435
SLC,ATL,240,26,0.1083,2557.2413,185.4648,6.5514,1.3662
SLC,BIL,90,10,0.1111,622.8146,54.575,1.2875,-2.5375
SLC,BOI,146,25,0.1712,468.3179,44.0413,3.1983,-3.7025
SLC,BOS,81,17,0.2099,3387.6607,246.2812,6.9688,5.3906
SLC,BWI,30,3,0.1,2999.8098,220.5185,2.8519,-8.6296
SLC,BZN,60,7,0.1167,558.441,50.6415,0.6415,-6.0755
SLC,COS,20,4,0.2,659.8294,64.8125,11.625,12.25
SLC,CVG,157,21,0.1338,2331.9337,175.4706,7.125,7.2279
SLC,DEN,373,82,0.2198,629.2519,57.1828,2.7526,0.0966
SLC,DFW,240,34,0.1417,1590.0279,123.6029,10.1311,7.7255
SLC,DTW,16,11,0.6875,2383.4325,177.4,13.2,2.8
SLC,EWR,64,10,0.1562,3167.1811,231.8519,18.8148,13.2407
SLC,FCA,60,7,0.1167,856.1689,73.0377,2.6415,-3.3019
SLC,GEG,99,8,0.0808,878.6996,75.8132,4.6154,0.2418
SLC,GTF,60,7,0.1167,745.1244,63.7358,7.2453,2.9057
SLC,HLN,50,5,0.1,646.9547,57.7556,4.4222,2.8222
SLC,HNL,30,3,0.1,4818.364,359.2593,18.1111,-7.4444
SLC,IAD,90,10,0.1111,2940.2642,213.5949,5.7875,7.7722
SLC,IAH,120,15,0.125,1923.1613,153.7212,-0.3905,-4.3654
SLC,JFK,90,15,0.1667,3200.9773,239.2432,9.8,12.7162
SLC,LAS,386,44,0.114,592.2371,56.8947,3.4561,-2.0468
SLC,LAX,452,57,0.1261,949.5106,83.7832,5.481,-6.7474
SLC,MCI,119,14,0.1176,1478.9835,118.0,1.8476,-1.3905
SLC,MCO,60,7,0.1167,3104.4169,222.7736,8.4717,4.4906
SLC,MSO,80,11,0.1375,701.6722,61.6667,1.7971,-1.7391
SLC,MSP,110,13,0.1182,1594.8559,126.0515,8.2784,7.2165
SLC,OAK,120,13,0.1083,946.2919,88.9252,3.215,-1.7664
SLC,OKC,46,14,0.3043,1393.6884,106.7188,17.8438,13.3438
SLC,ONT,90,9,0.1,898.0117,77.1235,9.7037,2.679
SLC,ORD,213,44,0.2066,2010.0657,157.1775,11.7988,7.5266
SLC,PDX,240,26,0.1083,1013.8842,86.7243,4.0187,-5.0093
SLC,PHL,60,6,0.1,3099.5888,228.5849,13.5926,15.1321
SLC,PHX,482,69,0.1432,815.9354,73.9563,4.8111,-0.1214
SLC,PSC,80,9,0.1125,838.4661,72.7429,5.831,-0.7286
SLC,RNO,60,7,0.1167,679.1415,62.5283,2.3019,-3.8679
SLC,SAN,140,15,0.1071,1007.4468,86.9024,6.424,1.7236
SLC,SAT,90,9,0.1,1747.7432,134.7284,8.358,1.8025
SLC,SEA,246,28,0.1138,1108.8353,97.4541,6.3991,-1.8761
SLC,SFO,230,30,0.1304,963.9947,84.8995,5.035,-2.0151
SLC,SJC,86,18,0.2093,941.4639,85.9706,5.3088,-1.7647
SLC,SMF,80,11,0.1375,856.1689,73.4638,8.5507,2.6377
SLC,SNA,106,15,0.1415,946.2919,83.1319,2.7473,1.5275
SLC,STL,150,15,0.1,1860.397,148.5926,5.3259,2.4148
SLC,TUL,27,3,0.1111,1490.2488,113.375,1.6667,3.0417
SLC,TUS,16,12,0.75,967.2133,80.25,45.0,39.75
SMF,ATL,81,15,0.1852,3366.7393,236.9538,18.1061,15.8615
SMF,BUR,292,34,0.1164,576.1437,53.7636,2.2403,-0.2597
SMF,DEN,174,47,0.2701,1464.4994,116.64,2.8819,2.04
SMF,DFW,96,17,0.1771,2302.9655,176.2532,5.6582,6.5316
SMF,IAD,30,8,0.2667,3794.8237,274.7273,5.8636,10.3636
SMF,IAH,56,8,0.1429,2589.4281,209.0426,0.1875,7.9149
SMF,LAS,266,32,0.1203,638.908,59.0598,3.6838,-1.1667
SMF,LAX,410,78,0.1902,600.2838,60.3102,3.0813,-5.4789
SMF,MCI,30,5,0.1667,2320.6683,174.48,0.2,-9.36
SMF,MSP,81,12,0.1481,2442.9781,185.8551,4.3913,5.3623
SMF,ONT,370,44,0.1189,626.0333,58.589,1.9264,-1.908
SMF,ORD,104,31,0.2981,2866.2345,213.7808,2.1781,-0.726
SMF,PDX,146,18,0.1233,770.8739,68.8281,4.6328,-1.9766
SMF,PHX,322,38,0.118,1041.243,89.47,3.1514,-1.7067
SMF,SAN,352,42,0.1193,772.4832,69.1144,7.2613,2.8529
SMF,SEA,254,50,0.1969,973.6507,88.3088,7.0588,1.848
SMF,SLC,80,11,0.1375,856.1689,72.058,8.8551,5.913
SMF,SNA,134,19,0.1418,650.1734,68.2348,1.9739,-0.8261
SMF,STL,60,6,0.1,2702.0819,207.037,5.0556,2.7778
SNA,ATL,90,12,0.1333,3088.3235,221.2308,7.8846,1.0641
SNA,DEN,142,41,0.2887,1361.5016,108.7921,2.9604,1.2574
SNA,DFW,292,65,0.2226,1939.2547,149.4688,15.696,11.7545
SNA,DTW,30,3,0.1,3154.3064,240.4444,14.2593,17.5185
SNA,EWR,71,23,0.3239,3915.5242,283.5417,-3.5,-4.8542
SNA,HNL,30,3,0.1,4156.9252,326.0741,5.963,-0.7407
SNA,IAH,125,28,0.224,2167.781,167.2784,-2.1959,-4.9175
SNA,LAS,288,41,0.1424,363.7108,44.6032,5.5142,1.7449
SNA,MSP,69,15,0.2174,2449.4155,189.9259,0.7222,1.2222
SNA,OAK,355,62,0.1746,597.0651,63.7099,3.215,3.4744
SNA,OGG,30,3,0.1,4044.2714,316.7037,8.7037,-1.9259
SNA,ORD,279,73,0.2616,2777.7208,206.6019,9.5388,5.0777
SNA,PDX,78,28,0.359,1382.4231,124.7,4.34,7.0
SNA,PHX,327,47,0.1437,543.9569,54.5929,4.05,1.5929
SNA,PIT,60,11,0.1833,3403.7541,246.3265,-4.1429,-3.2041
SNA,SEA,215,56,0.2605,1573.9345,138.6709,3.9937,-0.3797
SNA,SFO,363,86,0.2369,598.6745,60.6703,7.8809,6.2754
SNA,SJC,413,82,0.1985,550.3943,55.9819,8.148,5.4804
SNA,SLC,106,15,0.1415,946.2919,84.5934,6.0549,0.0769
SNA,SMF,134,18,0.1343,650.1734,67.0431,4.4052,-0.2672
SNA,STL,60,6,0.1,2526.6638,187.2963,0.2037,1.7593
SPS,DFW,180,36,0.2,181.8554,28.6736,-2.1111,-6.8264
SRQ,ATL,170,24,0.1412,716.1563,69.0411,-0.0205,-8.2192
SRQ,CLT,89,13,0.1461,880.309,81.7632,-5.9737,-9.25
SRQ,EWR,26,9,0.3462,1664.0576,138.4118,-5.5882,-19.2941
STL,ABQ,154,25,0.1623,1503.1236,130.3023,9.2713,0.3488
STL,ANC,20,2,0.1,4725.0222,370.5,10.4444,1.6667
STL,ATL,410,75,0.1829,777.3112,68.8204,3.9284,-2.1078
STL,AUS,94,13,0.1383,1161.9435,99.1975,1.0617,-8.716
STL,BDL,117,12,0.1026,1540.1384,123.619,4.1238,-0.4571
STL,BHM,30,4,0.1333,659.8294,61.5385,5.8077,-11.1923
STL,BNA,176,17,0.0966,436.1311,44.1761,1.7547,-2.8113
STL,BOS,179,28,0.1564,1683.3696,135.9597,3.3709,-0.0403
STL,BWI,270,27,0.1,1186.0836,99.7479,5.0494,2.3926
STL,CID,202,25,0.1238,366.9295,39.1695,1.7966,-2.096
STL,CLE,235,25,0.1064,783.7486,68.6029,4.3667,-3.1148
STL,CLT,219,36,0.1644,925.3705,78.224,3.7158,-2.1038
STL,CMH,235,24,0.1021,659.8294,59.9668,4.6019,1.3175
STL,COS,64,10,0.1562,1245.6292,108.7037,3.6852,-5.1481
STL,DAY,120,11,0.0917,543.9569,49.4679,1.1284,-0.8349
STL,DCA,61,60,0.9836,1157.1155,,0.0,
STL,DEN,300,59,0.1967,1239.1918,110.527,2.5062,-4.527
STL,DFW,432,76,0.1759,886.7463,81.0365,3.4719,-3.2921
STL,DSM,172,21,0.1221,418.4284,43.9404,3.298,-0.7219
STL,DTW,498,71,0.1426,708.1096,68.4765,3.0867,-2.3756
STL,EWR,206,32,0.1553,1403.3445,119.0115,2.6264,-6.0977
STL,FLL,94,9,0.0957,1699.463,138.8118,4.3529,-1.4
STL,FSD,90,8,0.0889,757.9991,71.2683,7.3659,4.6707
STL,HNL,30,2,0.0667,6644.9649,505.3929,16.3571,9.9643
STL,HOU,250,39,0.156,1105.6166,100.3238,4.8436,-2.3095
STL,IAD,155,9,0.0581,1120.1006,92.8958,5.5137,-0.7778
STL,IAH,125,15,0.12,1075.0391,96.8381,3.0455,-1.2095
STL,ICT,175,23,0.1314,630.8613,59.5197,1.7697,-5.0987
STL,IND,318,34,0.1069,368.5389,38.8099,2.6937,-0.4155
STL,JAX,90,9,0.1,1211.833,98.284,5.4198,5.5679
STL,JFK,114,16,0.1404,1435.5313,126.0825,6.7449,8.6392
STL,LAS,150,15,0.1,2208.0145,181.9926,5.1556,-2.6296
STL,LAX,203,24,0.1182,2563.6786,207.1404,5.8436,-3.8764
STL,LGA,227,37,0.163,1427.4846,119.7513,1.1263,-1.1693
STL,LIT,283,35,0.1237,476.3646,46.3911,2.246,-3.1492
STL,LNK,59,5,0.0847,595.4558,58.0755,6.3148,1.3019
STL,MCI,542,66,0.1218,381.4136,42.7752,4.3529,-0.4769
STL,MCO,269,27,0.1004,1416.2192,113.4689,4.7438,-3.5394
STL,MDW,389,56,0.144,403.9443,43.3193,5.8048,-0.241
STL,MEM,56,7,0.125,411.991,47.6122,-0.8367,-2.8367
STL,MIA,121,14,0.1157,1718.7751,137.9528,4.3645,-2.9717
STL,MKE,180,17,0.0944,510.1608,50.0798,1.5583,-1.5951
STL,MLI,176,21,0.1193,300.9466,33.4968,1.8194,-1.2774
STL,MSP,373,50,0.134,722.5937,71.8349,2.5759,-1.053
STL,MSY,150,13,0.0867,972.0414,81.3796,5.9197,-0.0949
STL,OGG,30,2,0.0667,6541.9671,500.8571,14.6786,11.7857
STL,OKC,237,25,0.1055,743.5151,68.2972,5.1557,-1.1368
STL,OMA,228,26,0.114,550.3943,55.3119,4.5594,-1.1188
STL,ONT,34,7,0.2059,2489.649,202.8889,8.2222,-3.3333
STL,ORD,580,112,0.1931,415.2097,44.6966,4.641,-0.4081
STL,ORF,90,9,0.1,1261.7226,101.6667,11.4568,5.8148
STL,PDX,68,14,0.2059,2748.7527,229.1111,4.2778,-3.1296
STL,PHL,236,34,0.1441,1308.3934,109.8911,6.0545,4.6436
STL,PHX,426,60,0.1408,2030.9871,173.6099,4.9262,-5.3819
STL,PIT,262,49,0.187,889.965,75.6114,3.9343,0.0758
STL,RDU,116,10,0.0862,1073.4298,89.3962,1.7075,-2.8868
STL,RIC,60,6,0.1,1150.6781,92.2778,4.7963,5.5556
STL,RSW,60,5,0.0833,1575.5439,125.5636,5.7273,0.7273
STL,SAN,120,12,0.1,2507.3517,208.0093,3.4074,-3.5701
STL,SAT,146,16,0.1096,1264.9412,110.0,1.9154,-3.6538
STL,SDF,262,30,0.1145,408.7724,40.4698,3.1853,-1.1983
STL,SEA,180,16,0.0889,2751.9714,230.1159,6.3537,-2.939
STL,SFO,154,18,0.1169,2793.8142,227.0368,4.2574,-7.1985
STL,SGF,172,24,0.1395,313.8213,34.6689,1.1081,-5.5878
STL,SJC,63,10,0.1587,2761.6274,228.7736,3.9057,-3.0
STL,SJU,30,4,0.1333,3257.3042,242.8077,10.1923,3.1923
STL,SLC,150,15,0.1,1860.397,160.6667,8.5556,-3.2519
STL,SMF,60,6,0.1,2702.0819,222.4815,5.3333,-5.6111
STL,SNA,60,5,0.0833,2526.6638,206.2364,0.6,-10.3091
STL,TPA,180,18,0.1,1398.5165,113.3602,5.037,-0.2174
STL,TUL,288,37,0.1285,564.8783,54.1554,3.0637,-2.4104
STT,ATL,30,3,0.1,2573.3347,203.0741,-4.5185,-26.1852
STT,EWR,7,1,0.1429,2629.6616,224.8333,-0.1667,-1.8333
STT,JFK,16,6,0.375,2611.9588,214.2,3.7,-2.7
STT,MIA,30,4,0.1333,1781.5394,142.1154,27.6154,20.9231
STT,SJU,39,6,0.1538,109.4351,21.9091,13.5152,10.8182
STT,STX,30,4,0.1333,72.4203,13.2308,-3.7308,-2.1923
STX,MIA,30,4,0.1333,1833.0383,143.3846,13.0385,11.4615
STX,PHL,30,4,0.1333,2655.411,218.8846,-13.6923,-16.5
SWF,ORD,93,16,0.172,1149.0688,108.5584,5.961,-3.5844
SYR,ATL,58,14,0.2414,1276.2066,111.8182,0.0909,-11.5227
SYR,CLT,30,2,0.0667,970.432,97.9286,2.0357,-1.3214
SYR,CVG,20,3,0.15,848.1222,78.4706,3.2353,-8.7059
SYR,DCA,48,47,0.9792,479.5833,59.0,-5.0,-8.0
SYR,DTW,122,26,0.2131,601.8932,60.8404,-2.4688,-9.0106
SYR,JFK,81,25,0.3086,336.3521,61.6182,1.1786,-3.8727
SYR,MCO,18,9,0.5,1694.635,151.875,-2.7778,-1.375
SYR,ORD,180,31,0.1722,976.8694,90.9662,2.0268,-6.8311
SYR,PHL,108,42,0.3889,366.9295,47.3788,-0.2879,-1.5152
SYR,PIT,114,26,0.2281,449.0059,51.8977,-2.4886,-4.9659
SYR,ROC,20,4,0.2,127.1379,20.3125,4.0,0.0625
TLH,ATL,120,14,0.1167,358.8828,40.9434,3.9434,-2.6981
TOL,ORD,175,41,0.2343,344.3988,41.3806,-2.7836,-11.8806
TPA,ABQ,30,3,0.1,2409.182,200.4615,2.6296,-11.0385
TPA,ATL,338,47,0.1391,653.392,63.8041,3.433,-4.6289
TPA,AUS,30,4,0.1333,1493.4675,135.2692,2.6923,-5.6923
TPA,BDL,60,7,0.1167,1787.9767,144.5577,5.3208,-0.0385
TPA,BHM,60,7,0.1167,740.2964,67.0962,2.3019,-0.4615
TPA,BNA,116,14,0.1207,984.9161,87.2549,4.0686,-1.7353
TPA,BOS,137,52,0.3796,1907.0679,156.619,0.9412,-7.7738
TPA,BWI,246,42,0.1707,1355.0643,112.0,2.4951,-3.0833
TPA,CLE,56,12,0.2143,1491.8582,124.4545,-3.4318,-5.3864
TPA,CLT,222,41,0.1847,817.5447,73.8564,-0.6188,-3.8011
TPA,CMH,120,13,0.1083,1334.1429,111.8879,3.3645,-5.3738
TPA,CVG,140,31,0.2214,1244.0198,104.0,5.3486,-4.8991
TPA,DCA,48,47,0.9792,1310.0028,122.0,-6.0,12.0
TPA,DEN,60,14,0.2333,2423.666,195.9111,1.0435,-1.3333
TPA,DFW,251,53,0.2112,1495.0769,131.3858,11.2071,8.4822
TPA,DTW,132,25,0.1894,1581.9812,130.4673,4.1682,-1.1495
TPA,EWR,123,34,0.2764,1606.1213,130.3523,1.2022,-7.3409
TPA,FLL,336,41,0.122,317.04,38.1695,4.0576,-0.4746
TPA,HOU,4,0,0.0,1256.8945,119.5,7.5,14.5
TPA,IAD,123,40,0.3252,1303.5654,108.6049,2.3976,-3.7778
TPA,IAH,158,26,0.1646,1266.5506,115.0985,-1.3788,-0.8485
TPA,IND,30,3,0.1,1348.6269,114.8519,4.5185,-2.037
TPA,ISP,60,6,0.1,1664.0576,132.7037,7.8704,1.5741
TPA,JAX,82,11,0.1341,289.6812,32.9437,3.5352,0.1127
TPA,JFK,60,9,0.15,1617.3867,132.5714,5.3333,-4.0612
TPA,LAS,60,7,0.1167,3192.9306,260.8846,5.9245,-15.6538
TPA,LAX,60,6,0.1,3472.9557,274.8679,2.6667,-12.5849
TPA,LGA,205,74,0.361,1627.0427,134.6434,4.0,-8.2326
TPA,MCI,30,3,0.1,1686.5883,145.4074,9.2222,0.5185
TPA,MCO,30,5,0.1667,128.7472,22.72,-2.64,-7.2
TPA,MDW,90,12,0.1333,1604.512,131.2308,3.6026,-2.2051
TPA,MEM,81,13,0.1605,1055.727,94.1324,1.3382,0.0588
TPA,MHT,30,3,0.1,1937.6454,151.963,2.5556,-7.8148
TPA,MIA,252,63,0.25,328.3054,51.0952,1.0106,-4.2434
TPA,MSP,60,8,0.1333,2103.4074,171.0577,6.1923,-0.5769
TPA,MSY,180,22,0.1222,783.7486,79.1456,3.4747,-3.557
TPA,ORD,214,45,0.2103,1628.6521,137.8512,1.3905,-3.631
TPA,PBI,202,24,0.1188,280.0252,31.5787,1.882,-8.5562
TPA,PHL,208,35,0.1683,1480.5928,128.9306,2.3699,0.2197
TPA,PHX,80,10,0.125,2877.4999,244.5797,3.8,-3.3913
TPA,PIT,143,24,0.1678,1404.9538,116.5593,2.7563,-1.8644
TPA,PVD,60,7,0.1167,1829.8196,144.4717,0.6981,-5.9811
TPA,RDU,60,6,0.1,944.6826,82.2963,3.5926,-1.3333
TPA,SAT,34,3,0.0882,1564.2785,143.871,3.129,-2.3548
TPA,SDF,30,3,0.1,1169.9902,103.4444,0.7407,-3.1852
TPA,SJU,31,5,0.1613,1990.7536,150.3462,7.5,6.2692
TPA,STL,180,18,0.1,1398.5165,120.1739,4.3333,-0.8385
TRI,CLT,8,7,0.875,193.1208,41.0,-8.0,7.0
TUL,ATL,118,18,0.1525,1084.6952,87.84,-1.52,-13.57
TUL,DAL,246,35,0.1423,381.4136,41.5952,3.4929,-0.5429
TUL,DEN,83,28,0.3373,870.6529,78.1636,-3.2,-6.9818
TUL,DFW,438,129,0.2945,381.4136,51.6396,8.7217,5.3799
TUL,HOU,138,17,0.1232,729.031,71.7273,2.562,-0.1901
TUL,IAH,116,24,0.2069,690.4069,71.3736,-0.0978,-3.3187
TUL,LAS,30,3,0.1,1731.6498,144.3846,-0.1852,-26.4231
TUL,LAX,30,3,0.1,2064.7832,169.1154,2.4815,-11.7308
TUL,MCI,120,14,0.1167,358.8828,39.4381,4.7264,1.4
TUL,OKC,28,8,0.2857,178.6367,23.55,2.6,-0.7
TUL,ORD,122,28,0.2295,941.4639,83.4574,11.4787,3.8936
TUL,PHX,86,11,0.1279,1504.7329,132.5467,4.76,-11.2
TUL,SLC,28,6,0.2143,1490.2488,126.5909,12.1818,-0.0455
TUL,STL,288,33,0.1146,564.8783,55.5968,2.3922,-1.4466
TUS,ABQ,60,7,0.1167,516.5981,45.5472,4.1698,-0.6792
TUS,CVG,43,19,0.4419,2491.2583,185.8333,23.5417,19.8333
TUS,DEN,90,24,0.2667,1028.3683,87.5909,1.4242,-2.4091
TUS,DFW,235,55,0.234,1308.3934,106.309,7.75,5.3371
TUS,IAH,60,11,0.1833,1506.3422,123.9796,0.102,-0.4898
TUS,LAS,124,13,0.1048,587.4091,56.4955,3.7928,-1.9009
TUS,LAX,262,43,0.1641,725.8123,68.3151,5.9863,-3.1553
TUS,MSP,30,5,0.1667,2088.9233,161.04,2.08,-0.84
TUS,ORD,90,20,0.2222,2312.6216,176.3286,7.6857,2.9714
TUS,PHX,415,60,0.1446,177.0274,26.9831,3.3268,1.7493
TUS,SAN,90,11,0.1222,590.6278,58.4675,4.0253,1.9481
TUS,SEA,42,14,0.3333,1956.9574,164.0,0.4643,-5.2857
TUS,SJC,60,10,0.1667,1160.3341,103.08,-1.6,-7.32
TUS,SLC,30,4,0.1333,967.2133,82.8077,-2.7692,-4.5769
TVC,DTW,90,10,0.1111,333.1334,39.975,-3.1,-4.6875
TVC,ORD,136,20,0.1471,360.4922,43.2696,1.0603,-0.9565
TXK,DFW,146,36,0.2466,291.2905,45.6,-3.9091,-7.5636
TYR,DFW,270,48,0.1778,165.762,28.7104,-3.536,-6.1041
TYS,ATL,190,27,0.1421,244.6197,31.3681,0.3313,-7.7975
TYS,CLT,71,30,0.4225,284.8532,35.7805,-1.3171,-2.2683
TYS,DFW,90,10,0.1111,1242.4105,113.2692,2.1375,-3.6154
TYS,DTW,28,4,0.1429,712.9376,72.5833,-5.4167,-9.375
TYS,MEM,1,0,0.0,550.3943,53.0,-5.0,-13.0
TYS,ORD,60,13,0.2167,764.4365,71.9149,0.4681,-6.6596
VPS,ATL,90,11,0.1222,424.8658,41.6582,4.8861,3.519
VPS,MEM,112,14,0.125,593.8465,64.7449,-5.1837,-9.8571
WRG,KTN,30,4,0.1333,131.9659,21.0769,28.3462,30.6154
WRG,PSG,30,5,0.1667,49.8895,14.64,5.2,10.8
XNA,DFW,309,63,0.2039,452.2245,47.7265,7.9593,2.9592
XNA,LGA,44,7,0.1591,1845.913,151.4595,-2.1892,-18.8919
XNA,ORD,138,22,0.1594,840.0755,77.8087,3.7931,-1.3391
YAK,CDV,30,3,0.1,342.7894,35.0385,-1.1481,-4.8846
YAK,JNU,30,3,0.1,320.2587,35.5556,9.7407,11.5556
